"id_cliente","nome_cliente","cnpj_cliente","data_criacao_cliente","data_modificacao_cliente"
1,Empresa Alpha,"12.345.678/0001-90",2026-07-30 17:07:33.409,
2,Empresa Beta,"98.765.432/0001-10",2026-07-30 17:07:33.409,
3,Empresa Gama,"45.678.901/0001-20",2026-07-30 17:07:33.409,
4,Empresa Delta,"67.890.123/0001-30",2026-07-30 17:07:33.409,
5,TechSolutions Ltda,"12.345.678/0001-89",2026-07-30 17:07:33.409,
6,Inovação & Logística S.A.,"98.865.432/0001-10",2026-07-30 17:07:33.409,
7,Vanguard Varejo Brasil,"45.121.789/0001-55",2026-07-30 17:07:33.409,
8,Alimentos Horizonte Ltda,"33.388.999/0001-22",2026-07-30 17:07:33.409,
9,Nexus Consultoria Empresarial,"97.444.111/0001-88",2026-07-30 17:07:33.409,
10,Alfa Soluções Industriais S.A.,"11.222.333/0001-01",2026-07-30 17:07:33.409,
11,Global Transportes & Logística,"22.333.444/0001-12",2026-07-30 17:07:33.409,
12,Verde Vida Produtos Naturais,"33.444.555/0001-23",2026-07-30 17:07:33.409,
13,Apex Tecnologia e Inovação,"44.555.666/0001-34",2026-07-30 17:07:33.409,
14,Sinergia Consultoria Financeira,"55.666.777/0001-45",2026-07-30 17:07:33.409,
15,Mega Atacado & Varejo Ltda,"66.777.888/0001-56",2026-07-30 17:07:33.409,
16,Prisma Comunicação e Marketing,"77.888.999/0001-67",2026-07-30 17:07:33.409,
17,Horizonte Saúde & Bem-Estar,"88.999.000/0001-78",2026-07-30 17:07:33.409,
18,Titan Construções e Projetos,"99.000.111/0001-89",2026-07-30 17:07:33.409,
19,Vanguarda Energia Renovável,"10.111.222/0001-90",2026-07-30 17:07:33.409,
20,Atlas Logística e Distribuição Ltda,"15.234.567/0001-01",2026-07-30 17:07:33.409,
21,Biolab Diagnósticos Médicos S.A.,"26.345.678/0001-12",2026-07-30 17:07:33.409,
22,Conecta Telecomunicações Ltda,"37.456.789/0001-23",2026-07-30 17:07:33.409,
23,Delta Engenharia e Infraestrutura,"48.567.890/0001-34",2026-07-30 17:07:33.409,
24,EcoServ Viabilidade Ambiental S.A.,"59.678.901/0001-45",2026-07-30 17:07:33.409,
25,Forte Alimentos S.A.,"60.789.012/0001-56",2026-07-30 17:07:33.409,
26,Gráfica e Editora Expressa Ltda,"71.890.123/0001-67",2026-07-30 17:07:33.409,
27,Hyperion Corretora de Seguros,"82.901.234/0001-78",2026-07-30 17:07:33.409,
28,InovaTech Soluções em Nuvem Ltda,"93.012.345/0001-89",2026-07-30 17:07:33.409,
29,Jardim & Cia Paisagismo Ltda,"14.123.456/0001-90",2026-07-30 17:07:33.409,
30,Kroma Sistemas Eletrônicos,"25.234.567/0001-02",2026-07-30 17:07:33.409,
31,Lumina Iluminação Inteligente S.A.,"36.345.678/0001-13",2026-07-30 17:07:33.409,
32,Metrópole Empreendimentos Imobiliários,"47.456.789/0001-24",2026-07-30 17:07:33.409,
33,Nova Era Cosméticos Ltda,"58.567.890/0001-35",2026-07-30 17:07:33.409,
34,Omni Segurança Patrimonial Ltda,"69.678.901/0001-46",2026-07-30 17:07:33.409,
35,Pinnacle Capital Gestão de Ativos,"70.789.012/0001-57",2026-07-30 17:07:33.409,
36,Quantum Processamento de Dados Ltda,"81.890.123/0001-68",2026-07-30 17:07:33.409,
37,Rede Sul Comercial de Alimentos,"92.901.234/0001-79",2026-07-30 17:07:33.409,
38,Solaris Energia Fotovoltaica S.A.,"13.012.345/0001-80",2026-07-30 17:07:33.409,
39,Terra Viva Agronegócios Ltda,"24.123.456/0001-91",2026-07-30 17:07:33.409,
40,União Farma Distribuidora S.A.,"35.234.567/0001-03",2026-07-30 17:07:33.409,
41,Veloce Transportes Rápidos Ltda,"46.345.678/0001-14",2026-07-30 17:07:33.409,
42,Wave Mídia e Entretenimento,"57.456.789/0001-25",2026-07-30 17:07:33.409,
43,Xtreme Equipamentos Industriais Ltda,"68.567.890/0001-36",2026-07-30 17:07:33.409,
44,Ypsilon Assessoria Jurídica e Fiscal,"79.678.901/0001-47",2026-07-30 17:07:33.409,
45,Zênite Soluções Ambientais S.A.,"80.789.012/0001-58",2026-07-30 17:07:33.409,
46,Aura Moda e Vestuário Ltda,"91.890.123/0001-69",2026-07-30 17:07:33.409,
47,BlueSky Linhas Aéreas e Cargas,"12.901.234/0001-70",2026-07-30 17:07:33.409,
48,Cortex Inteligência de Mercado Ltda,"23.012.345/0001-81",2026-07-30 17:07:33.409,
49,DynaTech Motores e Peças S.A.,"34.123.456/0001-92",2026-07-30 17:07:33.409,
50,Nova Horizonte Tecnologia,"10.254.781/0001-01",2026-07-31 10:05:45.051,
51,Comercial Vale Verde,"11.348.925/0001-02",2026-07-31 10:05:45.051,
52,Indústria Sol Nascente,"12.467.813/0001-03",2026-07-31 10:05:45.051,
53,Grupo Águia Azul,"13.592.174/0001-04",2026-07-31 10:05:45.051,
54,Logística Prime Express,"14.628.495/0001-05",2026-07-31 10:05:45.051,
55,Distribuidora Central,"15.739.281/0001-06",2026-07-31 10:05:45.051,
56,Construtora Horizonte,"16.815.374/0001-07",2026-07-31 10:05:45.051,
57,Mercantil Oliveira,"17.924.561/0001-08",2026-07-31 10:05:45.051,
58,Tech Solutions Brasil,"18.037.825/0001-09",2026-07-31 10:05:45.051,
59,Auto Peças Nacional,"19.148.936/0001-10",2026-07-31 10:05:45.051,
60,Farmácia Vida,"20.259.147/0001-11",2026-07-31 10:05:45.051,
61,Rede Econômica,"21.361.258/0001-12",2026-07-31 10:05:45.051,
62,Metalúrgica Forte,"22.472.369/0001-13",2026-07-31 10:05:45.051,
63,Papelaria Ideal,"23.583.470/0001-14",2026-07-31 10:05:45.051,
64,Supermercado União,"24.694.581/0001-15",2026-07-31 10:05:45.051,
65,Atacadão Nordeste,"25.705.692/0001-16",2026-07-31 10:05:45.051,
66,EletroMix,"26.816.703/0001-17",2026-07-31 10:05:45.051,
67,Casa das Ferramentas,"27.927.814/0001-18",2026-07-31 10:05:45.051,
68,Alpha Comércio,"28.038.925/0001-19",2026-07-31 10:05:45.051,
69,Beta Serviços,"29.149.036/0001-20",2026-07-31 10:05:45.051,
70,Gamma Engenharia,"30.250.147/0001-21",2026-07-31 10:05:45.051,
71,Delta Construções,"31.361.258/0001-22",2026-07-31 10:05:45.051,
72,Ômega Sistemas,"32.472.369/0001-23",2026-07-31 10:05:45.051,
73,Sigma Consultoria,"33.583.470/0001-24",2026-07-31 10:05:45.051,
74,Atlas Transportes,"34.694.581/0001-25",2026-07-31 10:05:45.051,
75,Vision Informática,"35.705.692/0001-26",2026-07-31 10:05:45.051,
76,Brasil Agro,"36.816.703/0001-27",2026-07-31 10:05:45.051,
77,Agro Forte,"37.927.814/0001-28",2026-07-31 10:05:45.051,
78,Litoral Comércio,"38.038.925/0001-29",2026-07-31 10:05:45.051,
79,Porto Log,"39.149.036/0001-30",2026-07-31 10:05:45.051,
80,Eco Energia,"40.250.147/0001-31",2026-07-31 10:05:45.051,
81,Max Equipamentos,"41.361.258/0001-32",2026-07-31 10:05:45.051,
82,Digital Office,"42.472.369/0001-33",2026-07-31 10:05:45.051,
83,Master Solutions,"43.583.470/0001-34",2026-07-31 10:05:45.051,
84,Infinity Telecom,"44.694.581/0001-35",2026-07-31 10:05:45.051,
85,Global Import,"45.705.692/0001-36",2026-07-31 10:05:45.051,
86,Nacional Export,"46.816.703/0001-37",2026-07-31 10:05:45.051,
87,Smart Tecnologia,"47.927.814/0001-38",2026-07-31 10:05:45.051,
88,Ideal Distribuição,"48.038.925/0001-39",2026-07-31 10:05:45.051,
89,Premium Serviços,"49.149.036/0001-40",2026-07-31 10:05:45.051,
90,Pioneira Engenharia,"50.250.147/0001-41",2026-07-31 10:05:45.051,
91,Capital Financeira,"51.361.258/0001-42",2026-07-31 10:05:45.051,
92,Solar Energia,"52.472.369/0001-43",2026-07-31 10:05:45.051,
93,Mares do Sul,"53.583.470/0001-44",2026-07-31 10:05:45.051,
94,Verde Campo,"54.694.581/0001-45",2026-07-31 10:05:45.051,
95,Nobre Móveis,"55.705.692/0001-46",2026-07-31 10:05:45.051,
96,Top Construções,"56.816.703/0001-47",2026-07-31 10:05:45.051,
97,Prime Engenharia,"57.927.814/0001-48",2026-07-31 10:05:45.051,
98,Infinity Foods,"58.038.925/0001-49",2026-07-31 10:05:45.051,
99,Central Bebidas,"59.149.036/0001-50",2026-07-31 10:05:45.051,
100,Ápice Tecnologia,"60.250.147/0001-51",2026-07-31 10:05:45.051,
101,Fênix Soluções,"61.361.258/0001-52",2026-07-31 10:05:45.051,
102,Lince Comércio,"62.472.369/0001-53",2026-07-31 10:05:45.051,
103,Orion Sistemas,"63.583.470/0001-54",2026-07-31 10:05:45.051,
104,Titan Indústria,"64.694.581/0001-55",2026-07-31 10:05:45.051,
105,Delta Logística,"65.705.692/0001-56",2026-07-31 10:05:45.051,
106,Nova Era Informática,"66.816.703/0001-57",2026-07-31 10:05:45.051,
107,Master Agro,"67.927.814/0001-58",2026-07-31 10:05:45.051,
108,Conecta Telecom,"68.038.925/0001-59",2026-07-31 10:05:45.051,
109,Mundo Digital,"69.149.036/0001-60",2026-07-31 10:05:45.051,
110,Blue Ocean,"70.250.147/0001-61",2026-07-31 10:05:45.051,
111,Costa Norte,"71.361.258/0001-62",2026-07-31 10:05:45.051,
112,Vale Industrial,"72.472.369/0001-63",2026-07-31 10:05:45.051,
113,Horizonte Verde,"73.583.470/0001-64",2026-07-31 10:05:45.051,
114,Líder Atacado,"74.694.581/0001-65",2026-07-31 10:05:45.051,
115,Mega Center,"75.705.692/0001-66",2026-07-31 10:05:45.051,
116,Central Tech,"76.816.703/0001-67",2026-07-31 10:05:45.051,
117,Polo Comercial,"77.927.814/0001-68",2026-07-31 10:05:45.051,
118,Rio Branco Serviços,"78.038.925/0001-69",2026-07-31 10:05:45.051,
119,Aurora Indústria,"79.149.036/0001-70",2026-07-31 10:05:45.051,
120,Excelência Engenharia,"80.250.147/0001-71",2026-07-31 10:05:45.051,
121,Integra Sistemas,"81.361.258/0001-72",2026-07-31 10:05:45.051,
122,Mercado Popular,"82.472.369/0001-73",2026-07-31 10:05:45.051,
123,Brasil Construções,"83.583.470/0001-74",2026-07-31 10:05:45.051,
124,Elite Consultoria,"84.694.581/0001-75",2026-07-31 10:05:45.051,
125,Smart Office,"85.705.692/0001-76",2026-07-31 10:05:45.051,
126,Norte Sul Comércio,"86.816.703/0001-77",2026-07-31 10:05:45.051,
127,Master Equipamentos,"87.927.814/0001-78",2026-07-31 10:05:45.051,
128,Ponto Certo,"88.038.925/0001-79",2026-07-31 10:05:45.051,
129,Inova Digital,"89.149.036/0001-80",2026-07-31 10:05:45.051,
130,Nova Geração,"90.250.147/0001-81",2026-07-31 10:05:45.051,
131,Global Serviços,"91.361.258/0001-82",2026-07-31 10:05:45.051,
132,Total Engenharia,"92.472.369/0001-83",2026-07-31 10:05:45.051,
133,Infinity Group,"93.583.470/0001-84",2026-07-31 10:05:45.051,
134,Prime Comércio,"94.694.581/0001-85",2026-07-31 10:05:45.051,
135,Alpha Digital,"95.705.692/0001-86",2026-07-31 10:05:45.051,
136,Beta Industrial,"96.816.703/0001-87",2026-07-31 10:05:45.051,
137,Gamma Express,"97.927.814/0001-88",2026-07-31 10:05:45.051,
138,Delta Center,"98.038.925/0001-89",2026-07-31 10:05:45.051,
139,Omega Tecnologia,"99.149.036/0001-90",2026-07-31 10:05:45.051,
140,Brasil Connect,"10.260.147/0001-91",2026-07-31 10:05:45.051,
141,Nova Capital,"11.371.258/0001-92",2026-07-31 10:05:45.051,
142,Integra Brasil,"12.482.369/0001-93",2026-07-31 10:05:45.051,
143,Vision Tech,"13.593.470/0001-94",2026-07-31 10:05:45.051,
144,Avante Soluções,"14.604.581/0001-95",2026-07-31 10:05:45.051,
145,Rota Certa Logística,"15.715.692/0001-96",2026-07-31 10:05:45.051,
146,Futuro Engenharia,"16.826.703/0001-97",2026-07-31 10:05:45.051,
147,Grupo Impacto,"17.937.814/0001-98",2026-07-31 10:05:45.051,
148,Comercial Vitória,"18.048.925/0001-99",2026-07-31 10:05:45.051,
149,Rede Evolução,"19.159.036/0001-00",2026-07-31 10:05:45.051,
150,Apex Tecnologia,"20.170.101/0001-01",2026-07-31 10:07:02.778,
151,Horizonte Comercial,"20.170.102/0001-02",2026-07-31 10:07:02.778,
152,Nova Visão Engenharia,"20.170.103/0001-03",2026-07-31 10:07:02.778,
153,Império Logística,"20.170.104/0001-04",2026-07-31 10:07:02.778,
154,Integra Sistemas,"20.170.105/0001-05",2026-07-31 10:07:02.778,
155,Fortaleza Indústria,"20.170.106/0001-06",2026-07-31 10:07:02.778,
156,Diamante Consultoria,"20.170.107/0001-07",2026-07-31 10:07:02.778,
157,Líder Soluções,"20.170.108/0001-08",2026-07-31 10:07:02.778,
158,Pioneira Comércio,"20.170.109/0001-09",2026-07-31 10:07:02.778,
159,Vision Empresarial,"20.170.110/0001-10",2026-07-31 10:07:02.778,
160,Excel Transportes,"20.170.111/0001-11",2026-07-31 10:07:02.778,
161,Master Tecnologia,"20.170.112/0001-12",2026-07-31 10:07:02.778,
162,Sigma Serviços,"20.170.113/0001-13",2026-07-31 10:07:02.778,
163,Solar Construções,"20.170.114/0001-14",2026-07-31 10:07:02.778,
164,Nova Aliança,"20.170.115/0001-15",2026-07-31 10:07:02.778,
165,Mercantil Brasil,"20.170.116/0001-16",2026-07-31 10:07:02.778,
166,Elite Informática,"20.170.117/0001-17",2026-07-31 10:07:02.778,
167,Global Comércio,"20.170.118/0001-18",2026-07-31 10:07:02.778,
168,Infinity Engenharia,"20.170.119/0001-19",2026-07-31 10:07:02.778,
169,Prime Atacadista,"20.170.120/0001-20",2026-07-31 10:07:02.778,
170,Connect Telecom,"20.170.121/0001-21",2026-07-31 10:07:02.778,
171,Ideal Distribuidora,"20.170.122/0001-22",2026-07-31 10:07:02.778,
172,Aurora Serviços,"20.170.123/0001-23",2026-07-31 10:07:02.778,
173,Nacional Equipamentos,"20.170.124/0001-24",2026-07-31 10:07:02.778,
174,Ponto Digital,"20.170.125/0001-25",2026-07-31 10:07:02.778,
175,Evolução Tech,"20.170.126/0001-26",2026-07-31 10:07:02.778,
176,Capital Engenharia,"20.170.127/0001-27",2026-07-31 10:07:02.778,
177,Foco Empresarial,"20.170.128/0001-28",2026-07-31 10:07:02.778,
178,Brasil Forte,"20.170.129/0001-29",2026-07-31 10:07:02.778,
179,Top Center,"20.170.130/0001-30",2026-07-31 10:07:02.778,
180,Inova Solutions,"20.170.131/0001-31",2026-07-31 10:07:02.778,
181,Master Office,"20.170.132/0001-32",2026-07-31 10:07:02.778,
182,Polo Industrial,"20.170.133/0001-33",2026-07-31 10:07:02.778,
183,Conecta Brasil,"20.170.134/0001-34",2026-07-31 10:07:02.778,
184,Grupo Horizonte,"20.170.135/0001-35",2026-07-31 10:07:02.778,
185,Vale Azul,"20.170.136/0001-36",2026-07-31 10:07:02.778,
186,Max Comércio,"20.170.137/0001-37",2026-07-31 10:07:02.778,
187,Vision Center,"20.170.138/0001-38",2026-07-31 10:07:02.778,
188,Nova Gênesis,"20.170.139/0001-39",2026-07-31 10:07:02.778,
189,Alpha Prime,"20.170.140/0001-40",2026-07-31 10:07:02.778,
190,Beta Prime,"20.170.141/0001-41",2026-07-31 10:07:02.778,
191,Gamma Solutions,"20.170.142/0001-42",2026-07-31 10:07:02.778,
192,Delta Serviços,"20.170.143/0001-43",2026-07-31 10:07:02.778,
193,Omega Industrial,"20.170.144/0001-44",2026-07-31 10:07:02.778,
194,Titan Group,"20.170.145/0001-45",2026-07-31 10:07:02.778,
195,Avante Brasil,"20.170.146/0001-46",2026-07-31 10:07:02.778,
196,Mundo Empresarial,"20.170.147/0001-47",2026-07-31 10:07:02.778,
197,Progresso Tecnologia,"20.170.148/0001-48",2026-07-31 10:07:02.778,
198,Smart Business,"20.170.149/0001-49",2026-07-31 10:07:02.778,
199,Digital World,"20.170.150/0001-50",2026-07-31 10:07:02.778,
200,Center Logistics,"20.170.151/0001-51",2026-07-31 10:07:02.778,
201,Mega Construções,"20.170.152/0001-52",2026-07-31 10:07:02.778,
202,Master Express,"20.170.153/0001-53",2026-07-31 10:07:02.778,
203,Fort Indústria,"20.170.154/0001-54",2026-07-31 10:07:02.778,
204,Nova Capital,"20.170.155/0001-55",2026-07-31 10:07:02.778,
205,Ideal Business,"20.170.156/0001-56",2026-07-31 10:07:02.778,
206,Mercado Central,"20.170.157/0001-57",2026-07-31 10:07:02.778,
207,União Comercial,"20.170.158/0001-58",2026-07-31 10:07:02.778,
208,Atlas Engenharia,"20.170.159/0001-59",2026-07-31 10:07:02.778,
209,Brasil Digital,"20.170.160/0001-60",2026-07-31 10:07:02.778,
210,Tech Vision,"20.170.161/0001-61",2026-07-31 10:07:02.778,
211,Global Tech,"20.170.162/0001-62",2026-07-31 10:07:02.778,
212,Infinity Business,"20.170.163/0001-63",2026-07-31 10:07:02.778,
213,Top Soluções,"20.170.164/0001-64",2026-07-31 10:07:02.778,
214,Central Office,"20.170.165/0001-65",2026-07-31 10:07:02.778,
215,Rota Brasil,"20.170.166/0001-66",2026-07-31 10:07:02.778,
216,Blue Sky,"20.170.167/0001-67",2026-07-31 10:07:02.778,
217,Green Valley,"20.170.168/0001-68",2026-07-31 10:07:02.778,
218,Black Stone,"20.170.169/0001-69",2026-07-31 10:07:02.778,
219,Golden Company,"20.170.170/0001-70",2026-07-31 10:07:02.778,
220,Silver Comércio,"20.170.171/0001-71",2026-07-31 10:07:02.778,
221,Crystal Tecnologia,"20.170.172/0001-72",2026-07-31 10:07:02.778,
222,Vision Plus,"20.170.173/0001-73",2026-07-31 10:07:02.778,
223,Mega Forte,"20.170.174/0001-74",2026-07-31 10:07:02.778,
224,Integra Group,"20.170.175/0001-75",2026-07-31 10:07:02.778,
225,Master Link,"20.170.176/0001-76",2026-07-31 10:07:02.778,
226,Open Solutions,"20.170.177/0001-77",2026-07-31 10:07:02.778,
227,Future Tech,"20.170.178/0001-78",2026-07-31 10:07:02.778,
228,Infinity Log,"20.170.179/0001-79",2026-07-31 10:07:02.778,
229,Prime Industrial,"20.170.180/0001-80",2026-07-31 10:07:02.778,
230,Alpha Business,"20.170.181/0001-81",2026-07-31 10:07:02.778,
231,Brasil Connect,"20.170.182/0001-82",2026-07-31 10:07:02.778,
232,Fênix Comercial,"20.170.183/0001-83",2026-07-31 10:07:02.778,
233,Aurora Digital,"20.170.184/0001-84",2026-07-31 10:07:02.778,
234,Matrix Sistemas,"20.170.185/0001-85",2026-07-31 10:07:02.778,
235,Impacto Engenharia,"20.170.186/0001-86",2026-07-31 10:07:02.778,
236,Nexus Tecnologia,"20.170.187/0001-87",2026-07-31 10:07:02.778,
237,Orion Soluções,"20.170.188/0001-88",2026-07-31 10:07:02.778,
238,Quantum Business,"20.170.189/0001-89",2026-07-31 10:07:02.778,
239,Phoenix Group,"20.170.190/0001-90",2026-07-31 10:07:02.778,
240,Lótus Serviços,"20.170.191/0001-91",2026-07-31 10:07:02.778,
241,Estrela do Sul,"20.170.192/0001-92",2026-07-31 10:07:02.778,
242,Costa Verde,"20.170.193/0001-93",2026-07-31 10:07:02.778,
243,Integra Prime,"20.170.194/0001-94",2026-07-31 10:07:02.778,
244,Top Master,"20.170.195/0001-95",2026-07-31 10:07:02.778,
245,Portal Empresarial,"20.170.196/0001-96",2026-07-31 10:07:02.778,
246,Nova Era Comércio,"20.170.197/0001-97",2026-07-31 10:07:02.778,
247,Brasil Excellence,"20.170.198/0001-98",2026-07-31 10:07:02.778,
248,Suprema Tecnologia,"20.170.199/0001-99",2026-07-31 10:07:02.778,
249,Evolução Corporativa,"20.170.200/0001-00",2026-07-31 10:07:02.778,
250,Orbital Tecnologia,"30.001.001/0001-01",2026-07-31 10:08:01.369,
251,Vale Dourado Comércio,"30.001.002/0001-02",2026-07-31 10:08:01.369,
252,Nova Perspectiva Ltda,"30.001.003/0001-03",2026-07-31 10:08:01.369,
253,Integra Mais,"30.001.004/0001-04",2026-07-31 10:08:01.369,
254,Aliança Empresarial,"30.001.005/0001-05",2026-07-31 10:08:01.369,
255,Fortex Indústria,"30.001.006/0001-06",2026-07-31 10:08:01.369,
256,Evoluir Soluções,"30.001.007/0001-07",2026-07-31 10:08:01.369,
257,Vision Corp,"30.001.008/0001-08",2026-07-31 10:08:01.369,
258,Central Business,"30.001.009/0001-09",2026-07-31 10:08:01.369,
259,Inova Brasil,"30.001.010/0001-10",2026-07-31 10:08:01.369,
260,Top Vision,"30.001.011/0001-11",2026-07-31 10:08:01.369,
261,Master Line,"30.001.012/0001-12",2026-07-31 10:08:01.369,
262,Grupo Solaris,"30.001.013/0001-13",2026-07-31 10:08:01.369,
263,Aurora Tech,"30.001.014/0001-14",2026-07-31 10:08:01.369,
264,Nexus Brasil,"30.001.015/0001-15",2026-07-31 10:08:01.369,
265,Brasil Forte Ltda,"30.001.016/0001-16",2026-07-31 10:08:01.369,
266,Atlântica Serviços,"30.001.017/0001-17",2026-07-31 10:08:01.369,
267,Mega Center,"30.001.018/0001-18",2026-07-31 10:08:01.369,
268,Suprema Engenharia,"30.001.019/0001-19",2026-07-31 10:08:01.369,
269,Infinity Solutions,"30.001.020/0001-20",2026-07-31 10:08:01.369,
270,Quantum Sistemas,"30.001.021/0001-21",2026-07-31 10:08:01.369,
271,Prime Solutions,"30.001.022/0001-22",2026-07-31 10:08:01.369,
272,Grupo Horizonte Sul,"30.001.023/0001-23",2026-07-31 10:08:01.369,
273,Conecta Empresas,"30.001.024/0001-24",2026-07-31 10:08:01.369,
274,Litoral Express,"30.001.025/0001-25",2026-07-31 10:08:01.369,
275,Capital Serviços,"30.001.026/0001-26",2026-07-31 10:08:01.369,
276,Nordeste Comercial,"30.001.027/0001-27",2026-07-31 10:08:01.369,
277,Império Tech,"30.001.028/0001-28",2026-07-31 10:08:01.369,
278,Ideal Partners,"30.001.029/0001-29",2026-07-31 10:08:01.369,
279,Mundo Corporativo,"30.001.030/0001-30",2026-07-31 10:08:01.369,
280,Central Alpha,"30.001.031/0001-31",2026-07-31 10:08:01.369,
281,Beta Prime,"30.001.032/0001-32",2026-07-31 10:08:01.369,
282,Gamma Comercial,"30.001.033/0001-33",2026-07-31 10:08:01.369,
283,Delta Tecnologia,"30.001.034/0001-34",2026-07-31 10:08:01.369,
284,Ômega Distribuição,"30.001.035/0001-35",2026-07-31 10:08:01.369,
285,Master Brasil,"30.001.036/0001-36",2026-07-31 10:08:01.369,
286,Lince Sistemas,"30.001.037/0001-37",2026-07-31 10:08:01.369,
287,Titan Engenharia,"30.001.038/0001-38",2026-07-31 10:08:01.369,
288,Cristal Soluções,"30.001.039/0001-39",2026-07-31 10:08:01.369,
289,Avante Corp,"30.001.040/0001-40",2026-07-31 10:08:01.369,
290,Top Indústria,"30.001.041/0001-41",2026-07-31 10:08:01.369,
291,Mercantil União,"30.001.042/0001-42",2026-07-31 10:08:01.369,
292,Blue Star,"30.001.043/0001-43",2026-07-31 10:08:01.369,
293,Green Solutions,"30.001.044/0001-44",2026-07-31 10:08:01.369,
294,Black River,"30.001.045/0001-45",2026-07-31 10:08:01.369,
295,Silver Tech,"30.001.046/0001-46",2026-07-31 10:08:01.369,
296,Golden Business,"30.001.047/0001-47",2026-07-31 10:08:01.369,
297,Master Point,"30.001.048/0001-48",2026-07-31 10:08:01.369,
298,Inova Center,"30.001.049/0001-49",2026-07-31 10:08:01.369,
299,Nova Conquista,"30.001.050/0001-50",2026-07-31 10:08:01.369,
300,Phoenix Serviços,"30.001.051/0001-51",2026-07-31 10:08:01.369,
301,Solar Prime,"30.001.052/0001-52",2026-07-31 10:08:01.369,
302,Vértice Engenharia,"30.001.053/0001-53",2026-07-31 10:08:01.369,
303,Norte Sul Ltda,"30.001.054/0001-54",2026-07-31 10:08:01.369,
304,Open Business,"30.001.055/0001-55",2026-07-31 10:08:01.369,
305,Bridge Tecnologia,"30.001.056/0001-56",2026-07-31 10:08:01.369,
306,IntegraMax,"30.001.057/0001-57",2026-07-31 10:08:01.369,
307,Master Connect,"30.001.058/0001-58",2026-07-31 10:08:01.369,
308,Fast Company,"30.001.059/0001-59",2026-07-31 10:08:01.369,
309,Excel Group,"30.001.060/0001-60",2026-07-31 10:08:01.369,
310,Future Sistemas,"30.001.061/0001-61",2026-07-31 10:08:01.369,
311,Smart Evolution,"30.001.062/0001-62",2026-07-31 10:08:01.369,
312,Digital One,"30.001.063/0001-63",2026-07-31 10:08:01.369,
313,Tech Vision Brasil,"30.001.064/0001-64",2026-07-31 10:08:01.369,
314,Alpha Center,"30.001.065/0001-65",2026-07-31 10:08:01.369,
315,Sigma Business,"30.001.066/0001-66",2026-07-31 10:08:01.369,
316,Matrix Engenharia,"30.001.067/0001-67",2026-07-31 10:08:01.369,
317,Impacto Nacional,"30.001.068/0001-68",2026-07-31 10:08:01.369,
318,Infinity Corp,"30.001.069/0001-69",2026-07-31 10:08:01.369,
319,Brasil Office,"30.001.070/0001-70",2026-07-31 10:08:01.369,
320,Vision Office,"30.001.071/0001-71",2026-07-31 10:08:01.369,
321,Portal Brasil,"30.001.072/0001-72",2026-07-31 10:08:01.369,
322,Express Solutions,"30.001.073/0001-73",2026-07-31 10:08:01.369,
323,Prime Industrial,"30.001.074/0001-74",2026-07-31 10:08:01.369,
324,Master Global,"30.001.075/0001-75",2026-07-31 10:08:01.369,
325,Smart Link,"30.001.076/0001-76",2026-07-31 10:08:01.369,
326,Grupo Delta,"30.001.077/0001-77",2026-07-31 10:08:01.369,
327,Grupo Ônix,"30.001.078/0001-78",2026-07-31 10:08:01.369,
328,Vision Plus,"30.001.079/0001-79",2026-07-31 10:08:01.369,
329,Empório Nacional,"30.001.080/0001-80",2026-07-31 10:08:01.369,
330,Forte Comercial,"30.001.081/0001-81",2026-07-31 10:08:01.369,
331,Brasil Premium,"30.001.082/0001-82",2026-07-31 10:08:01.369,
332,Mercado Vitória,"30.001.083/0001-83",2026-07-31 10:08:01.369,
333,Conquista Ltda,"30.001.084/0001-84",2026-07-31 10:08:01.369,
334,Elite Group,"30.001.085/0001-85",2026-07-31 10:08:01.369,
335,Eclipse Sistemas,"30.001.086/0001-86",2026-07-31 10:08:01.369,
336,Orion Tech,"30.001.087/0001-87",2026-07-31 10:08:01.369,
337,Pegasus Corp,"30.001.088/0001-88",2026-07-31 10:08:01.369,
338,Lótus Business,"30.001.089/0001-89",2026-07-31 10:08:01.369,
339,Águia Forte,"30.001.090/0001-90",2026-07-31 10:08:01.369,
340,Rota Sul,"30.001.091/0001-91",2026-07-31 10:08:01.369,
341,Conecta Sul,"30.001.092/0001-92",2026-07-31 10:08:01.369,
342,Mercantil Brasil Sul,"30.001.093/0001-93",2026-07-31 10:08:01.369,
343,Aurum Tecnologia,"30.001.094/0001-94",2026-07-31 10:08:01.369,
344,Integra Office,"30.001.095/0001-95",2026-07-31 10:08:01.369,
345,Futuro Digital,"30.001.096/0001-96",2026-07-31 10:08:01.369,
346,Nova Fase,"30.001.097/0001-97",2026-07-31 10:08:01.369,
347,Central Forte,"30.001.098/0001-98",2026-07-31 10:08:01.369,
348,Excelência Brasil,"30.001.099/0001-99",2026-07-31 10:08:01.369,
349,Grupo Legacy,"30.001.100/0001-00",2026-07-31 10:08:01.369,
350,Grupo Horizonte Ltda,"50.001.013/0001-01",2026-07-31 10:10:54.065,
351,Comercial Horizonte Ltda,"50.002.026/0001-02",2026-07-31 10:10:54.065,
352,Distribuidora Horizonte Ltda,"50.003.039/0001-03",2026-07-31 10:10:54.065,
353,Construtora Horizonte Ltda,"50.004.052/0001-04",2026-07-31 10:10:54.065,
354,Transportes Horizonte Ltda,"50.005.065/0001-05",2026-07-31 10:10:54.065,
355,Clínica Horizonte Ltda,"50.006.078/0001-06",2026-07-31 10:10:54.065,
356,Hospital Horizonte Ltda,"50.007.091/0001-07",2026-07-31 10:10:54.065,
357,Agro Horizonte Ltda,"50.008.104/0001-08",2026-07-31 10:10:54.065,
358,Metalúrgica Horizonte Ltda,"50.009.117/0001-09",2026-07-31 10:10:54.065,
359,Indústria Horizonte Ltda,"50.010.130/0001-10",2026-07-31 10:10:54.065,
360,Tecnologia Horizonte Ltda,"50.011.143/0001-11",2026-07-31 10:10:54.065,
361,Serviços Horizonte Ltda,"50.012.156/0001-12",2026-07-31 10:10:54.065,
362,Consultoria Horizonte Ltda,"50.013.169/0001-13",2026-07-31 10:10:54.065,
363,Mercado Horizonte Ltda,"50.014.182/0001-14",2026-07-31 10:10:54.065,
364,Supermercado Horizonte Ltda,"50.015.195/0001-15",2026-07-31 10:10:54.065,
365,Farmácia Horizonte Ltda,"50.016.208/0001-16",2026-07-31 10:10:54.065,
366,Auto Peças Horizonte Ltda,"50.017.221/0001-17",2026-07-31 10:10:54.065,
367,Papelaria Horizonte Ltda,"50.018.234/0001-18",2026-07-31 10:10:54.065,
368,Madeireira Horizonte Ltda,"50.019.247/0001-19",2026-07-31 10:10:54.065,
369,Engenharia Horizonte Ltda,"50.020.260/0001-20",2026-07-31 10:10:54.065,
370,Grupo Vale Verde Ltda,"50.021.273/0001-21",2026-07-31 10:10:54.065,
371,Comercial Vale Verde Ltda,"50.022.286/0001-22",2026-07-31 10:10:54.065,
372,Distribuidora Vale Verde Ltda,"50.023.299/0001-23",2026-07-31 10:10:54.065,
373,Construtora Vale Verde Ltda,"50.024.312/0001-24",2026-07-31 10:10:54.065,
374,Transportes Vale Verde Ltda,"50.025.325/0001-25",2026-07-31 10:10:54.065,
375,Clínica Vale Verde Ltda,"50.026.338/0001-26",2026-07-31 10:10:54.065,
376,Hospital Vale Verde Ltda,"50.027.351/0001-27",2026-07-31 10:10:54.065,
377,Agro Vale Verde Ltda,"50.028.364/0001-28",2026-07-31 10:10:54.065,
378,Metalúrgica Vale Verde Ltda,"50.029.377/0001-29",2026-07-31 10:10:54.065,
379,Indústria Vale Verde Ltda,"50.030.390/0001-30",2026-07-31 10:10:54.065,
380,Tecnologia Vale Verde Ltda,"50.031.403/0001-31",2026-07-31 10:10:54.065,
381,Serviços Vale Verde Ltda,"50.032.416/0001-32",2026-07-31 10:10:54.065,
382,Consultoria Vale Verde Ltda,"50.033.429/0001-33",2026-07-31 10:10:54.065,
383,Mercado Vale Verde Ltda,"50.034.442/0001-34",2026-07-31 10:10:54.065,
384,Supermercado Vale Verde Ltda,"50.035.455/0001-35",2026-07-31 10:10:54.065,
385,Farmácia Vale Verde Ltda,"50.036.468/0001-36",2026-07-31 10:10:54.065,
386,Auto Peças Vale Verde Ltda,"50.037.481/0001-37",2026-07-31 10:10:54.065,
387,Papelaria Vale Verde Ltda,"50.038.494/0001-38",2026-07-31 10:10:54.065,
388,Madeireira Vale Verde Ltda,"50.039.507/0001-39",2026-07-31 10:10:54.065,
389,Engenharia Vale Verde Ltda,"50.040.520/0001-40",2026-07-31 10:10:54.065,
390,Grupo São José Ltda,"50.041.533/0001-41",2026-07-31 10:10:54.065,
391,Comercial São José Ltda,"50.042.546/0001-42",2026-07-31 10:10:54.065,
392,Distribuidora São José Ltda,"50.043.559/0001-43",2026-07-31 10:10:54.065,
393,Construtora São José Ltda,"50.044.572/0001-44",2026-07-31 10:10:54.065,
394,Transportes São José Ltda,"50.045.585/0001-45",2026-07-31 10:10:54.065,
395,Clínica São José Ltda,"50.046.598/0001-46",2026-07-31 10:10:54.065,
396,Hospital São José Ltda,"50.047.611/0001-47",2026-07-31 10:10:54.065,
397,Agro São José Ltda,"50.048.624/0001-48",2026-07-31 10:10:54.065,
398,Metalúrgica São José Ltda,"50.049.637/0001-49",2026-07-31 10:10:54.065,
399,Indústria São José Ltda,"50.050.650/0001-50",2026-07-31 10:10:54.065,
400,Tecnologia São José Ltda,"50.051.663/0001-51",2026-07-31 10:10:54.065,
401,Serviços São José Ltda,"50.052.676/0001-52",2026-07-31 10:10:54.065,
402,Consultoria São José Ltda,"50.053.689/0001-53",2026-07-31 10:10:54.065,
403,Mercado São José Ltda,"50.054.702/0001-54",2026-07-31 10:10:54.065,
404,Supermercado São José Ltda,"50.055.715/0001-55",2026-07-31 10:10:54.065,
405,Farmácia São José Ltda,"50.056.728/0001-56",2026-07-31 10:10:54.065,
406,Auto Peças São José Ltda,"50.057.741/0001-57",2026-07-31 10:10:54.065,
407,Papelaria São José Ltda,"50.058.754/0001-58",2026-07-31 10:10:54.065,
408,Madeireira São José Ltda,"50.059.767/0001-59",2026-07-31 10:10:54.065,
409,Engenharia São José Ltda,"50.060.780/0001-60",2026-07-31 10:10:54.065,
410,Grupo Nova Era Ltda,"50.061.793/0001-61",2026-07-31 10:10:54.065,
411,Comercial Nova Era Ltda,"50.062.806/0001-62",2026-07-31 10:10:54.065,
412,Distribuidora Nova Era Ltda,"50.063.819/0001-63",2026-07-31 10:10:54.065,
413,Construtora Nova Era Ltda,"50.064.832/0001-64",2026-07-31 10:10:54.065,
414,Transportes Nova Era Ltda,"50.065.845/0001-65",2026-07-31 10:10:54.065,
415,Clínica Nova Era Ltda,"50.066.858/0001-66",2026-07-31 10:10:54.065,
416,Hospital Nova Era Ltda,"50.067.871/0001-67",2026-07-31 10:10:54.065,
417,Agro Nova Era Ltda,"50.068.884/0001-68",2026-07-31 10:10:54.065,
418,Metalúrgica Nova Era Ltda,"50.069.897/0001-69",2026-07-31 10:10:54.065,
419,Indústria Nova Era Ltda,"50.070.910/0001-70",2026-07-31 10:10:54.065,
420,Tecnologia Nova Era Ltda,"50.071.923/0001-71",2026-07-31 10:10:54.065,
421,Serviços Nova Era Ltda,"50.072.936/0001-72",2026-07-31 10:10:54.065,
422,Consultoria Nova Era Ltda,"50.073.949/0001-73",2026-07-31 10:10:54.065,
423,Mercado Nova Era Ltda,"50.074.962/0001-74",2026-07-31 10:10:54.065,
424,Supermercado Nova Era Ltda,"50.075.975/0001-75",2026-07-31 10:10:54.065,
425,Farmácia Nova Era Ltda,"50.076.988/0001-76",2026-07-31 10:10:54.065,
426,Auto Peças Nova Era Ltda,"50.077.001/0001-77",2026-07-31 10:10:54.065,
427,Papelaria Nova Era Ltda,"50.078.014/0001-78",2026-07-31 10:10:54.065,
428,Madeireira Nova Era Ltda,"50.079.027/0001-79",2026-07-31 10:10:54.065,
429,Engenharia Nova Era Ltda,"50.080.040/0001-80",2026-07-31 10:10:54.065,
430,Grupo Boa Vista Ltda,"50.081.053/0001-81",2026-07-31 10:10:54.065,
431,Comercial Boa Vista Ltda,"50.082.066/0001-82",2026-07-31 10:10:54.065,
432,Distribuidora Boa Vista Ltda,"50.083.079/0001-83",2026-07-31 10:10:54.065,
433,Construtora Boa Vista Ltda,"50.084.092/0001-84",2026-07-31 10:10:54.065,
434,Transportes Boa Vista Ltda,"50.085.105/0001-85",2026-07-31 10:10:54.065,
435,Clínica Boa Vista Ltda,"50.086.118/0001-86",2026-07-31 10:10:54.065,
436,Hospital Boa Vista Ltda,"50.087.131/0001-87",2026-07-31 10:10:54.065,
437,Agro Boa Vista Ltda,"50.088.144/0001-88",2026-07-31 10:10:54.065,
438,Metalúrgica Boa Vista Ltda,"50.089.157/0001-89",2026-07-31 10:10:54.065,
439,Indústria Boa Vista Ltda,"50.090.170/0001-90",2026-07-31 10:10:54.065,
440,Tecnologia Boa Vista Ltda,"50.091.183/0001-91",2026-07-31 10:10:54.065,
441,Serviços Boa Vista Ltda,"50.092.196/0001-92",2026-07-31 10:10:54.065,
442,Consultoria Boa Vista Ltda,"50.093.209/0001-93",2026-07-31 10:10:54.065,
443,Mercado Boa Vista Ltda,"50.094.222/0001-94",2026-07-31 10:10:54.065,
444,Supermercado Boa Vista Ltda,"50.095.235/0001-95",2026-07-31 10:10:54.065,
445,Farmácia Boa Vista Ltda,"50.096.248/0001-96",2026-07-31 10:10:54.065,
446,Auto Peças Boa Vista Ltda,"50.097.261/0001-97",2026-07-31 10:10:54.065,
447,Papelaria Boa Vista Ltda,"50.098.274/0001-98",2026-07-31 10:10:54.065,
448,Madeireira Boa Vista Ltda,"50.099.287/0001-99",2026-07-31 10:10:54.065,
449,Engenharia Boa Vista Ltda,"50.100.300/0001-00",2026-07-31 10:10:54.065,
450,Grupo Planalto Ltda,"50.101.313/0001-01",2026-07-31 10:10:54.065,
451,Comercial Planalto Ltda,"50.102.326/0001-02",2026-07-31 10:10:54.065,
452,Distribuidora Planalto Ltda,"50.103.339/0001-03",2026-07-31 10:10:54.065,
453,Construtora Planalto Ltda,"50.104.352/0001-04",2026-07-31 10:10:54.065,
454,Transportes Planalto Ltda,"50.105.365/0001-05",2026-07-31 10:10:54.065,
455,Clínica Planalto Ltda,"50.106.378/0001-06",2026-07-31 10:10:54.065,
456,Hospital Planalto Ltda,"50.107.391/0001-07",2026-07-31 10:10:54.065,
457,Agro Planalto Ltda,"50.108.404/0001-08",2026-07-31 10:10:54.065,
458,Metalúrgica Planalto Ltda,"50.109.417/0001-09",2026-07-31 10:10:54.065,
459,Indústria Planalto Ltda,"50.110.430/0001-10",2026-07-31 10:10:54.065,
460,Tecnologia Planalto Ltda,"50.111.443/0001-11",2026-07-31 10:10:54.065,
461,Serviços Planalto Ltda,"50.112.456/0001-12",2026-07-31 10:10:54.065,
462,Consultoria Planalto Ltda,"50.113.469/0001-13",2026-07-31 10:10:54.065,
463,Mercado Planalto Ltda,"50.114.482/0001-14",2026-07-31 10:10:54.065,
464,Supermercado Planalto Ltda,"50.115.495/0001-15",2026-07-31 10:10:54.065,
465,Farmácia Planalto Ltda,"50.116.508/0001-16",2026-07-31 10:10:54.065,
466,Auto Peças Planalto Ltda,"50.117.521/0001-17",2026-07-31 10:10:54.065,
467,Papelaria Planalto Ltda,"50.118.534/0001-18",2026-07-31 10:10:54.065,
468,Madeireira Planalto Ltda,"50.119.547/0001-19",2026-07-31 10:10:54.065,
469,Engenharia Planalto Ltda,"50.120.560/0001-20",2026-07-31 10:10:54.065,
470,Grupo Atlântico Ltda,"50.121.573/0001-21",2026-07-31 10:10:54.065,
471,Comercial Atlântico Ltda,"50.122.586/0001-22",2026-07-31 10:10:54.065,
472,Distribuidora Atlântico Ltda,"50.123.599/0001-23",2026-07-31 10:10:54.065,
473,Construtora Atlântico Ltda,"50.124.612/0001-24",2026-07-31 10:10:54.065,
474,Transportes Atlântico Ltda,"50.125.625/0001-25",2026-07-31 10:10:54.065,
475,Clínica Atlântico Ltda,"50.126.638/0001-26",2026-07-31 10:10:54.065,
476,Hospital Atlântico Ltda,"50.127.651/0001-27",2026-07-31 10:10:54.065,
477,Agro Atlântico Ltda,"50.128.664/0001-28",2026-07-31 10:10:54.065,
478,Metalúrgica Atlântico Ltda,"50.129.677/0001-29",2026-07-31 10:10:54.065,
479,Indústria Atlântico Ltda,"50.130.690/0001-30",2026-07-31 10:10:54.065,
480,Tecnologia Atlântico Ltda,"50.131.703/0001-31",2026-07-31 10:10:54.065,
481,Serviços Atlântico Ltda,"50.132.716/0001-32",2026-07-31 10:10:54.065,
482,Consultoria Atlântico Ltda,"50.133.729/0001-33",2026-07-31 10:10:54.065,
483,Mercado Atlântico Ltda,"50.134.742/0001-34",2026-07-31 10:10:54.065,
484,Supermercado Atlântico Ltda,"50.135.755/0001-35",2026-07-31 10:10:54.065,
485,Farmácia Atlântico Ltda,"50.136.768/0001-36",2026-07-31 10:10:54.065,
486,Auto Peças Atlântico Ltda,"50.137.781/0001-37",2026-07-31 10:10:54.065,
487,Papelaria Atlântico Ltda,"50.138.794/0001-38",2026-07-31 10:10:54.065,
488,Madeireira Atlântico Ltda,"50.139.807/0001-39",2026-07-31 10:10:54.065,
489,Engenharia Atlântico Ltda,"50.140.820/0001-40",2026-07-31 10:10:54.065,
490,Grupo Imperial Ltda,"50.141.833/0001-41",2026-07-31 10:10:54.065,
491,Comercial Imperial Ltda,"50.142.846/0001-42",2026-07-31 10:10:54.065,
492,Distribuidora Imperial Ltda,"50.143.859/0001-43",2026-07-31 10:10:54.065,
493,Construtora Imperial Ltda,"50.144.872/0001-44",2026-07-31 10:10:54.065,
494,Transportes Imperial Ltda,"50.145.885/0001-45",2026-07-31 10:10:54.065,
495,Clínica Imperial Ltda,"50.146.898/0001-46",2026-07-31 10:10:54.065,
496,Hospital Imperial Ltda,"50.147.911/0001-47",2026-07-31 10:10:54.065,
497,Agro Imperial Ltda,"50.148.924/0001-48",2026-07-31 10:10:54.065,
498,Metalúrgica Imperial Ltda,"50.149.937/0001-49",2026-07-31 10:10:54.065,
499,Indústria Imperial Ltda,"50.150.950/0001-50",2026-07-31 10:10:54.065,
500,Tecnologia Imperial Ltda,"50.151.963/0001-51",2026-07-31 10:10:54.065,
501,Serviços Imperial Ltda,"50.152.976/0001-52",2026-07-31 10:10:54.065,
502,Consultoria Imperial Ltda,"50.153.989/0001-53",2026-07-31 10:10:54.065,
503,Mercado Imperial Ltda,"50.154.002/0001-54",2026-07-31 10:10:54.065,
504,Supermercado Imperial Ltda,"50.155.015/0001-55",2026-07-31 10:10:54.065,
505,Farmácia Imperial Ltda,"50.156.028/0001-56",2026-07-31 10:10:54.065,
506,Auto Peças Imperial Ltda,"50.157.041/0001-57",2026-07-31 10:10:54.065,
507,Papelaria Imperial Ltda,"50.158.054/0001-58",2026-07-31 10:10:54.065,
508,Madeireira Imperial Ltda,"50.159.067/0001-59",2026-07-31 10:10:54.065,
509,Engenharia Imperial Ltda,"50.160.080/0001-60",2026-07-31 10:10:54.065,
510,Grupo Central Ltda,"50.161.093/0001-61",2026-07-31 10:10:54.065,
511,Comercial Central Ltda,"50.162.106/0001-62",2026-07-31 10:10:54.065,
512,Distribuidora Central Ltda,"50.163.119/0001-63",2026-07-31 10:10:54.065,
513,Construtora Central Ltda,"50.164.132/0001-64",2026-07-31 10:10:54.065,
514,Transportes Central Ltda,"50.165.145/0001-65",2026-07-31 10:10:54.065,
515,Clínica Central Ltda,"50.166.158/0001-66",2026-07-31 10:10:54.065,
516,Hospital Central Ltda,"50.167.171/0001-67",2026-07-31 10:10:54.065,
517,Agro Central Ltda,"50.168.184/0001-68",2026-07-31 10:10:54.065,
518,Metalúrgica Central Ltda,"50.169.197/0001-69",2026-07-31 10:10:54.065,
519,Indústria Central Ltda,"50.170.210/0001-70",2026-07-31 10:10:54.065,
520,Tecnologia Central Ltda,"50.171.223/0001-71",2026-07-31 10:10:54.065,
521,Serviços Central Ltda,"50.172.236/0001-72",2026-07-31 10:10:54.065,
522,Consultoria Central Ltda,"50.173.249/0001-73",2026-07-31 10:10:54.065,
523,Mercado Central Ltda,"50.174.262/0001-74",2026-07-31 10:10:54.065,
524,Supermercado Central Ltda,"50.175.275/0001-75",2026-07-31 10:10:54.065,
525,Farmácia Central Ltda,"50.176.288/0001-76",2026-07-31 10:10:54.065,
526,Auto Peças Central Ltda,"50.177.301/0001-77",2026-07-31 10:10:54.065,
527,Papelaria Central Ltda,"50.178.314/0001-78",2026-07-31 10:10:54.065,
528,Madeireira Central Ltda,"50.179.327/0001-79",2026-07-31 10:10:54.065,
529,Engenharia Central Ltda,"50.180.340/0001-80",2026-07-31 10:10:54.065,
530,Grupo Primavera Ltda,"50.181.353/0001-81",2026-07-31 10:10:54.065,
531,Comercial Primavera Ltda,"50.182.366/0001-82",2026-07-31 10:10:54.065,
532,Distribuidora Primavera Ltda,"50.183.379/0001-83",2026-07-31 10:10:54.065,
533,Construtora Primavera Ltda,"50.184.392/0001-84",2026-07-31 10:10:54.065,
534,Transportes Primavera Ltda,"50.185.405/0001-85",2026-07-31 10:10:54.065,
535,Clínica Primavera Ltda,"50.186.418/0001-86",2026-07-31 10:10:54.065,
536,Hospital Primavera Ltda,"50.187.431/0001-87",2026-07-31 10:10:54.065,
537,Agro Primavera Ltda,"50.188.444/0001-88",2026-07-31 10:10:54.065,
538,Metalúrgica Primavera Ltda,"50.189.457/0001-89",2026-07-31 10:10:54.065,
539,Indústria Primavera Ltda,"50.190.470/0001-90",2026-07-31 10:10:54.065,
540,Tecnologia Primavera Ltda,"50.191.483/0001-91",2026-07-31 10:10:54.065,
541,Serviços Primavera Ltda,"50.192.496/0001-92",2026-07-31 10:10:54.065,
542,Consultoria Primavera Ltda,"50.193.509/0001-93",2026-07-31 10:10:54.065,
543,Mercado Primavera Ltda,"50.194.522/0001-94",2026-07-31 10:10:54.065,
544,Supermercado Primavera Ltda,"50.195.535/0001-95",2026-07-31 10:10:54.065,
545,Farmácia Primavera Ltda,"50.196.548/0001-96",2026-07-31 10:10:54.065,
546,Auto Peças Primavera Ltda,"50.197.561/0001-97",2026-07-31 10:10:54.065,
547,Papelaria Primavera Ltda,"50.198.574/0001-98",2026-07-31 10:10:54.065,
548,Madeireira Primavera Ltda,"50.199.587/0001-99",2026-07-31 10:10:54.065,
549,Engenharia Primavera Ltda,"50.200.600/0001-00",2026-07-31 10:10:54.065,
550,Grupo Vitória Ltda,"50.201.613/0001-01",2026-07-31 10:10:54.065,
551,Comercial Vitória Ltda,"50.202.626/0001-02",2026-07-31 10:10:54.065,
552,Distribuidora Vitória Ltda,"50.203.639/0001-03",2026-07-31 10:10:54.065,
553,Construtora Vitória Ltda,"50.204.652/0001-04",2026-07-31 10:10:54.065,
554,Transportes Vitória Ltda,"50.205.665/0001-05",2026-07-31 10:10:54.065,
555,Clínica Vitória Ltda,"50.206.678/0001-06",2026-07-31 10:10:54.065,
556,Hospital Vitória Ltda,"50.207.691/0001-07",2026-07-31 10:10:54.065,
557,Agro Vitória Ltda,"50.208.704/0001-08",2026-07-31 10:10:54.065,
558,Metalúrgica Vitória Ltda,"50.209.717/0001-09",2026-07-31 10:10:54.065,
559,Indústria Vitória Ltda,"50.210.730/0001-10",2026-07-31 10:10:54.065,
560,Tecnologia Vitória Ltda,"50.211.743/0001-11",2026-07-31 10:10:54.065,
561,Serviços Vitória Ltda,"50.212.756/0001-12",2026-07-31 10:10:54.065,
562,Consultoria Vitória Ltda,"50.213.769/0001-13",2026-07-31 10:10:54.065,
563,Mercado Vitória Ltda,"50.214.782/0001-14",2026-07-31 10:10:54.065,
564,Supermercado Vitória Ltda,"50.215.795/0001-15",2026-07-31 10:10:54.065,
565,Farmácia Vitória Ltda,"50.216.808/0001-16",2026-07-31 10:10:54.065,
566,Auto Peças Vitória Ltda,"50.217.821/0001-17",2026-07-31 10:10:54.065,
567,Papelaria Vitória Ltda,"50.218.834/0001-18",2026-07-31 10:10:54.065,
568,Madeireira Vitória Ltda,"50.219.847/0001-19",2026-07-31 10:10:54.065,
569,Engenharia Vitória Ltda,"50.220.860/0001-20",2026-07-31 10:10:54.065,
570,Grupo Santa Clara Ltda,"50.221.873/0001-21",2026-07-31 10:10:54.065,
571,Comercial Santa Clara Ltda,"50.222.886/0001-22",2026-07-31 10:10:54.065,
572,Distribuidora Santa Clara Ltda,"50.223.899/0001-23",2026-07-31 10:10:54.065,
573,Construtora Santa Clara Ltda,"50.224.912/0001-24",2026-07-31 10:10:54.065,
574,Transportes Santa Clara Ltda,"50.225.925/0001-25",2026-07-31 10:10:54.065,
575,Clínica Santa Clara Ltda,"50.226.938/0001-26",2026-07-31 10:10:54.065,
576,Hospital Santa Clara Ltda,"50.227.951/0001-27",2026-07-31 10:10:54.065,
577,Agro Santa Clara Ltda,"50.228.964/0001-28",2026-07-31 10:10:54.065,
578,Metalúrgica Santa Clara Ltda,"50.229.977/0001-29",2026-07-31 10:10:54.065,
579,Indústria Santa Clara Ltda,"50.230.990/0001-30",2026-07-31 10:10:54.065,
580,Tecnologia Santa Clara Ltda,"50.231.003/0001-31",2026-07-31 10:10:54.065,
581,Serviços Santa Clara Ltda,"50.232.016/0001-32",2026-07-31 10:10:54.065,
582,Consultoria Santa Clara Ltda,"50.233.029/0001-33",2026-07-31 10:10:54.065,
583,Mercado Santa Clara Ltda,"50.234.042/0001-34",2026-07-31 10:10:54.065,
584,Supermercado Santa Clara Ltda,"50.235.055/0001-35",2026-07-31 10:10:54.065,
585,Farmácia Santa Clara Ltda,"50.236.068/0001-36",2026-07-31 10:10:54.065,
586,Auto Peças Santa Clara Ltda,"50.237.081/0001-37",2026-07-31 10:10:54.065,
587,Papelaria Santa Clara Ltda,"50.238.094/0001-38",2026-07-31 10:10:54.065,
588,Madeireira Santa Clara Ltda,"50.239.107/0001-39",2026-07-31 10:10:54.065,
589,Engenharia Santa Clara Ltda,"50.240.120/0001-40",2026-07-31 10:10:54.065,
590,Grupo Monte Alto Ltda,"50.241.133/0001-41",2026-07-31 10:10:54.065,
591,Comercial Monte Alto Ltda,"50.242.146/0001-42",2026-07-31 10:10:54.065,
592,Distribuidora Monte Alto Ltda,"50.243.159/0001-43",2026-07-31 10:10:54.065,
593,Construtora Monte Alto Ltda,"50.244.172/0001-44",2026-07-31 10:10:54.065,
594,Transportes Monte Alto Ltda,"50.245.185/0001-45",2026-07-31 10:10:54.065,
595,Clínica Monte Alto Ltda,"50.246.198/0001-46",2026-07-31 10:10:54.065,
596,Hospital Monte Alto Ltda,"50.247.211/0001-47",2026-07-31 10:10:54.065,
597,Agro Monte Alto Ltda,"50.248.224/0001-48",2026-07-31 10:10:54.065,
598,Metalúrgica Monte Alto Ltda,"50.249.237/0001-49",2026-07-31 10:10:54.065,
599,Indústria Monte Alto Ltda,"50.250.250/0001-50",2026-07-31 10:10:54.065,
600,Tecnologia Monte Alto Ltda,"50.251.263/0001-51",2026-07-31 10:10:54.065,
601,Serviços Monte Alto Ltda,"50.252.276/0001-52",2026-07-31 10:10:54.065,
602,Consultoria Monte Alto Ltda,"50.253.289/0001-53",2026-07-31 10:10:54.065,
603,Mercado Monte Alto Ltda,"50.254.302/0001-54",2026-07-31 10:10:54.065,
604,Supermercado Monte Alto Ltda,"50.255.315/0001-55",2026-07-31 10:10:54.065,
605,Farmácia Monte Alto Ltda,"50.256.328/0001-56",2026-07-31 10:10:54.065,
606,Auto Peças Monte Alto Ltda,"50.257.341/0001-57",2026-07-31 10:10:54.065,
607,Papelaria Monte Alto Ltda,"50.258.354/0001-58",2026-07-31 10:10:54.065,
608,Madeireira Monte Alto Ltda,"50.259.367/0001-59",2026-07-31 10:10:54.065,
609,Engenharia Monte Alto Ltda,"50.260.380/0001-60",2026-07-31 10:10:54.065,
610,Grupo Litoral Ltda,"50.261.393/0001-61",2026-07-31 10:10:54.065,
611,Comercial Litoral Ltda,"50.262.406/0001-62",2026-07-31 10:10:54.065,
612,Distribuidora Litoral Ltda,"50.263.419/0001-63",2026-07-31 10:10:54.065,
613,Construtora Litoral Ltda,"50.264.432/0001-64",2026-07-31 10:10:54.065,
614,Transportes Litoral Ltda,"50.265.445/0001-65",2026-07-31 10:10:54.065,
615,Clínica Litoral Ltda,"50.266.458/0001-66",2026-07-31 10:10:54.065,
616,Hospital Litoral Ltda,"50.267.471/0001-67",2026-07-31 10:10:54.065,
617,Agro Litoral Ltda,"50.268.484/0001-68",2026-07-31 10:10:54.065,
618,Metalúrgica Litoral Ltda,"50.269.497/0001-69",2026-07-31 10:10:54.065,
619,Indústria Litoral Ltda,"50.270.510/0001-70",2026-07-31 10:10:54.065,
620,Tecnologia Litoral Ltda,"50.271.523/0001-71",2026-07-31 10:10:54.065,
621,Serviços Litoral Ltda,"50.272.536/0001-72",2026-07-31 10:10:54.065,
622,Consultoria Litoral Ltda,"50.273.549/0001-73",2026-07-31 10:10:54.065,
623,Mercado Litoral Ltda,"50.274.562/0001-74",2026-07-31 10:10:54.065,
624,Supermercado Litoral Ltda,"50.275.575/0001-75",2026-07-31 10:10:54.065,
625,Farmácia Litoral Ltda,"50.276.588/0001-76",2026-07-31 10:10:54.065,
626,Auto Peças Litoral Ltda,"50.277.601/0001-77",2026-07-31 10:10:54.065,
627,Papelaria Litoral Ltda,"50.278.614/0001-78",2026-07-31 10:10:54.065,
628,Madeireira Litoral Ltda,"50.279.627/0001-79",2026-07-31 10:10:54.065,
629,Engenharia Litoral Ltda,"50.280.640/0001-80",2026-07-31 10:10:54.065,
630,Grupo Capital Ltda,"50.281.653/0001-81",2026-07-31 10:10:54.065,
631,Comercial Capital Ltda,"50.282.666/0001-82",2026-07-31 10:10:54.065,
632,Distribuidora Capital Ltda,"50.283.679/0001-83",2026-07-31 10:10:54.065,
633,Construtora Capital Ltda,"50.284.692/0001-84",2026-07-31 10:10:54.065,
634,Transportes Capital Ltda,"50.285.705/0001-85",2026-07-31 10:10:54.065,
635,Clínica Capital Ltda,"50.286.718/0001-86",2026-07-31 10:10:54.065,
636,Hospital Capital Ltda,"50.287.731/0001-87",2026-07-31 10:10:54.065,
637,Agro Capital Ltda,"50.288.744/0001-88",2026-07-31 10:10:54.065,
638,Metalúrgica Capital Ltda,"50.289.757/0001-89",2026-07-31 10:10:54.065,
639,Indústria Capital Ltda,"50.290.770/0001-90",2026-07-31 10:10:54.065,
640,Tecnologia Capital Ltda,"50.291.783/0001-91",2026-07-31 10:10:54.065,
641,Serviços Capital Ltda,"50.292.796/0001-92",2026-07-31 10:10:54.065,
642,Consultoria Capital Ltda,"50.293.809/0001-93",2026-07-31 10:10:54.065,
643,Mercado Capital Ltda,"50.294.822/0001-94",2026-07-31 10:10:54.065,
644,Supermercado Capital Ltda,"50.295.835/0001-95",2026-07-31 10:10:54.065,
645,Farmácia Capital Ltda,"50.296.848/0001-96",2026-07-31 10:10:54.065,
646,Auto Peças Capital Ltda,"50.297.861/0001-97",2026-07-31 10:10:54.065,
647,Papelaria Capital Ltda,"50.298.874/0001-98",2026-07-31 10:10:54.065,
648,Madeireira Capital Ltda,"50.299.887/0001-99",2026-07-31 10:10:54.065,
649,Engenharia Capital Ltda,"50.300.900/0001-00",2026-07-31 10:10:54.065,
650,Grupo União Ltda,"50.301.913/0001-01",2026-07-31 10:10:54.065,
651,Comercial União Ltda,"50.302.926/0001-02",2026-07-31 10:10:54.065,
652,Distribuidora União Ltda,"50.303.939/0001-03",2026-07-31 10:10:54.065,
653,Construtora União Ltda,"50.304.952/0001-04",2026-07-31 10:10:54.065,
654,Transportes União Ltda,"50.305.965/0001-05",2026-07-31 10:10:54.065,
655,Clínica União Ltda,"50.306.978/0001-06",2026-07-31 10:10:54.065,
656,Hospital União Ltda,"50.307.991/0001-07",2026-07-31 10:10:54.065,
657,Agro União Ltda,"50.308.004/0001-08",2026-07-31 10:10:54.065,
658,Metalúrgica União Ltda,"50.309.017/0001-09",2026-07-31 10:10:54.065,
659,Indústria União Ltda,"50.310.030/0001-10",2026-07-31 10:10:54.065,
660,Tecnologia União Ltda,"50.311.043/0001-11",2026-07-31 10:10:54.065,
661,Serviços União Ltda,"50.312.056/0001-12",2026-07-31 10:10:54.065,
662,Consultoria União Ltda,"50.313.069/0001-13",2026-07-31 10:10:54.065,
663,Mercado União Ltda,"50.314.082/0001-14",2026-07-31 10:10:54.065,
664,Supermercado União Ltda,"50.315.095/0001-15",2026-07-31 10:10:54.065,
665,Farmácia União Ltda,"50.316.108/0001-16",2026-07-31 10:10:54.065,
666,Auto Peças União Ltda,"50.317.121/0001-17",2026-07-31 10:10:54.065,
667,Papelaria União Ltda,"50.318.134/0001-18",2026-07-31 10:10:54.065,
668,Madeireira União Ltda,"50.319.147/0001-19",2026-07-31 10:10:54.065,
669,Engenharia União Ltda,"50.320.160/0001-20",2026-07-31 10:10:54.065,
670,Grupo Estrela Ltda,"50.321.173/0001-21",2026-07-31 10:10:54.065,
671,Comercial Estrela Ltda,"50.322.186/0001-22",2026-07-31 10:10:54.065,
672,Distribuidora Estrela Ltda,"50.323.199/0001-23",2026-07-31 10:10:54.065,
673,Construtora Estrela Ltda,"50.324.212/0001-24",2026-07-31 10:10:54.065,
674,Transportes Estrela Ltda,"50.325.225/0001-25",2026-07-31 10:10:54.065,
675,Clínica Estrela Ltda,"50.326.238/0001-26",2026-07-31 10:10:54.065,
676,Hospital Estrela Ltda,"50.327.251/0001-27",2026-07-31 10:10:54.065,
677,Agro Estrela Ltda,"50.328.264/0001-28",2026-07-31 10:10:54.065,
678,Metalúrgica Estrela Ltda,"50.329.277/0001-29",2026-07-31 10:10:54.065,
679,Indústria Estrela Ltda,"50.330.290/0001-30",2026-07-31 10:10:54.065,
680,Tecnologia Estrela Ltda,"50.331.303/0001-31",2026-07-31 10:10:54.065,
681,Serviços Estrela Ltda,"50.332.316/0001-32",2026-07-31 10:10:54.065,
682,Consultoria Estrela Ltda,"50.333.329/0001-33",2026-07-31 10:10:54.065,
683,Mercado Estrela Ltda,"50.334.342/0001-34",2026-07-31 10:10:54.065,
684,Supermercado Estrela Ltda,"50.335.355/0001-35",2026-07-31 10:10:54.065,
685,Farmácia Estrela Ltda,"50.336.368/0001-36",2026-07-31 10:10:54.065,
686,Auto Peças Estrela Ltda,"50.337.381/0001-37",2026-07-31 10:10:54.065,
687,Papelaria Estrela Ltda,"50.338.394/0001-38",2026-07-31 10:10:54.065,
688,Madeireira Estrela Ltda,"50.339.407/0001-39",2026-07-31 10:10:54.065,
689,Engenharia Estrela Ltda,"50.340.420/0001-40",2026-07-31 10:10:54.065,
690,Grupo Aurora Ltda,"50.341.433/0001-41",2026-07-31 10:10:54.065,
691,Comercial Aurora Ltda,"50.342.446/0001-42",2026-07-31 10:10:54.065,
692,Distribuidora Aurora Ltda,"50.343.459/0001-43",2026-07-31 10:10:54.065,
693,Construtora Aurora Ltda,"50.344.472/0001-44",2026-07-31 10:10:54.065,
694,Transportes Aurora Ltda,"50.345.485/0001-45",2026-07-31 10:10:54.065,
695,Clínica Aurora Ltda,"50.346.498/0001-46",2026-07-31 10:10:54.065,
696,Hospital Aurora Ltda,"50.347.511/0001-47",2026-07-31 10:10:54.065,
697,Agro Aurora Ltda,"50.348.524/0001-48",2026-07-31 10:10:54.065,
698,Metalúrgica Aurora Ltda,"50.349.537/0001-49",2026-07-31 10:10:54.065,
699,Indústria Aurora Ltda,"50.350.550/0001-50",2026-07-31 10:10:54.065,
700,Tecnologia Aurora Ltda,"50.351.563/0001-51",2026-07-31 10:10:54.065,
701,Serviços Aurora Ltda,"50.352.576/0001-52",2026-07-31 10:10:54.065,
702,Consultoria Aurora Ltda,"50.353.589/0001-53",2026-07-31 10:10:54.065,
703,Mercado Aurora Ltda,"50.354.602/0001-54",2026-07-31 10:10:54.065,
704,Supermercado Aurora Ltda,"50.355.615/0001-55",2026-07-31 10:10:54.065,
705,Farmácia Aurora Ltda,"50.356.628/0001-56",2026-07-31 10:10:54.065,
706,Auto Peças Aurora Ltda,"50.357.641/0001-57",2026-07-31 10:10:54.065,
707,Papelaria Aurora Ltda,"50.358.654/0001-58",2026-07-31 10:10:54.065,
708,Madeireira Aurora Ltda,"50.359.667/0001-59",2026-07-31 10:10:54.065,
709,Engenharia Aurora Ltda,"50.360.680/0001-60",2026-07-31 10:10:54.065,
710,Grupo Pioneira Ltda,"50.361.693/0001-61",2026-07-31 10:10:54.065,
711,Comercial Pioneira Ltda,"50.362.706/0001-62",2026-07-31 10:10:54.065,
712,Distribuidora Pioneira Ltda,"50.363.719/0001-63",2026-07-31 10:10:54.065,
713,Construtora Pioneira Ltda,"50.364.732/0001-64",2026-07-31 10:10:54.065,
714,Transportes Pioneira Ltda,"50.365.745/0001-65",2026-07-31 10:10:54.065,
715,Clínica Pioneira Ltda,"50.366.758/0001-66",2026-07-31 10:10:54.065,
716,Hospital Pioneira Ltda,"50.367.771/0001-67",2026-07-31 10:10:54.065,
717,Agro Pioneira Ltda,"50.368.784/0001-68",2026-07-31 10:10:54.065,
718,Metalúrgica Pioneira Ltda,"50.369.797/0001-69",2026-07-31 10:10:54.065,
719,Indústria Pioneira Ltda,"50.370.810/0001-70",2026-07-31 10:10:54.065,
720,Tecnologia Pioneira Ltda,"50.371.823/0001-71",2026-07-31 10:10:54.065,
721,Serviços Pioneira Ltda,"50.372.836/0001-72",2026-07-31 10:10:54.065,
722,Consultoria Pioneira Ltda,"50.373.849/0001-73",2026-07-31 10:10:54.065,
723,Mercado Pioneira Ltda,"50.374.862/0001-74",2026-07-31 10:10:54.065,
724,Supermercado Pioneira Ltda,"50.375.875/0001-75",2026-07-31 10:10:54.065,
725,Farmácia Pioneira Ltda,"50.376.888/0001-76",2026-07-31 10:10:54.065,
726,Auto Peças Pioneira Ltda,"50.377.901/0001-77",2026-07-31 10:10:54.065,
727,Papelaria Pioneira Ltda,"50.378.914/0001-78",2026-07-31 10:10:54.065,
728,Madeireira Pioneira Ltda,"50.379.927/0001-79",2026-07-31 10:10:54.065,
729,Engenharia Pioneira Ltda,"50.380.940/0001-80",2026-07-31 10:10:54.065,
730,Grupo Nacional Ltda,"50.381.953/0001-81",2026-07-31 10:10:54.065,
731,Comercial Nacional Ltda,"50.382.966/0001-82",2026-07-31 10:10:54.065,
732,Distribuidora Nacional Ltda,"50.383.979/0001-83",2026-07-31 10:10:54.065,
733,Construtora Nacional Ltda,"50.384.992/0001-84",2026-07-31 10:10:54.065,
734,Transportes Nacional Ltda,"50.385.005/0001-85",2026-07-31 10:10:54.065,
735,Clínica Nacional Ltda,"50.386.018/0001-86",2026-07-31 10:10:54.065,
736,Hospital Nacional Ltda,"50.387.031/0001-87",2026-07-31 10:10:54.065,
737,Agro Nacional Ltda,"50.388.044/0001-88",2026-07-31 10:10:54.065,
738,Metalúrgica Nacional Ltda,"50.389.057/0001-89",2026-07-31 10:10:54.065,
739,Indústria Nacional Ltda,"50.390.070/0001-90",2026-07-31 10:10:54.065,
740,Tecnologia Nacional Ltda,"50.391.083/0001-91",2026-07-31 10:10:54.065,
741,Serviços Nacional Ltda,"50.392.096/0001-92",2026-07-31 10:10:54.065,
742,Consultoria Nacional Ltda,"50.393.109/0001-93",2026-07-31 10:10:54.065,
743,Mercado Nacional Ltda,"50.394.122/0001-94",2026-07-31 10:10:54.065,
744,Supermercado Nacional Ltda,"50.395.135/0001-95",2026-07-31 10:10:54.065,
745,Farmácia Nacional Ltda,"50.396.148/0001-96",2026-07-31 10:10:54.065,
746,Auto Peças Nacional Ltda,"50.397.161/0001-97",2026-07-31 10:10:54.065,
747,Papelaria Nacional Ltda,"50.398.174/0001-98",2026-07-31 10:10:54.065,
748,Madeireira Nacional Ltda,"50.399.187/0001-99",2026-07-31 10:10:54.065,
749,Engenharia Nacional Ltda,"50.400.200/0001-00",2026-07-31 10:10:54.065,
750,Grupo Integra Ltda,"50.401.213/0001-01",2026-07-31 10:10:54.065,
751,Comercial Integra Ltda,"50.402.226/0001-02",2026-07-31 10:10:54.065,
752,Distribuidora Integra Ltda,"50.403.239/0001-03",2026-07-31 10:10:54.065,
753,Construtora Integra Ltda,"50.404.252/0001-04",2026-07-31 10:10:54.065,
754,Transportes Integra Ltda,"50.405.265/0001-05",2026-07-31 10:10:54.065,
755,Clínica Integra Ltda,"50.406.278/0001-06",2026-07-31 10:10:54.065,
756,Hospital Integra Ltda,"50.407.291/0001-07",2026-07-31 10:10:54.065,
757,Agro Integra Ltda,"50.408.304/0001-08",2026-07-31 10:10:54.065,
758,Metalúrgica Integra Ltda,"50.409.317/0001-09",2026-07-31 10:10:54.065,
759,Indústria Integra Ltda,"50.410.330/0001-10",2026-07-31 10:10:54.065,
760,Tecnologia Integra Ltda,"50.411.343/0001-11",2026-07-31 10:10:54.065,
761,Serviços Integra Ltda,"50.412.356/0001-12",2026-07-31 10:10:54.065,
762,Consultoria Integra Ltda,"50.413.369/0001-13",2026-07-31 10:10:54.065,
763,Mercado Integra Ltda,"50.414.382/0001-14",2026-07-31 10:10:54.065,
764,Supermercado Integra Ltda,"50.415.395/0001-15",2026-07-31 10:10:54.065,
765,Farmácia Integra Ltda,"50.416.408/0001-16",2026-07-31 10:10:54.065,
766,Auto Peças Integra Ltda,"50.417.421/0001-17",2026-07-31 10:10:54.065,
767,Papelaria Integra Ltda,"50.418.434/0001-18",2026-07-31 10:10:54.065,
768,Madeireira Integra Ltda,"50.419.447/0001-19",2026-07-31 10:10:54.065,
769,Engenharia Integra Ltda,"50.420.460/0001-20",2026-07-31 10:10:54.065,
770,Grupo Excelência Ltda,"50.421.473/0001-21",2026-07-31 10:10:54.065,
771,Comercial Excelência Ltda,"50.422.486/0001-22",2026-07-31 10:10:54.065,
772,Distribuidora Excelência Ltda,"50.423.499/0001-23",2026-07-31 10:10:54.065,
773,Construtora Excelência Ltda,"50.424.512/0001-24",2026-07-31 10:10:54.065,
774,Transportes Excelência Ltda,"50.425.525/0001-25",2026-07-31 10:10:54.065,
775,Clínica Excelência Ltda,"50.426.538/0001-26",2026-07-31 10:10:54.065,
776,Hospital Excelência Ltda,"50.427.551/0001-27",2026-07-31 10:10:54.065,
777,Agro Excelência Ltda,"50.428.564/0001-28",2026-07-31 10:10:54.065,
778,Metalúrgica Excelência Ltda,"50.429.577/0001-29",2026-07-31 10:10:54.065,
779,Indústria Excelência Ltda,"50.430.590/0001-30",2026-07-31 10:10:54.065,
780,Tecnologia Excelência Ltda,"50.431.603/0001-31",2026-07-31 10:10:54.065,
781,Serviços Excelência Ltda,"50.432.616/0001-32",2026-07-31 10:10:54.065,
782,Consultoria Excelência Ltda,"50.433.629/0001-33",2026-07-31 10:10:54.065,
783,Mercado Excelência Ltda,"50.434.642/0001-34",2026-07-31 10:10:54.065,
784,Supermercado Excelência Ltda,"50.435.655/0001-35",2026-07-31 10:10:54.065,
785,Farmácia Excelência Ltda,"50.436.668/0001-36",2026-07-31 10:10:54.065,
786,Auto Peças Excelência Ltda,"50.437.681/0001-37",2026-07-31 10:10:54.065,
787,Papelaria Excelência Ltda,"50.438.694/0001-38",2026-07-31 10:10:54.065,
788,Madeireira Excelência Ltda,"50.439.707/0001-39",2026-07-31 10:10:54.065,
789,Engenharia Excelência Ltda,"50.440.720/0001-40",2026-07-31 10:10:54.065,
790,Grupo Fênix Ltda,"50.441.733/0001-41",2026-07-31 10:10:54.065,
791,Comercial Fênix Ltda,"50.442.746/0001-42",2026-07-31 10:10:54.065,
792,Distribuidora Fênix Ltda,"50.443.759/0001-43",2026-07-31 10:10:54.065,
793,Construtora Fênix Ltda,"50.444.772/0001-44",2026-07-31 10:10:54.065,
794,Transportes Fênix Ltda,"50.445.785/0001-45",2026-07-31 10:10:54.065,
795,Clínica Fênix Ltda,"50.446.798/0001-46",2026-07-31 10:10:54.065,
796,Hospital Fênix Ltda,"50.447.811/0001-47",2026-07-31 10:10:54.065,
797,Agro Fênix Ltda,"50.448.824/0001-48",2026-07-31 10:10:54.065,
798,Metalúrgica Fênix Ltda,"50.449.837/0001-49",2026-07-31 10:10:54.065,
799,Indústria Fênix Ltda,"50.450.850/0001-50",2026-07-31 10:10:54.065,
800,Tecnologia Fênix Ltda,"50.451.863/0001-51",2026-07-31 10:10:54.065,
801,Serviços Fênix Ltda,"50.452.876/0001-52",2026-07-31 10:10:54.065,
802,Consultoria Fênix Ltda,"50.453.889/0001-53",2026-07-31 10:10:54.065,
803,Mercado Fênix Ltda,"50.454.902/0001-54",2026-07-31 10:10:54.065,
804,Supermercado Fênix Ltda,"50.455.915/0001-55",2026-07-31 10:10:54.065,
805,Farmácia Fênix Ltda,"50.456.928/0001-56",2026-07-31 10:10:54.065,
806,Auto Peças Fênix Ltda,"50.457.941/0001-57",2026-07-31 10:10:54.065,
807,Papelaria Fênix Ltda,"50.458.954/0001-58",2026-07-31 10:10:54.065,
808,Madeireira Fênix Ltda,"50.459.967/0001-59",2026-07-31 10:10:54.065,
809,Engenharia Fênix Ltda,"50.460.980/0001-60",2026-07-31 10:10:54.065,
810,Grupo Orion Ltda,"50.461.993/0001-61",2026-07-31 10:10:54.065,
811,Comercial Orion Ltda,"50.462.006/0001-62",2026-07-31 10:10:54.065,
812,Distribuidora Orion Ltda,"50.463.019/0001-63",2026-07-31 10:10:54.065,
813,Construtora Orion Ltda,"50.464.032/0001-64",2026-07-31 10:10:54.065,
814,Transportes Orion Ltda,"50.465.045/0001-65",2026-07-31 10:10:54.065,
815,Clínica Orion Ltda,"50.466.058/0001-66",2026-07-31 10:10:54.065,
816,Hospital Orion Ltda,"50.467.071/0001-67",2026-07-31 10:10:54.065,
817,Agro Orion Ltda,"50.468.084/0001-68",2026-07-31 10:10:54.065,
818,Metalúrgica Orion Ltda,"50.469.097/0001-69",2026-07-31 10:10:54.065,
819,Indústria Orion Ltda,"50.470.110/0001-70",2026-07-31 10:10:54.065,
820,Tecnologia Orion Ltda,"50.471.123/0001-71",2026-07-31 10:10:54.065,
821,Serviços Orion Ltda,"50.472.136/0001-72",2026-07-31 10:10:54.065,
822,Consultoria Orion Ltda,"50.473.149/0001-73",2026-07-31 10:10:54.065,
823,Mercado Orion Ltda,"50.474.162/0001-74",2026-07-31 10:10:54.065,
824,Supermercado Orion Ltda,"50.475.175/0001-75",2026-07-31 10:10:54.065,
825,Farmácia Orion Ltda,"50.476.188/0001-76",2026-07-31 10:10:54.065,
826,Auto Peças Orion Ltda,"50.477.201/0001-77",2026-07-31 10:10:54.065,
827,Papelaria Orion Ltda,"50.478.214/0001-78",2026-07-31 10:10:54.065,
828,Madeireira Orion Ltda,"50.479.227/0001-79",2026-07-31 10:10:54.065,
829,Engenharia Orion Ltda,"50.480.240/0001-80",2026-07-31 10:10:54.065,
830,Grupo Delta Ltda,"50.481.253/0001-81",2026-07-31 10:10:54.065,
831,Comercial Delta Ltda,"50.482.266/0001-82",2026-07-31 10:10:54.065,
832,Distribuidora Delta Ltda,"50.483.279/0001-83",2026-07-31 10:10:54.065,
833,Construtora Delta Ltda,"50.484.292/0001-84",2026-07-31 10:10:54.065,
834,Transportes Delta Ltda,"50.485.305/0001-85",2026-07-31 10:10:54.065,
835,Clínica Delta Ltda,"50.486.318/0001-86",2026-07-31 10:10:54.065,
836,Hospital Delta Ltda,"50.487.331/0001-87",2026-07-31 10:10:54.065,
837,Agro Delta Ltda,"50.488.344/0001-88",2026-07-31 10:10:54.065,
838,Metalúrgica Delta Ltda,"50.489.357/0001-89",2026-07-31 10:10:54.065,
839,Indústria Delta Ltda,"50.490.370/0001-90",2026-07-31 10:10:54.065,
840,Tecnologia Delta Ltda,"50.491.383/0001-91",2026-07-31 10:10:54.065,
841,Serviços Delta Ltda,"50.492.396/0001-92",2026-07-31 10:10:54.065,
842,Consultoria Delta Ltda,"50.493.409/0001-93",2026-07-31 10:10:54.065,
843,Mercado Delta Ltda,"50.494.422/0001-94",2026-07-31 10:10:54.065,
844,Supermercado Delta Ltda,"50.495.435/0001-95",2026-07-31 10:10:54.065,
845,Farmácia Delta Ltda,"50.496.448/0001-96",2026-07-31 10:10:54.065,
846,Auto Peças Delta Ltda,"50.497.461/0001-97",2026-07-31 10:10:54.065,
847,Papelaria Delta Ltda,"50.498.474/0001-98",2026-07-31 10:10:54.065,
848,Madeireira Delta Ltda,"50.499.487/0001-99",2026-07-31 10:10:54.065,
849,Engenharia Delta Ltda,"50.500.500/0001-00",2026-07-31 10:10:54.065,
850,Grupo Ômega Ltda,"50.501.513/0001-01",2026-07-31 10:10:54.065,
851,Comercial Ômega Ltda,"50.502.526/0001-02",2026-07-31 10:10:54.065,
852,Distribuidora Ômega Ltda,"50.503.539/0001-03",2026-07-31 10:10:54.065,
853,Construtora Ômega Ltda,"50.504.552/0001-04",2026-07-31 10:10:54.065,
854,Transportes Ômega Ltda,"50.505.565/0001-05",2026-07-31 10:10:54.065,
855,Clínica Ômega Ltda,"50.506.578/0001-06",2026-07-31 10:10:54.065,
856,Hospital Ômega Ltda,"50.507.591/0001-07",2026-07-31 10:10:54.065,
857,Agro Ômega Ltda,"50.508.604/0001-08",2026-07-31 10:10:54.065,
858,Metalúrgica Ômega Ltda,"50.509.617/0001-09",2026-07-31 10:10:54.065,
859,Indústria Ômega Ltda,"50.510.630/0001-10",2026-07-31 10:10:54.065,
860,Tecnologia Ômega Ltda,"50.511.643/0001-11",2026-07-31 10:10:54.065,
861,Serviços Ômega Ltda,"50.512.656/0001-12",2026-07-31 10:10:54.065,
862,Consultoria Ômega Ltda,"50.513.669/0001-13",2026-07-31 10:10:54.065,
863,Mercado Ômega Ltda,"50.514.682/0001-14",2026-07-31 10:10:54.065,
864,Supermercado Ômega Ltda,"50.515.695/0001-15",2026-07-31 10:10:54.065,
865,Farmácia Ômega Ltda,"50.516.708/0001-16",2026-07-31 10:10:54.065,
866,Auto Peças Ômega Ltda,"50.517.721/0001-17",2026-07-31 10:10:54.065,
867,Papelaria Ômega Ltda,"50.518.734/0001-18",2026-07-31 10:10:54.065,
868,Madeireira Ômega Ltda,"50.519.747/0001-19",2026-07-31 10:10:54.065,
869,Engenharia Ômega Ltda,"50.520.760/0001-20",2026-07-31 10:10:54.065,
870,Grupo Solar Ltda,"50.521.773/0001-21",2026-07-31 10:10:54.065,
871,Comercial Solar Ltda,"50.522.786/0001-22",2026-07-31 10:10:54.065,
872,Distribuidora Solar Ltda,"50.523.799/0001-23",2026-07-31 10:10:54.065,
873,Construtora Solar Ltda,"50.524.812/0001-24",2026-07-31 10:10:54.065,
874,Transportes Solar Ltda,"50.525.825/0001-25",2026-07-31 10:10:54.065,
875,Clínica Solar Ltda,"50.526.838/0001-26",2026-07-31 10:10:54.065,
876,Hospital Solar Ltda,"50.527.851/0001-27",2026-07-31 10:10:54.065,
877,Agro Solar Ltda,"50.528.864/0001-28",2026-07-31 10:10:54.065,
878,Metalúrgica Solar Ltda,"50.529.877/0001-29",2026-07-31 10:10:54.065,
879,Indústria Solar Ltda,"50.530.890/0001-30",2026-07-31 10:10:54.065,
880,Tecnologia Solar Ltda,"50.531.903/0001-31",2026-07-31 10:10:54.065,
881,Serviços Solar Ltda,"50.532.916/0001-32",2026-07-31 10:10:54.065,
882,Consultoria Solar Ltda,"50.533.929/0001-33",2026-07-31 10:10:54.065,
883,Mercado Solar Ltda,"50.534.942/0001-34",2026-07-31 10:10:54.065,
884,Supermercado Solar Ltda,"50.535.955/0001-35",2026-07-31 10:10:54.065,
885,Farmácia Solar Ltda,"50.536.968/0001-36",2026-07-31 10:10:54.065,
886,Auto Peças Solar Ltda,"50.537.981/0001-37",2026-07-31 10:10:54.065,
887,Papelaria Solar Ltda,"50.538.994/0001-38",2026-07-31 10:10:54.065,
888,Madeireira Solar Ltda,"50.539.007/0001-39",2026-07-31 10:10:54.065,
889,Engenharia Solar Ltda,"50.540.020/0001-40",2026-07-31 10:10:54.065,
890,Grupo Brasil Ltda,"50.541.033/0001-41",2026-07-31 10:10:54.065,
891,Comercial Brasil Ltda,"50.542.046/0001-42",2026-07-31 10:10:54.065,
892,Distribuidora Brasil Ltda,"50.543.059/0001-43",2026-07-31 10:10:54.065,
893,Construtora Brasil Ltda,"50.544.072/0001-44",2026-07-31 10:10:54.065,
894,Transportes Brasil Ltda,"50.545.085/0001-45",2026-07-31 10:10:54.065,
895,Clínica Brasil Ltda,"50.546.098/0001-46",2026-07-31 10:10:54.065,
896,Hospital Brasil Ltda,"50.547.111/0001-47",2026-07-31 10:10:54.065,
897,Agro Brasil Ltda,"50.548.124/0001-48",2026-07-31 10:10:54.065,
898,Metalúrgica Brasil Ltda,"50.549.137/0001-49",2026-07-31 10:10:54.065,
899,Indústria Brasil Ltda,"50.550.150/0001-50",2026-07-31 10:10:54.065,
900,Tecnologia Brasil Ltda,"50.551.163/0001-51",2026-07-31 10:10:54.065,
901,Serviços Brasil Ltda,"50.552.176/0001-52",2026-07-31 10:10:54.065,
902,Consultoria Brasil Ltda,"50.553.189/0001-53",2026-07-31 10:10:54.065,
903,Mercado Brasil Ltda,"50.554.202/0001-54",2026-07-31 10:10:54.065,
904,Supermercado Brasil Ltda,"50.555.215/0001-55",2026-07-31 10:10:54.065,
905,Farmácia Brasil Ltda,"50.556.228/0001-56",2026-07-31 10:10:54.065,
906,Auto Peças Brasil Ltda,"50.557.241/0001-57",2026-07-31 10:10:54.065,
907,Papelaria Brasil Ltda,"50.558.254/0001-58",2026-07-31 10:10:54.065,
908,Madeireira Brasil Ltda,"50.559.267/0001-59",2026-07-31 10:10:54.065,
909,Engenharia Brasil Ltda,"50.560.280/0001-60",2026-07-31 10:10:54.065,
910,Grupo Forte Ltda,"50.561.293/0001-61",2026-07-31 10:10:54.065,
911,Comercial Forte Ltda,"50.562.306/0001-62",2026-07-31 10:10:54.065,
912,Distribuidora Forte Ltda,"50.563.319/0001-63",2026-07-31 10:10:54.065,
913,Construtora Forte Ltda,"50.564.332/0001-64",2026-07-31 10:10:54.065,
914,Transportes Forte Ltda,"50.565.345/0001-65",2026-07-31 10:10:54.065,
915,Clínica Forte Ltda,"50.566.358/0001-66",2026-07-31 10:10:54.065,
916,Hospital Forte Ltda,"50.567.371/0001-67",2026-07-31 10:10:54.065,
917,Agro Forte Ltda,"50.568.384/0001-68",2026-07-31 10:10:54.065,
918,Metalúrgica Forte Ltda,"50.569.397/0001-69",2026-07-31 10:10:54.065,
919,Indústria Forte Ltda,"50.570.410/0001-70",2026-07-31 10:10:54.065,
920,Tecnologia Forte Ltda,"50.571.423/0001-71",2026-07-31 10:10:54.065,
921,Serviços Forte Ltda,"50.572.436/0001-72",2026-07-31 10:10:54.065,
922,Consultoria Forte Ltda,"50.573.449/0001-73",2026-07-31 10:10:54.065,
923,Mercado Forte Ltda,"50.574.462/0001-74",2026-07-31 10:10:54.065,
924,Supermercado Forte Ltda,"50.575.475/0001-75",2026-07-31 10:10:54.065,
925,Farmácia Forte Ltda,"50.576.488/0001-76",2026-07-31 10:10:54.065,
926,Auto Peças Forte Ltda,"50.577.501/0001-77",2026-07-31 10:10:54.065,
927,Papelaria Forte Ltda,"50.578.514/0001-78",2026-07-31 10:10:54.065,
928,Madeireira Forte Ltda,"50.579.527/0001-79",2026-07-31 10:10:54.065,
929,Engenharia Forte Ltda,"50.580.540/0001-80",2026-07-31 10:10:54.065,
930,Grupo Elite Ltda,"50.581.553/0001-81",2026-07-31 10:10:54.065,
931,Comercial Elite Ltda,"50.582.566/0001-82",2026-07-31 10:10:54.065,
932,Distribuidora Elite Ltda,"50.583.579/0001-83",2026-07-31 10:10:54.065,
933,Construtora Elite Ltda,"50.584.592/0001-84",2026-07-31 10:10:54.065,
934,Transportes Elite Ltda,"50.585.605/0001-85",2026-07-31 10:10:54.065,
935,Clínica Elite Ltda,"50.586.618/0001-86",2026-07-31 10:10:54.065,
936,Hospital Elite Ltda,"50.587.631/0001-87",2026-07-31 10:10:54.065,
937,Agro Elite Ltda,"50.588.644/0001-88",2026-07-31 10:10:54.065,
938,Metalúrgica Elite Ltda,"50.589.657/0001-89",2026-07-31 10:10:54.065,
939,Indústria Elite Ltda,"50.590.670/0001-90",2026-07-31 10:10:54.065,
940,Tecnologia Elite Ltda,"50.591.683/0001-91",2026-07-31 10:10:54.065,
941,Serviços Elite Ltda,"50.592.696/0001-92",2026-07-31 10:10:54.065,
942,Consultoria Elite Ltda,"50.593.709/0001-93",2026-07-31 10:10:54.065,
943,Mercado Elite Ltda,"50.594.722/0001-94",2026-07-31 10:10:54.065,
944,Supermercado Elite Ltda,"50.595.735/0001-95",2026-07-31 10:10:54.065,
945,Farmácia Elite Ltda,"50.596.748/0001-96",2026-07-31 10:10:54.065,
946,Auto Peças Elite Ltda,"50.597.761/0001-97",2026-07-31 10:10:54.065,
947,Papelaria Elite Ltda,"50.598.774/0001-98",2026-07-31 10:10:54.065,
948,Madeireira Elite Ltda,"50.599.787/0001-99",2026-07-31 10:10:54.065,
949,Engenharia Elite Ltda,"50.600.800/0001-00",2026-07-31 10:10:54.065,
950,Grupo Prime Ltda,"50.601.813/0001-01",2026-07-31 10:10:54.065,
951,Comercial Prime Ltda,"50.602.826/0001-02",2026-07-31 10:10:54.065,
952,Distribuidora Prime Ltda,"50.603.839/0001-03",2026-07-31 10:10:54.065,
953,Construtora Prime Ltda,"50.604.852/0001-04",2026-07-31 10:10:54.065,
954,Transportes Prime Ltda,"50.605.865/0001-05",2026-07-31 10:10:54.065,
955,Clínica Prime Ltda,"50.606.878/0001-06",2026-07-31 10:10:54.065,
956,Hospital Prime Ltda,"50.607.891/0001-07",2026-07-31 10:10:54.065,
957,Agro Prime Ltda,"50.608.904/0001-08",2026-07-31 10:10:54.065,
958,Metalúrgica Prime Ltda,"50.609.917/0001-09",2026-07-31 10:10:54.065,
959,Indústria Prime Ltda,"50.610.930/0001-10",2026-07-31 10:10:54.065,
960,Tecnologia Prime Ltda,"50.611.943/0001-11",2026-07-31 10:10:54.065,
961,Serviços Prime Ltda,"50.612.956/0001-12",2026-07-31 10:10:54.065,
962,Consultoria Prime Ltda,"50.613.969/0001-13",2026-07-31 10:10:54.065,
963,Mercado Prime Ltda,"50.614.982/0001-14",2026-07-31 10:10:54.065,
964,Supermercado Prime Ltda,"50.615.995/0001-15",2026-07-31 10:10:54.065,
965,Farmácia Prime Ltda,"50.616.008/0001-16",2026-07-31 10:10:54.065,
966,Auto Peças Prime Ltda,"50.617.021/0001-17",2026-07-31 10:10:54.065,
967,Papelaria Prime Ltda,"50.618.034/0001-18",2026-07-31 10:10:54.065,
968,Madeireira Prime Ltda,"50.619.047/0001-19",2026-07-31 10:10:54.065,
969,Engenharia Prime Ltda,"50.620.060/0001-20",2026-07-31 10:10:54.065,
970,Grupo Avante Ltda,"50.621.073/0001-21",2026-07-31 10:10:54.065,
971,Comercial Avante Ltda,"50.622.086/0001-22",2026-07-31 10:10:54.065,
972,Distribuidora Avante Ltda,"50.623.099/0001-23",2026-07-31 10:10:54.065,
973,Construtora Avante Ltda,"50.624.112/0001-24",2026-07-31 10:10:54.065,
974,Transportes Avante Ltda,"50.625.125/0001-25",2026-07-31 10:10:54.065,
975,Clínica Avante Ltda,"50.626.138/0001-26",2026-07-31 10:10:54.065,
976,Hospital Avante Ltda,"50.627.151/0001-27",2026-07-31 10:10:54.065,
977,Agro Avante Ltda,"50.628.164/0001-28",2026-07-31 10:10:54.065,
978,Metalúrgica Avante Ltda,"50.629.177/0001-29",2026-07-31 10:10:54.065,
979,Indústria Avante Ltda,"50.630.190/0001-30",2026-07-31 10:10:54.065,
980,Tecnologia Avante Ltda,"50.631.203/0001-31",2026-07-31 10:10:54.065,
981,Serviços Avante Ltda,"50.632.216/0001-32",2026-07-31 10:10:54.065,
982,Consultoria Avante Ltda,"50.633.229/0001-33",2026-07-31 10:10:54.065,
983,Mercado Avante Ltda,"50.634.242/0001-34",2026-07-31 10:10:54.065,
984,Supermercado Avante Ltda,"50.635.255/0001-35",2026-07-31 10:10:54.065,
985,Farmácia Avante Ltda,"50.636.268/0001-36",2026-07-31 10:10:54.065,
986,Auto Peças Avante Ltda,"50.637.281/0001-37",2026-07-31 10:10:54.065,
987,Papelaria Avante Ltda,"50.638.294/0001-38",2026-07-31 10:10:54.065,
988,Madeireira Avante Ltda,"50.639.307/0001-39",2026-07-31 10:10:54.065,
989,Engenharia Avante Ltda,"50.640.320/0001-40",2026-07-31 10:10:54.065,
990,Grupo Conquista Ltda,"50.641.333/0001-41",2026-07-31 10:10:54.065,
991,Comercial Conquista Ltda,"50.642.346/0001-42",2026-07-31 10:10:54.065,
992,Distribuidora Conquista Ltda,"50.643.359/0001-43",2026-07-31 10:10:54.065,
993,Construtora Conquista Ltda,"50.644.372/0001-44",2026-07-31 10:10:54.065,
994,Transportes Conquista Ltda,"50.645.385/0001-45",2026-07-31 10:10:54.065,
995,Clínica Conquista Ltda,"50.646.398/0001-46",2026-07-31 10:10:54.065,
996,Hospital Conquista Ltda,"50.647.411/0001-47",2026-07-31 10:10:54.065,
997,Agro Conquista Ltda,"50.648.424/0001-48",2026-07-31 10:10:54.065,
998,Metalúrgica Conquista Ltda,"50.649.437/0001-49",2026-07-31 10:10:54.065,
999,Indústria Conquista Ltda,"50.650.450/0001-50",2026-07-31 10:10:54.065,
1000,Tecnologia Conquista Ltda,"50.651.463/0001-51",2026-07-31 10:10:54.065,
1001,Serviços Conquista Ltda,"50.652.476/0001-52",2026-07-31 10:10:54.065,
1002,Consultoria Conquista Ltda,"50.653.489/0001-53",2026-07-31 10:10:54.065,
1003,Mercado Conquista Ltda,"50.654.502/0001-54",2026-07-31 10:10:54.065,
1004,Supermercado Conquista Ltda,"50.655.515/0001-55",2026-07-31 10:10:54.065,
1005,Farmácia Conquista Ltda,"50.656.528/0001-56",2026-07-31 10:10:54.065,
1006,Auto Peças Conquista Ltda,"50.657.541/0001-57",2026-07-31 10:10:54.065,
1007,Papelaria Conquista Ltda,"50.658.554/0001-58",2026-07-31 10:10:54.065,
1008,Madeireira Conquista Ltda,"50.659.567/0001-59",2026-07-31 10:10:54.065,
1009,Engenharia Conquista Ltda,"50.660.580/0001-60",2026-07-31 10:10:54.065,
1010,Grupo Real Ltda,"50.661.593/0001-61",2026-07-31 10:10:54.065,
1011,Comercial Real Ltda,"50.662.606/0001-62",2026-07-31 10:10:54.065,
1012,Distribuidora Real Ltda,"50.663.619/0001-63",2026-07-31 10:10:54.065,
1013,Construtora Real Ltda,"50.664.632/0001-64",2026-07-31 10:10:54.065,
1014,Transportes Real Ltda,"50.665.645/0001-65",2026-07-31 10:10:54.065,
1015,Clínica Real Ltda,"50.666.658/0001-66",2026-07-31 10:10:54.065,
1016,Hospital Real Ltda,"50.667.671/0001-67",2026-07-31 10:10:54.065,
1017,Agro Real Ltda,"50.668.684/0001-68",2026-07-31 10:10:54.065,
1018,Metalúrgica Real Ltda,"50.669.697/0001-69",2026-07-31 10:10:54.065,
1019,Indústria Real Ltda,"50.670.710/0001-70",2026-07-31 10:10:54.065,
1020,Tecnologia Real Ltda,"50.671.723/0001-71",2026-07-31 10:10:54.065,
1021,Serviços Real Ltda,"50.672.736/0001-72",2026-07-31 10:10:54.065,
1022,Consultoria Real Ltda,"50.673.749/0001-73",2026-07-31 10:10:54.065,
1023,Mercado Real Ltda,"50.674.762/0001-74",2026-07-31 10:10:54.065,
1024,Supermercado Real Ltda,"50.675.775/0001-75",2026-07-31 10:10:54.065,
1025,Farmácia Real Ltda,"50.676.788/0001-76",2026-07-31 10:10:54.065,
1026,Auto Peças Real Ltda,"50.677.801/0001-77",2026-07-31 10:10:54.065,
1027,Papelaria Real Ltda,"50.678.814/0001-78",2026-07-31 10:10:54.065,
1028,Madeireira Real Ltda,"50.679.827/0001-79",2026-07-31 10:10:54.065,
1029,Engenharia Real Ltda,"50.680.840/0001-80",2026-07-31 10:10:54.065,
1030,Grupo Veredas Ltda,"50.681.853/0001-81",2026-07-31 10:10:54.065,
1031,Comercial Veredas Ltda,"50.682.866/0001-82",2026-07-31 10:10:54.065,
1032,Distribuidora Veredas Ltda,"50.683.879/0001-83",2026-07-31 10:10:54.065,
1033,Construtora Veredas Ltda,"50.684.892/0001-84",2026-07-31 10:10:54.065,
1034,Transportes Veredas Ltda,"50.685.905/0001-85",2026-07-31 10:10:54.065,
1035,Clínica Veredas Ltda,"50.686.918/0001-86",2026-07-31 10:10:54.065,
1036,Hospital Veredas Ltda,"50.687.931/0001-87",2026-07-31 10:10:54.065,
1037,Agro Veredas Ltda,"50.688.944/0001-88",2026-07-31 10:10:54.065,
1038,Metalúrgica Veredas Ltda,"50.689.957/0001-89",2026-07-31 10:10:54.065,
1039,Indústria Veredas Ltda,"50.690.970/0001-90",2026-07-31 10:10:54.065,
1040,Tecnologia Veredas Ltda,"50.691.983/0001-91",2026-07-31 10:10:54.065,
1041,Serviços Veredas Ltda,"50.692.996/0001-92",2026-07-31 10:10:54.065,
1042,Consultoria Veredas Ltda,"50.693.009/0001-93",2026-07-31 10:10:54.065,
1043,Mercado Veredas Ltda,"50.694.022/0001-94",2026-07-31 10:10:54.065,
1044,Supermercado Veredas Ltda,"50.695.035/0001-95",2026-07-31 10:10:54.065,
1045,Farmácia Veredas Ltda,"50.696.048/0001-96",2026-07-31 10:10:54.065,
1046,Auto Peças Veredas Ltda,"50.697.061/0001-97",2026-07-31 10:10:54.065,
1047,Papelaria Veredas Ltda,"50.698.074/0001-98",2026-07-31 10:10:54.065,
1048,Madeireira Veredas Ltda,"50.699.087/0001-99",2026-07-31 10:10:54.065,
1049,Engenharia Veredas Ltda,"50.700.100/0001-00",2026-07-31 10:10:54.065,
1050,Comercial Pioneira Distribuição,"60.001.017/0001-01",2026-07-31 10:12:52.878,
1051,Distribuidora Nacional Distribuição,"60.002.034/0001-02",2026-07-31 10:12:52.878,
1052,Construtora Nacional Distribuição,"60.003.051/0001-03",2026-07-31 10:12:52.878,
1053,Transportes Nacional Distribuição,"60.004.068/0001-04",2026-07-31 10:12:52.878,
1054,Clínica Integra Distribuição,"60.005.085/0001-05",2026-07-31 10:12:52.878,
1055,Hospital Integra Distribuição,"60.006.102/0001-06",2026-07-31 10:12:52.878,
1056,Agropecuária Integra Distribuição,"60.007.119/0001-07",2026-07-31 10:12:52.878,
1057,Metalúrgica Excelência Logística,"60.008.136/0001-08",2026-07-31 10:12:52.878,
1058,Indústria Excelência Logística,"60.009.153/0001-09",2026-07-31 10:12:52.878,
1059,Tecnologia Excelência Logística,"60.010.170/0001-10",2026-07-31 10:12:52.878,
1060,Serviços Fênix Logística,"60.011.187/0001-11",2026-07-31 10:12:52.878,
1061,Consultoria Fênix Logística,"60.012.204/0001-12",2026-07-31 10:12:52.878,
1062,Mercado Fênix Logística,"60.013.221/0001-13",2026-07-31 10:12:52.878,
1063,Supermercado Orion Logística,"60.014.238/0001-14",2026-07-31 10:12:52.878,
1064,Farmácia Orion Soluções,"60.015.255/0001-15",2026-07-31 10:12:52.878,
1065,Auto Peças Orion Soluções,"60.016.272/0001-16",2026-07-31 10:12:52.878,
1066,Papelaria Delta Soluções,"60.017.289/0001-17",2026-07-31 10:12:52.878,
1067,Madeireira Delta Soluções,"60.018.306/0001-18",2026-07-31 10:12:52.878,
1068,Engenharia Delta Soluções,"60.019.323/0001-19",2026-07-31 10:12:52.878,
1069,Grupo Ômega Soluções,"60.020.340/0001-20",2026-07-31 10:12:52.878,
1070,Comercial Ômega Soluções,"60.021.357/0001-21",2026-07-31 10:12:52.878,
1071,Distribuidora Ômega Participações,"60.022.374/0001-22",2026-07-31 10:12:52.878,
1072,Construtora Solar Participações,"60.023.391/0001-23",2026-07-31 10:12:52.878,
1073,Transportes Solar Participações,"60.024.408/0001-24",2026-07-31 10:12:52.878,
1074,Clínica Solar Participações,"60.025.425/0001-25",2026-07-31 10:12:52.878,
1075,Hospital Brasil Participações,"60.026.442/0001-26",2026-07-31 10:12:52.878,
1076,Agropecuária Brasil Participações,"60.027.459/0001-27",2026-07-31 10:12:52.878,
1077,Metalúrgica Brasil Participações,"60.028.476/0001-28",2026-07-31 10:12:52.878,
1078,Indústria Forte Industrial,"60.029.493/0001-29",2026-07-31 10:12:52.878,
1079,Tecnologia Forte Industrial,"60.030.510/0001-30",2026-07-31 10:12:52.878,
1080,Serviços Forte Industrial,"60.031.527/0001-31",2026-07-31 10:12:52.878,
1081,Consultoria Elite Industrial,"60.032.544/0001-32",2026-07-31 10:12:52.878,
1082,Mercado Elite Industrial,"60.033.561/0001-33",2026-07-31 10:12:52.878,
1083,Supermercado Elite Industrial,"60.034.578/0001-34",2026-07-31 10:12:52.878,
1084,Farmácia Prime Industrial,"60.035.595/0001-35",2026-07-31 10:12:52.878,
1085,Auto Peças Prime Empreendimentos,"60.036.612/0001-36",2026-07-31 10:12:52.878,
1086,Papelaria Prime Empreendimentos,"60.037.629/0001-37",2026-07-31 10:12:52.878,
1087,Madeireira Avante Empreendimentos,"60.038.646/0001-38",2026-07-31 10:12:52.878,
1088,Engenharia Avante Empreendimentos,"60.039.663/0001-39",2026-07-31 10:12:52.878,
1089,Grupo Avante Empreendimentos,"60.040.680/0001-40",2026-07-31 10:12:52.878,
1090,Comercial Conquista Empreendimentos,"60.041.697/0001-41",2026-07-31 10:12:52.878,
1091,Distribuidora Conquista Empreendimentos,"60.042.714/0001-42",2026-07-31 10:12:52.878,
1092,Construtora Conquista Corporativo,"60.043.731/0001-43",2026-07-31 10:12:52.878,
1093,Transportes Real Corporativo,"60.044.748/0001-44",2026-07-31 10:12:52.878,
1094,Clínica Real Corporativo,"60.045.765/0001-45",2026-07-31 10:12:52.878,
1095,Hospital Real Corporativo,"60.046.782/0001-46",2026-07-31 10:12:52.878,
1096,Agropecuária Veredas Corporativo,"60.047.799/0001-47",2026-07-31 10:12:52.878,
1097,Metalúrgica Veredas Corporativo,"60.048.816/0001-48",2026-07-31 10:12:52.878,
1098,Indústria Veredas Corporativo,"60.049.833/0001-49",2026-07-31 10:12:52.878,
1099,Tecnologia Horizonte Ltda,"60.050.850/0001-50",2026-07-31 10:12:52.878,
1100,Serviços Horizonte Ltda,"60.051.867/0001-51",2026-07-31 10:12:52.878,
1101,Consultoria Horizonte Ltda,"60.052.884/0001-52",2026-07-31 10:12:52.878,
1102,Mercado Vale Verde Ltda,"60.053.901/0001-53",2026-07-31 10:12:52.878,
1103,Supermercado Vale Verde Ltda,"60.054.918/0001-54",2026-07-31 10:12:52.878,
1104,Farmácia Vale Verde Ltda,"60.055.935/0001-55",2026-07-31 10:12:52.878,
1105,Auto Peças São José Ltda,"60.056.952/0001-56",2026-07-31 10:12:52.878,
1106,Papelaria São José S.A.,"60.057.969/0001-57",2026-07-31 10:12:52.878,
1107,Madeireira São José S.A.,"60.058.986/0001-58",2026-07-31 10:12:52.878,
1108,Engenharia Nova Era S.A.,"60.059.003/0001-59",2026-07-31 10:12:52.878,
1109,Grupo Nova Era S.A.,"60.060.020/0001-60",2026-07-31 10:12:52.878,
1110,Comercial Nova Era S.A.,"60.061.037/0001-61",2026-07-31 10:12:52.878,
1111,Distribuidora Boa Vista S.A.,"60.062.054/0001-62",2026-07-31 10:12:52.878,
1112,Construtora Boa Vista S.A.,"60.063.071/0001-63",2026-07-31 10:12:52.878,
1113,Transportes Boa Vista Comércio,"60.064.088/0001-64",2026-07-31 10:12:52.878,
1114,Clínica Planalto Comércio,"60.065.105/0001-65",2026-07-31 10:12:52.878,
1115,Hospital Planalto Comércio,"60.066.122/0001-66",2026-07-31 10:12:52.878,
1116,Agropecuária Planalto Comércio,"60.067.139/0001-67",2026-07-31 10:12:52.878,
1117,Metalúrgica Atlântico Comércio,"60.068.156/0001-68",2026-07-31 10:12:52.878,
1118,Indústria Atlântico Comércio,"60.069.173/0001-69",2026-07-31 10:12:52.878,
1119,Tecnologia Atlântico Comércio,"60.070.190/0001-70",2026-07-31 10:12:52.878,
1120,Serviços Imperial Distribuição,"60.071.207/0001-71",2026-07-31 10:12:52.878,
1121,Consultoria Imperial Distribuição,"60.072.224/0001-72",2026-07-31 10:12:52.878,
1122,Mercado Imperial Distribuição,"60.073.241/0001-73",2026-07-31 10:12:52.878,
1123,Supermercado Central Distribuição,"60.074.258/0001-74",2026-07-31 10:12:52.878,
1124,Farmácia Central Distribuição,"60.075.275/0001-75",2026-07-31 10:12:52.878,
1125,Auto Peças Central Distribuição,"60.076.292/0001-76",2026-07-31 10:12:52.878,
1126,Papelaria Primavera Distribuição,"60.077.309/0001-77",2026-07-31 10:12:52.878,
1127,Madeireira Primavera Logística,"60.078.326/0001-78",2026-07-31 10:12:52.878,
1128,Engenharia Primavera Logística,"60.079.343/0001-79",2026-07-31 10:12:52.878,
1129,Grupo Vitória Logística,"60.080.360/0001-80",2026-07-31 10:12:52.878,
1130,Comercial Vitória Logística,"60.081.377/0001-81",2026-07-31 10:12:52.878,
1131,Distribuidora Vitória Logística,"60.082.394/0001-82",2026-07-31 10:12:52.878,
1132,Construtora Santa Clara Logística,"60.083.411/0001-83",2026-07-31 10:12:52.878,
1133,Transportes Santa Clara Logística,"60.084.428/0001-84",2026-07-31 10:12:52.878,
1134,Clínica Santa Clara Soluções,"60.085.445/0001-85",2026-07-31 10:12:52.878,
1135,Hospital Monte Alto Soluções,"60.086.462/0001-86",2026-07-31 10:12:52.878,
1136,Agropecuária Monte Alto Soluções,"60.087.479/0001-87",2026-07-31 10:12:52.878,
1137,Metalúrgica Monte Alto Soluções,"60.088.496/0001-88",2026-07-31 10:12:52.878,
1138,Indústria Litoral Soluções,"60.089.513/0001-89",2026-07-31 10:12:52.878,
1139,Tecnologia Litoral Soluções,"60.090.530/0001-90",2026-07-31 10:12:52.878,
1140,Serviços Litoral Soluções,"60.091.547/0001-91",2026-07-31 10:12:52.878,
1141,Consultoria Capital Participações,"60.092.564/0001-92",2026-07-31 10:12:52.878,
1142,Mercado Capital Participações,"60.093.581/0001-93",2026-07-31 10:12:52.878,
1143,Supermercado Capital Participações,"60.094.598/0001-94",2026-07-31 10:12:52.878,
1144,Farmácia União Participações,"60.095.615/0001-95",2026-07-31 10:12:52.878,
1145,Auto Peças União Participações,"60.096.632/0001-96",2026-07-31 10:12:52.878,
1146,Papelaria União Participações,"60.097.649/0001-97",2026-07-31 10:12:52.878,
1147,Madeireira Estrela Participações,"60.098.666/0001-98",2026-07-31 10:12:52.878,
1148,Engenharia Estrela Industrial,"60.099.683/0001-99",2026-07-31 10:12:52.878,
1149,Grupo Estrela Industrial,"60.100.700/0001-00",2026-07-31 10:12:52.878,
1151,Empresa FictÃ­cia 1151,"80.001.017/0001-01",2026-08-03 08:38:00.000,
1152,Empresa FictÃ­cia 1152,"80.002.034/0001-02",2026-08-03 08:38:00.000,
1153,Empresa FictÃ­cia 1153,"80.003.051/0001-03",2026-08-03 08:38:00.000,
1154,Empresa FictÃ­cia 1154,"80.004.068/0001-04",2026-08-03 08:38:00.000,
1155,Empresa FictÃ­cia 1155,"80.005.085/0001-05",2026-08-03 08:38:00.000,
1156,Empresa FictÃ­cia 1156,"80.006.102/0001-06",2026-08-03 08:38:00.000,
1157,Empresa FictÃ­cia 1157,"80.007.119/0001-07",2026-08-03 08:38:00.000,
1158,Empresa FictÃ­cia 1158,"80.008.136/0001-08",2026-08-03 08:38:00.000,
1159,Empresa FictÃ­cia 1159,"80.009.153/0001-09",2026-08-03 08:38:00.000,
1160,Empresa FictÃ­cia 1160,"80.010.170/0001-10",2026-08-03 08:38:00.000,
1161,Empresa FictÃ­cia 1161,"80.011.187/0001-11",2026-08-03 08:38:00.000,
1162,Empresa FictÃ­cia 1162,"80.012.204/0001-12",2026-08-03 08:38:00.000,
1163,Empresa FictÃ­cia 1163,"80.013.221/0001-13",2026-08-03 08:38:00.000,
1164,Empresa FictÃ­cia 1164,"80.014.238/0001-14",2026-08-03 08:38:00.000,
1165,Empresa FictÃ­cia 1165,"80.015.255/0001-15",2026-08-03 08:38:00.000,
1166,Empresa FictÃ­cia 1166,"80.016.272/0001-16",2026-08-03 08:38:00.000,
1167,Empresa FictÃ­cia 1167,"80.017.289/0001-17",2026-08-03 08:38:00.000,
1168,Empresa FictÃ­cia 1168,"80.018.306/0001-18",2026-08-03 08:38:00.000,
1169,Empresa FictÃ­cia 1169,"80.019.323/0001-19",2026-08-03 08:38:00.000,
1170,Empresa FictÃ­cia 1170,"80.020.340/0001-20",2026-08-03 08:38:00.000,
1171,Empresa FictÃ­cia 1171,"80.021.357/0001-21",2026-08-03 08:38:00.000,
1172,Empresa FictÃ­cia 1172,"80.022.374/0001-22",2026-08-03 08:38:00.000,
1173,Empresa FictÃ­cia 1173,"80.023.391/0001-23",2026-08-03 08:38:00.000,
1174,Empresa FictÃ­cia 1174,"80.024.408/0001-24",2026-08-03 08:38:00.000,
1175,Empresa FictÃ­cia 1175,"80.025.425/0001-25",2026-08-03 08:38:00.000,
1176,Empresa FictÃ­cia 1176,"80.026.442/0001-26",2026-08-03 08:38:00.000,
1177,Empresa FictÃ­cia 1177,"80.027.459/0001-27",2026-08-03 08:38:00.000,
1178,Empresa FictÃ­cia 1178,"80.028.476/0001-28",2026-08-03 08:38:00.000,
1179,Empresa FictÃ­cia 1179,"80.029.493/0001-29",2026-08-03 08:38:00.000,
1180,Empresa FictÃ­cia 1180,"80.030.510/0001-30",2026-08-03 08:38:00.000,
1181,Empresa FictÃ­cia 1181,"80.031.527/0001-31",2026-08-03 08:38:00.000,
1182,Empresa FictÃ­cia 1182,"80.032.544/0001-32",2026-08-03 08:38:00.000,
1183,Empresa FictÃ­cia 1183,"80.033.561/0001-33",2026-08-03 08:38:00.000,
1184,Empresa FictÃ­cia 1184,"80.034.578/0001-34",2026-08-03 08:38:00.000,
1185,Empresa FictÃ­cia 1185,"80.035.595/0001-35",2026-08-03 08:38:00.000,
1186,Empresa FictÃ­cia 1186,"80.036.612/0001-36",2026-08-03 08:38:00.000,
1187,Empresa FictÃ­cia 1187,"80.037.629/0001-37",2026-08-03 08:38:00.000,
1188,Empresa FictÃ­cia 1188,"80.038.646/0001-38",2026-08-03 08:38:00.000,
1189,Empresa FictÃ­cia 1189,"80.039.663/0001-39",2026-08-03 08:38:00.000,
1190,Empresa FictÃ­cia 1190,"80.040.680/0001-40",2026-08-03 08:38:00.000,
1191,Empresa FictÃ­cia 1191,"80.041.697/0001-41",2026-08-03 08:38:00.000,
1192,Empresa FictÃ­cia 1192,"80.042.714/0001-42",2026-08-03 08:38:00.000,
1193,Empresa FictÃ­cia 1193,"80.043.731/0001-43",2026-08-03 08:38:00.000,
1194,Empresa FictÃ­cia 1194,"80.044.748/0001-44",2026-08-03 08:38:00.000,
1195,Empresa FictÃ­cia 1195,"80.045.765/0001-45",2026-08-03 08:38:00.000,
1196,Empresa FictÃ­cia 1196,"80.046.782/0001-46",2026-08-03 08:38:00.000,
1197,Empresa FictÃ­cia 1197,"80.047.799/0001-47",2026-08-03 08:38:00.000,
1198,Empresa FictÃ­cia 1198,"80.048.816/0001-48",2026-08-03 08:38:00.000,
1199,Empresa FictÃ­cia 1199,"80.049.833/0001-49",2026-08-03 08:38:00.000,
1200,Empresa FictÃ­cia 1200,"80.050.850/0001-50",2026-08-03 08:38:00.000,
1201,Empresa FictÃ­cia 1201,"80.051.867/0001-51",2026-08-03 08:38:00.000,
1202,Empresa FictÃ­cia 1202,"80.052.884/0001-52",2026-08-03 08:38:00.000,
1203,Empresa FictÃ­cia 1203,"80.053.901/0001-53",2026-08-03 08:38:00.000,
1204,Empresa FictÃ­cia 1204,"80.054.918/0001-54",2026-08-03 08:38:00.000,
1205,Empresa FictÃ­cia 1205,"80.055.935/0001-55",2026-08-03 08:38:00.000,
1206,Empresa FictÃ­cia 1206,"80.056.952/0001-56",2026-08-03 08:38:00.000,
1207,Empresa FictÃ­cia 1207,"80.057.969/0001-57",2026-08-03 08:38:00.000,
1208,Empresa FictÃ­cia 1208,"80.058.986/0001-58",2026-08-03 08:38:00.000,
1209,Empresa FictÃ­cia 1209,"80.059.003/0001-59",2026-08-03 08:38:00.000,
1210,Empresa FictÃ­cia 1210,"80.060.020/0001-60",2026-08-03 08:38:00.000,
1211,Empresa FictÃ­cia 1211,"80.061.037/0001-61",2026-08-03 08:38:00.000,
1212,Empresa FictÃ­cia 1212,"80.062.054/0001-62",2026-08-03 08:38:00.000,
1213,Empresa FictÃ­cia 1213,"80.063.071/0001-63",2026-08-03 08:38:00.000,
1214,Empresa FictÃ­cia 1214,"80.064.088/0001-64",2026-08-03 08:38:00.000,
1215,Empresa FictÃ­cia 1215,"80.065.105/0001-65",2026-08-03 08:38:00.000,
1216,Empresa FictÃ­cia 1216,"80.066.122/0001-66",2026-08-03 08:38:00.000,
1217,Empresa FictÃ­cia 1217,"80.067.139/0001-67",2026-08-03 08:38:00.000,
1218,Empresa FictÃ­cia 1218,"80.068.156/0001-68",2026-08-03 08:38:00.000,
1219,Empresa FictÃ­cia 1219,"80.069.173/0001-69",2026-08-03 08:38:00.000,
1220,Empresa FictÃ­cia 1220,"80.070.190/0001-70",2026-08-03 08:38:00.000,
1221,Empresa FictÃ­cia 1221,"80.071.207/0001-71",2026-08-03 08:38:00.000,
1222,Empresa FictÃ­cia 1222,"80.072.224/0001-72",2026-08-03 08:38:00.000,
1223,Empresa FictÃ­cia 1223,"80.073.241/0001-73",2026-08-03 08:38:00.000,
1224,Empresa FictÃ­cia 1224,"80.074.258/0001-74",2026-08-03 08:38:00.000,
1225,Empresa FictÃ­cia 1225,"80.075.275/0001-75",2026-08-03 08:38:00.000,
1226,Empresa FictÃ­cia 1226,"80.076.292/0001-76",2026-08-03 08:38:00.000,
1227,Empresa FictÃ­cia 1227,"80.077.309/0001-77",2026-08-03 08:38:00.000,
1228,Empresa FictÃ­cia 1228,"80.078.326/0001-78",2026-08-03 08:38:00.000,
1229,Empresa FictÃ­cia 1229,"80.079.343/0001-79",2026-08-03 08:38:00.000,
1230,Empresa FictÃ­cia 1230,"80.080.360/0001-80",2026-08-03 08:38:00.000,
1231,Empresa FictÃ­cia 1231,"80.081.377/0001-81",2026-08-03 08:38:00.000,
1232,Empresa FictÃ­cia 1232,"80.082.394/0001-82",2026-08-03 08:38:00.000,
1233,Empresa FictÃ­cia 1233,"80.083.411/0001-83",2026-08-03 08:38:00.000,
1234,Empresa FictÃ­cia 1234,"80.084.428/0001-84",2026-08-03 08:38:00.000,
1235,Empresa FictÃ­cia 1235,"80.085.445/0001-85",2026-08-03 08:38:00.000,
1236,Empresa FictÃ­cia 1236,"80.086.462/0001-86",2026-08-03 08:38:00.000,
1237,Empresa FictÃ­cia 1237,"80.087.479/0001-87",2026-08-03 08:38:00.000,
1238,Empresa FictÃ­cia 1238,"80.088.496/0001-88",2026-08-03 08:38:00.000,
1239,Empresa FictÃ­cia 1239,"80.089.513/0001-89",2026-08-03 08:38:00.000,
1240,Empresa FictÃ­cia 1240,"80.090.530/0001-90",2026-08-03 08:38:00.000,
1241,Empresa FictÃ­cia 1241,"80.091.547/0001-91",2026-08-03 08:38:00.000,
1242,Empresa FictÃ­cia 1242,"80.092.564/0001-92",2026-08-03 08:38:00.000,
1243,Empresa FictÃ­cia 1243,"80.093.581/0001-93",2026-08-03 08:38:00.000,
1244,Empresa FictÃ­cia 1244,"80.094.598/0001-94",2026-08-03 08:38:00.000,
1245,Empresa FictÃ­cia 1245,"80.095.615/0001-95",2026-08-03 08:38:00.000,
1246,Empresa FictÃ­cia 1246,"80.096.632/0001-96",2026-08-03 08:38:00.000,
1247,Empresa FictÃ­cia 1247,"80.097.649/0001-97",2026-08-03 08:38:00.000,
1248,Empresa FictÃ­cia 1248,"80.098.666/0001-98",2026-08-03 08:38:00.000,
1249,Empresa FictÃ­cia 1249,"80.099.683/0001-99",2026-08-03 08:38:00.000,
1250,Empresa FictÃ­cia 1250,"80.100.700/0001-00",2026-08-03 08:38:00.000,
1251,Empresa FictÃ­cia 1251,"80.101.717/0001-01",2026-08-03 08:38:00.000,
1252,Empresa FictÃ­cia 1252,"80.102.734/0001-02",2026-08-03 08:38:00.000,
1253,Empresa FictÃ­cia 1253,"80.103.751/0001-03",2026-08-03 08:38:00.000,
1254,Empresa FictÃ­cia 1254,"80.104.768/0001-04",2026-08-03 08:38:00.000,
1255,Empresa FictÃ­cia 1255,"80.105.785/0001-05",2026-08-03 08:38:00.000,
1256,Empresa FictÃ­cia 1256,"80.106.802/0001-06",2026-08-03 08:38:00.000,
1257,Empresa FictÃ­cia 1257,"80.107.819/0001-07",2026-08-03 08:38:00.000,
1258,Empresa FictÃ­cia 1258,"80.108.836/0001-08",2026-08-03 08:38:00.000,
1259,Empresa FictÃ­cia 1259,"80.109.853/0001-09",2026-08-03 08:38:00.000,
1260,Empresa FictÃ­cia 1260,"80.110.870/0001-10",2026-08-03 08:38:00.000,
1261,Empresa FictÃ­cia 1261,"80.111.887/0001-11",2026-08-03 08:38:00.000,
1262,Empresa FictÃ­cia 1262,"80.112.904/0001-12",2026-08-03 08:38:00.000,
1263,Empresa FictÃ­cia 1263,"80.113.921/0001-13",2026-08-03 08:38:00.000,
1264,Empresa FictÃ­cia 1264,"80.114.938/0001-14",2026-08-03 08:38:00.000,
1265,Empresa FictÃ­cia 1265,"80.115.955/0001-15",2026-08-03 08:38:00.000,
1266,Empresa FictÃ­cia 1266,"80.116.972/0001-16",2026-08-03 08:38:00.000,
1267,Empresa FictÃ­cia 1267,"80.117.989/0001-17",2026-08-03 08:38:00.000,
1268,Empresa FictÃ­cia 1268,"80.118.006/0001-18",2026-08-03 08:38:00.000,
1269,Empresa FictÃ­cia 1269,"80.119.023/0001-19",2026-08-03 08:38:00.000,
1270,Empresa FictÃ­cia 1270,"80.120.040/0001-20",2026-08-03 08:38:00.000,
1271,Empresa FictÃ­cia 1271,"80.121.057/0001-21",2026-08-03 08:38:00.000,
1272,Empresa FictÃ­cia 1272,"80.122.074/0001-22",2026-08-03 08:38:00.000,
1273,Empresa FictÃ­cia 1273,"80.123.091/0001-23",2026-08-03 08:38:00.000,
1274,Empresa FictÃ­cia 1274,"80.124.108/0001-24",2026-08-03 08:38:00.000,
1275,Empresa FictÃ­cia 1275,"80.125.125/0001-25",2026-08-03 08:38:00.000,
1276,Empresa FictÃ­cia 1276,"80.126.142/0001-26",2026-08-03 08:38:00.000,
1277,Empresa FictÃ­cia 1277,"80.127.159/0001-27",2026-08-03 08:38:00.000,
1278,Empresa FictÃ­cia 1278,"80.128.176/0001-28",2026-08-03 08:38:00.000,
1279,Empresa FictÃ­cia 1279,"80.129.193/0001-29",2026-08-03 08:38:00.000,
1280,Empresa FictÃ­cia 1280,"80.130.210/0001-30",2026-08-03 08:38:00.000,
1281,Empresa FictÃ­cia 1281,"80.131.227/0001-31",2026-08-03 08:38:00.000,
1282,Empresa FictÃ­cia 1282,"80.132.244/0001-32",2026-08-03 08:38:00.000,
1283,Empresa FictÃ­cia 1283,"80.133.261/0001-33",2026-08-03 08:38:00.000,
1284,Empresa FictÃ­cia 1284,"80.134.278/0001-34",2026-08-03 08:38:00.000,
1285,Empresa FictÃ­cia 1285,"80.135.295/0001-35",2026-08-03 08:38:00.000,
1286,Empresa FictÃ­cia 1286,"80.136.312/0001-36",2026-08-03 08:38:00.000,
1287,Empresa FictÃ­cia 1287,"80.137.329/0001-37",2026-08-03 08:38:00.000,
1288,Empresa FictÃ­cia 1288,"80.138.346/0001-38",2026-08-03 08:38:00.000,
1289,Empresa FictÃ­cia 1289,"80.139.363/0001-39",2026-08-03 08:38:00.000,
1290,Empresa FictÃ­cia 1290,"80.140.380/0001-40",2026-08-03 08:38:00.000,
1291,Empresa FictÃ­cia 1291,"80.141.397/0001-41",2026-08-03 08:38:00.000,
1292,Empresa FictÃ­cia 1292,"80.142.414/0001-42",2026-08-03 08:38:00.000,
1293,Empresa FictÃ­cia 1293,"80.143.431/0001-43",2026-08-03 08:38:00.000,
1294,Empresa FictÃ­cia 1294,"80.144.448/0001-44",2026-08-03 08:38:00.000,
1295,Empresa FictÃ­cia 1295,"80.145.465/0001-45",2026-08-03 08:38:00.000,
1296,Empresa FictÃ­cia 1296,"80.146.482/0001-46",2026-08-03 08:38:00.000,
1297,Empresa FictÃ­cia 1297,"80.147.499/0001-47",2026-08-03 08:38:00.000,
1298,Empresa FictÃ­cia 1298,"80.148.516/0001-48",2026-08-03 08:38:00.000,
1299,Empresa FictÃ­cia 1299,"80.149.533/0001-49",2026-08-03 08:38:00.000,
1300,Empresa FictÃ­cia 1300,"80.150.550/0001-50",2026-08-03 08:38:00.000,
1301,Empresa FictÃ­cia 1301,"80.151.567/0001-51",2026-08-03 08:38:00.000,
1302,Empresa FictÃ­cia 1302,"80.152.584/0001-52",2026-08-03 08:38:00.000,
1303,Empresa FictÃ­cia 1303,"80.153.601/0001-53",2026-08-03 08:38:00.000,
1304,Empresa FictÃ­cia 1304,"80.154.618/0001-54",2026-08-03 08:38:00.000,
1305,Empresa FictÃ­cia 1305,"80.155.635/0001-55",2026-08-03 08:38:00.000,
1306,Empresa FictÃ­cia 1306,"80.156.652/0001-56",2026-08-03 08:38:00.000,
1307,Empresa FictÃ­cia 1307,"80.157.669/0001-57",2026-08-03 08:38:00.000,
1308,Empresa FictÃ­cia 1308,"80.158.686/0001-58",2026-08-03 08:38:00.000,
1309,Empresa FictÃ­cia 1309,"80.159.703/0001-59",2026-08-03 08:38:00.000,
1310,Empresa FictÃ­cia 1310,"80.160.720/0001-60",2026-08-03 08:38:00.000,
1311,Empresa FictÃ­cia 1311,"80.161.737/0001-61",2026-08-03 08:38:00.000,
1312,Empresa FictÃ­cia 1312,"80.162.754/0001-62",2026-08-03 08:38:00.000,
1313,Empresa FictÃ­cia 1313,"80.163.771/0001-63",2026-08-03 08:38:00.000,
1314,Empresa FictÃ­cia 1314,"80.164.788/0001-64",2026-08-03 08:38:00.000,
1315,Empresa FictÃ­cia 1315,"80.165.805/0001-65",2026-08-03 08:38:00.000,
1316,Empresa FictÃ­cia 1316,"80.166.822/0001-66",2026-08-03 08:38:00.000,
1317,Empresa FictÃ­cia 1317,"80.167.839/0001-67",2026-08-03 08:38:00.000,
1318,Empresa FictÃ­cia 1318,"80.168.856/0001-68",2026-08-03 08:38:00.000,
1319,Empresa FictÃ­cia 1319,"80.169.873/0001-69",2026-08-03 08:38:00.000,
1320,Empresa FictÃ­cia 1320,"80.170.890/0001-70",2026-08-03 08:38:00.000,
1321,Empresa FictÃ­cia 1321,"80.171.907/0001-71",2026-08-03 08:38:00.000,
1322,Empresa FictÃ­cia 1322,"80.172.924/0001-72",2026-08-03 08:38:00.000,
1323,Empresa FictÃ­cia 1323,"80.173.941/0001-73",2026-08-03 08:38:00.000,
1324,Empresa FictÃ­cia 1324,"80.174.958/0001-74",2026-08-03 08:38:00.000,
1325,Empresa FictÃ­cia 1325,"80.175.975/0001-75",2026-08-03 08:38:00.000,
1326,Empresa FictÃ­cia 1326,"80.176.992/0001-76",2026-08-03 08:38:00.000,
1327,Empresa FictÃ­cia 1327,"80.177.009/0001-77",2026-08-03 08:38:00.000,
1328,Empresa FictÃ­cia 1328,"80.178.026/0001-78",2026-08-03 08:38:00.000,
1329,Empresa FictÃ­cia 1329,"80.179.043/0001-79",2026-08-03 08:38:00.000,
1330,Empresa FictÃ­cia 1330,"80.180.060/0001-80",2026-08-03 08:38:00.000,
1331,Empresa FictÃ­cia 1331,"80.181.077/0001-81",2026-08-03 08:38:00.000,
1332,Empresa FictÃ­cia 1332,"80.182.094/0001-82",2026-08-03 08:38:00.000,
1333,Empresa FictÃ­cia 1333,"80.183.111/0001-83",2026-08-03 08:38:00.000,
1334,Empresa FictÃ­cia 1334,"80.184.128/0001-84",2026-08-03 08:38:00.000,
1335,Empresa FictÃ­cia 1335,"80.185.145/0001-85",2026-08-03 08:38:00.000,
1336,Empresa FictÃ­cia 1336,"80.186.162/0001-86",2026-08-03 08:38:00.000,
1337,Empresa FictÃ­cia 1337,"80.187.179/0001-87",2026-08-03 08:38:00.000,
1338,Empresa FictÃ­cia 1338,"80.188.196/0001-88",2026-08-03 08:38:00.000,
1339,Empresa FictÃ­cia 1339,"80.189.213/0001-89",2026-08-03 08:38:00.000,
1340,Empresa FictÃ­cia 1340,"80.190.230/0001-90",2026-08-03 08:38:00.000,
1341,Empresa FictÃ­cia 1341,"80.191.247/0001-91",2026-08-03 08:38:00.000,
1342,Empresa FictÃ­cia 1342,"80.192.264/0001-92",2026-08-03 08:38:00.000,
1343,Empresa FictÃ­cia 1343,"80.193.281/0001-93",2026-08-03 08:38:00.000,
1344,Empresa FictÃ­cia 1344,"80.194.298/0001-94",2026-08-03 08:38:00.000,
1345,Empresa FictÃ­cia 1345,"80.195.315/0001-95",2026-08-03 08:38:00.000,
1346,Empresa FictÃ­cia 1346,"80.196.332/0001-96",2026-08-03 08:38:00.000,
1347,Empresa FictÃ­cia 1347,"80.197.349/0001-97",2026-08-03 08:38:00.000,
1348,Empresa FictÃ­cia 1348,"80.198.366/0001-98",2026-08-03 08:38:00.000,
1349,Empresa FictÃ­cia 1349,"80.199.383/0001-99",2026-08-03 08:38:00.000,
1350,Empresa FictÃ­cia 1350,"80.200.400/0001-00",2026-08-03 08:38:00.000,
1351,Empresa FictÃ­cia 1351,"80.201.417/0001-01",2026-08-03 08:38:00.000,
1352,Empresa FictÃ­cia 1352,"80.202.434/0001-02",2026-08-03 08:38:00.000,
1353,Empresa FictÃ­cia 1353,"80.203.451/0001-03",2026-08-03 08:38:00.000,
1354,Empresa FictÃ­cia 1354,"80.204.468/0001-04",2026-08-03 08:38:00.000,
1355,Empresa FictÃ­cia 1355,"80.205.485/0001-05",2026-08-03 08:38:00.000,
1356,Empresa FictÃ­cia 1356,"80.206.502/0001-06",2026-08-03 08:38:00.000,
1357,Empresa FictÃ­cia 1357,"80.207.519/0001-07",2026-08-03 08:38:00.000,
1358,Empresa FictÃ­cia 1358,"80.208.536/0001-08",2026-08-03 08:38:00.000,
1359,Empresa FictÃ­cia 1359,"80.209.553/0001-09",2026-08-03 08:38:00.000,
1360,Empresa FictÃ­cia 1360,"80.210.570/0001-10",2026-08-03 08:38:00.000,
1361,Empresa FictÃ­cia 1361,"80.211.587/0001-11",2026-08-03 08:38:00.000,
1362,Empresa FictÃ­cia 1362,"80.212.604/0001-12",2026-08-03 08:38:00.000,
1363,Empresa FictÃ­cia 1363,"80.213.621/0001-13",2026-08-03 08:38:00.000,
1364,Empresa FictÃ­cia 1364,"80.214.638/0001-14",2026-08-03 08:38:00.000,
1365,Empresa FictÃ­cia 1365,"80.215.655/0001-15",2026-08-03 08:38:00.000,
1366,Empresa FictÃ­cia 1366,"80.216.672/0001-16",2026-08-03 08:38:00.000,
1367,Empresa FictÃ­cia 1367,"80.217.689/0001-17",2026-08-03 08:38:00.000,
1368,Empresa FictÃ­cia 1368,"80.218.706/0001-18",2026-08-03 08:38:00.000,
1369,Empresa FictÃ­cia 1369,"80.219.723/0001-19",2026-08-03 08:38:00.000,
1370,Empresa FictÃ­cia 1370,"80.220.740/0001-20",2026-08-03 08:38:00.000,
1371,Empresa FictÃ­cia 1371,"80.221.757/0001-21",2026-08-03 08:38:00.000,
1372,Empresa FictÃ­cia 1372,"80.222.774/0001-22",2026-08-03 08:38:00.000,
1373,Empresa FictÃ­cia 1373,"80.223.791/0001-23",2026-08-03 08:38:00.000,
1374,Empresa FictÃ­cia 1374,"80.224.808/0001-24",2026-08-03 08:38:00.000,
1375,Empresa FictÃ­cia 1375,"80.225.825/0001-25",2026-08-03 08:38:00.000,
1376,Empresa FictÃ­cia 1376,"80.226.842/0001-26",2026-08-03 08:38:00.000,
1377,Empresa FictÃ­cia 1377,"80.227.859/0001-27",2026-08-03 08:38:00.000,
1378,Empresa FictÃ­cia 1378,"80.228.876/0001-28",2026-08-03 08:38:00.000,
1379,Empresa FictÃ­cia 1379,"80.229.893/0001-29",2026-08-03 08:38:00.000,
1380,Empresa FictÃ­cia 1380,"80.230.910/0001-30",2026-08-03 08:38:00.000,
1381,Empresa FictÃ­cia 1381,"80.231.927/0001-31",2026-08-03 08:38:00.000,
1382,Empresa FictÃ­cia 1382,"80.232.944/0001-32",2026-08-03 08:38:00.000,
1383,Empresa FictÃ­cia 1383,"80.233.961/0001-33",2026-08-03 08:38:00.000,
1384,Empresa FictÃ­cia 1384,"80.234.978/0001-34",2026-08-03 08:38:00.000,
1385,Empresa FictÃ­cia 1385,"80.235.995/0001-35",2026-08-03 08:38:00.000,
1386,Empresa FictÃ­cia 1386,"80.236.012/0001-36",2026-08-03 08:38:00.000,
1387,Empresa FictÃ­cia 1387,"80.237.029/0001-37",2026-08-03 08:38:00.000,
1388,Empresa FictÃ­cia 1388,"80.238.046/0001-38",2026-08-03 08:38:00.000,
1389,Empresa FictÃ­cia 1389,"80.239.063/0001-39",2026-08-03 08:38:00.000,
1390,Empresa FictÃ­cia 1390,"80.240.080/0001-40",2026-08-03 08:38:00.000,
1391,Empresa FictÃ­cia 1391,"80.241.097/0001-41",2026-08-03 08:38:00.000,
1392,Empresa FictÃ­cia 1392,"80.242.114/0001-42",2026-08-03 08:38:00.000,
1393,Empresa FictÃ­cia 1393,"80.243.131/0001-43",2026-08-03 08:38:00.000,
1394,Empresa FictÃ­cia 1394,"80.244.148/0001-44",2026-08-03 08:38:00.000,
1395,Empresa FictÃ­cia 1395,"80.245.165/0001-45",2026-08-03 08:38:00.000,
1396,Empresa FictÃ­cia 1396,"80.246.182/0001-46",2026-08-03 08:38:00.000,
1397,Empresa FictÃ­cia 1397,"80.247.199/0001-47",2026-08-03 08:38:00.000,
1398,Empresa FictÃ­cia 1398,"80.248.216/0001-48",2026-08-03 08:38:00.000,
1399,Empresa FictÃ­cia 1399,"80.249.233/0001-49",2026-08-03 08:38:00.000,
1400,Empresa FictÃ­cia 1400,"80.250.250/0001-50",2026-08-03 08:38:00.000,
1401,Empresa FictÃ­cia 1401,"80.251.267/0001-51",2026-08-03 08:38:00.000,
1402,Empresa FictÃ­cia 1402,"80.252.284/0001-52",2026-08-03 08:38:00.000,
1403,Empresa FictÃ­cia 1403,"80.253.301/0001-53",2026-08-03 08:38:00.000,
1404,Empresa FictÃ­cia 1404,"80.254.318/0001-54",2026-08-03 08:38:00.000,
1405,Empresa FictÃ­cia 1405,"80.255.335/0001-55",2026-08-03 08:38:00.000,
1406,Empresa FictÃ­cia 1406,"80.256.352/0001-56",2026-08-03 08:38:00.000,
1407,Empresa FictÃ­cia 1407,"80.257.369/0001-57",2026-08-03 08:38:00.000,
1408,Empresa FictÃ­cia 1408,"80.258.386/0001-58",2026-08-03 08:38:00.000,
1409,Empresa FictÃ­cia 1409,"80.259.403/0001-59",2026-08-03 08:38:00.000,
1410,Empresa FictÃ­cia 1410,"80.260.420/0001-60",2026-08-03 08:38:00.000,
1411,Empresa FictÃ­cia 1411,"80.261.437/0001-61",2026-08-03 08:38:00.000,
1412,Empresa FictÃ­cia 1412,"80.262.454/0001-62",2026-08-03 08:38:00.000,
1413,Empresa FictÃ­cia 1413,"80.263.471/0001-63",2026-08-03 08:38:00.000,
1414,Empresa FictÃ­cia 1414,"80.264.488/0001-64",2026-08-03 08:38:00.000,
1415,Empresa FictÃ­cia 1415,"80.265.505/0001-65",2026-08-03 08:38:00.000,
1416,Empresa FictÃ­cia 1416,"80.266.522/0001-66",2026-08-03 08:38:00.000,
1417,Empresa FictÃ­cia 1417,"80.267.539/0001-67",2026-08-03 08:38:00.000,
1418,Empresa FictÃ­cia 1418,"80.268.556/0001-68",2026-08-03 08:38:00.000,
1419,Empresa FictÃ­cia 1419,"80.269.573/0001-69",2026-08-03 08:38:00.000,
1420,Empresa FictÃ­cia 1420,"80.270.590/0001-70",2026-08-03 08:38:00.000,
1421,Empresa FictÃ­cia 1421,"80.271.607/0001-71",2026-08-03 08:38:00.000,
1422,Empresa FictÃ­cia 1422,"80.272.624/0001-72",2026-08-03 08:38:00.000,
1423,Empresa FictÃ­cia 1423,"80.273.641/0001-73",2026-08-03 08:38:00.000,
1424,Empresa FictÃ­cia 1424,"80.274.658/0001-74",2026-08-03 08:38:00.000,
1425,Empresa FictÃ­cia 1425,"80.275.675/0001-75",2026-08-03 08:38:00.000,
1426,Empresa FictÃ­cia 1426,"80.276.692/0001-76",2026-08-03 08:38:00.000,
1427,Empresa FictÃ­cia 1427,"80.277.709/0001-77",2026-08-03 08:38:00.000,
1428,Empresa FictÃ­cia 1428,"80.278.726/0001-78",2026-08-03 08:38:00.000,
1429,Empresa FictÃ­cia 1429,"80.279.743/0001-79",2026-08-03 08:38:00.000,
1430,Empresa FictÃ­cia 1430,"80.280.760/0001-80",2026-08-03 08:38:00.000,
1431,Empresa FictÃ­cia 1431,"80.281.777/0001-81",2026-08-03 08:38:00.000,
1432,Empresa FictÃ­cia 1432,"80.282.794/0001-82",2026-08-03 08:38:00.000,
1433,Empresa FictÃ­cia 1433,"80.283.811/0001-83",2026-08-03 08:38:00.000,
1434,Empresa FictÃ­cia 1434,"80.284.828/0001-84",2026-08-03 08:38:00.000,
1435,Empresa FictÃ­cia 1435,"80.285.845/0001-85",2026-08-03 08:38:00.000,
1436,Empresa FictÃ­cia 1436,"80.286.862/0001-86",2026-08-03 08:38:00.000,
1437,Empresa FictÃ­cia 1437,"80.287.879/0001-87",2026-08-03 08:38:00.000,
1438,Empresa FictÃ­cia 1438,"80.288.896/0001-88",2026-08-03 08:38:00.000,
1439,Empresa FictÃ­cia 1439,"80.289.913/0001-89",2026-08-03 08:38:00.000,
1440,Empresa FictÃ­cia 1440,"80.290.930/0001-90",2026-08-03 08:38:00.000,
1441,Empresa FictÃ­cia 1441,"80.291.947/0001-91",2026-08-03 08:38:00.000,
1442,Empresa FictÃ­cia 1442,"80.292.964/0001-92",2026-08-03 08:38:00.000,
1443,Empresa FictÃ­cia 1443,"80.293.981/0001-93",2026-08-03 08:38:00.000,
1444,Empresa FictÃ­cia 1444,"80.294.998/0001-94",2026-08-03 08:38:00.000,
1445,Empresa FictÃ­cia 1445,"80.295.015/0001-95",2026-08-03 08:38:00.000,
1446,Empresa FictÃ­cia 1446,"80.296.032/0001-96",2026-08-03 08:38:00.000,
1447,Empresa FictÃ­cia 1447,"80.297.049/0001-97",2026-08-03 08:38:00.000,
1448,Empresa FictÃ­cia 1448,"80.298.066/0001-98",2026-08-03 08:38:00.000,
1449,Empresa FictÃ­cia 1449,"80.299.083/0001-99",2026-08-03 08:38:00.000,
1450,Empresa FictÃ­cia 1450,"80.300.100/0001-00",2026-08-03 08:38:00.000,
1451,Empresa FictÃ­cia 1451,"80.301.117/0001-01",2026-08-03 08:38:00.000,
1452,Empresa FictÃ­cia 1452,"80.302.134/0001-02",2026-08-03 08:38:00.000,
1453,Empresa FictÃ­cia 1453,"80.303.151/0001-03",2026-08-03 08:38:00.000,
1454,Empresa FictÃ­cia 1454,"80.304.168/0001-04",2026-08-03 08:38:00.000,
1455,Empresa FictÃ­cia 1455,"80.305.185/0001-05",2026-08-03 08:38:00.000,
1456,Empresa FictÃ­cia 1456,"80.306.202/0001-06",2026-08-03 08:38:00.000,
1457,Empresa FictÃ­cia 1457,"80.307.219/0001-07",2026-08-03 08:38:00.000,
1458,Empresa FictÃ­cia 1458,"80.308.236/0001-08",2026-08-03 08:38:00.000,
1459,Empresa FictÃ­cia 1459,"80.309.253/0001-09",2026-08-03 08:38:00.000,
1460,Empresa FictÃ­cia 1460,"80.310.270/0001-10",2026-08-03 08:38:00.000,
1461,Empresa FictÃ­cia 1461,"80.311.287/0001-11",2026-08-03 08:38:00.000,
1462,Empresa FictÃ­cia 1462,"80.312.304/0001-12",2026-08-03 08:38:00.000,
1463,Empresa FictÃ­cia 1463,"80.313.321/0001-13",2026-08-03 08:38:00.000,
1464,Empresa FictÃ­cia 1464,"80.314.338/0001-14",2026-08-03 08:38:00.000,
1465,Empresa FictÃ­cia 1465,"80.315.355/0001-15",2026-08-03 08:38:00.000,
1466,Empresa FictÃ­cia 1466,"80.316.372/0001-16",2026-08-03 08:38:00.000,
1467,Empresa FictÃ­cia 1467,"80.317.389/0001-17",2026-08-03 08:38:00.000,
1468,Empresa FictÃ­cia 1468,"80.318.406/0001-18",2026-08-03 08:38:00.000,
1469,Empresa FictÃ­cia 1469,"80.319.423/0001-19",2026-08-03 08:38:00.000,
1470,Empresa FictÃ­cia 1470,"80.320.440/0001-20",2026-08-03 08:38:00.000,
1471,Empresa FictÃ­cia 1471,"80.321.457/0001-21",2026-08-03 08:38:00.000,
1472,Empresa FictÃ­cia 1472,"80.322.474/0001-22",2026-08-03 08:38:00.000,
1473,Empresa FictÃ­cia 1473,"80.323.491/0001-23",2026-08-03 08:38:00.000,
1474,Empresa FictÃ­cia 1474,"80.324.508/0001-24",2026-08-03 08:38:00.000,
1475,Empresa FictÃ­cia 1475,"80.325.525/0001-25",2026-08-03 08:38:00.000,
1476,Empresa FictÃ­cia 1476,"80.326.542/0001-26",2026-08-03 08:38:00.000,
1477,Empresa FictÃ­cia 1477,"80.327.559/0001-27",2026-08-03 08:38:00.000,
1478,Empresa FictÃ­cia 1478,"80.328.576/0001-28",2026-08-03 08:38:00.000,
1479,Empresa FictÃ­cia 1479,"80.329.593/0001-29",2026-08-03 08:38:00.000,
1480,Empresa FictÃ­cia 1480,"80.330.610/0001-30",2026-08-03 08:38:00.000,
1481,Empresa FictÃ­cia 1481,"80.331.627/0001-31",2026-08-03 08:38:00.000,
1482,Empresa FictÃ­cia 1482,"80.332.644/0001-32",2026-08-03 08:38:00.000,
1483,Empresa FictÃ­cia 1483,"80.333.661/0001-33",2026-08-03 08:38:00.000,
1484,Empresa FictÃ­cia 1484,"80.334.678/0001-34",2026-08-03 08:38:00.000,
1485,Empresa FictÃ­cia 1485,"80.335.695/0001-35",2026-08-03 08:38:00.000,
1486,Empresa FictÃ­cia 1486,"80.336.712/0001-36",2026-08-03 08:38:00.000,
1487,Empresa FictÃ­cia 1487,"80.337.729/0001-37",2026-08-03 08:38:00.000,
1488,Empresa FictÃ­cia 1488,"80.338.746/0001-38",2026-08-03 08:38:00.000,
1489,Empresa FictÃ­cia 1489,"80.339.763/0001-39",2026-08-03 08:38:00.000,
1490,Empresa FictÃ­cia 1490,"80.340.780/0001-40",2026-08-03 08:38:00.000,
1491,Empresa FictÃ­cia 1491,"80.341.797/0001-41",2026-08-03 08:38:00.000,
1492,Empresa FictÃ­cia 1492,"80.342.814/0001-42",2026-08-03 08:38:00.000,
1493,Empresa FictÃ­cia 1493,"80.343.831/0001-43",2026-08-03 08:38:00.000,
1494,Empresa FictÃ­cia 1494,"80.344.848/0001-44",2026-08-03 08:38:00.000,
1495,Empresa FictÃ­cia 1495,"80.345.865/0001-45",2026-08-03 08:38:00.000,
1496,Empresa FictÃ­cia 1496,"80.346.882/0001-46",2026-08-03 08:38:00.000,
1497,Empresa FictÃ­cia 1497,"80.347.899/0001-47",2026-08-03 08:38:00.000,
1498,Empresa FictÃ­cia 1498,"80.348.916/0001-48",2026-08-03 08:38:00.000,
1499,Empresa FictÃ­cia 1499,"80.349.933/0001-49",2026-08-03 08:38:00.000,
1500,Empresa FictÃ­cia 1500,"80.350.950/0001-50",2026-08-03 08:38:00.000,
1501,Empresa FictÃ­cia 1501,"80.351.967/0001-51",2026-08-03 08:38:00.000,
1502,Empresa FictÃ­cia 1502,"80.352.984/0001-52",2026-08-03 08:38:00.000,
1503,Empresa FictÃ­cia 1503,"80.353.001/0001-53",2026-08-03 08:38:00.000,
1504,Empresa FictÃ­cia 1504,"80.354.018/0001-54",2026-08-03 08:38:00.000,
1505,Empresa FictÃ­cia 1505,"80.355.035/0001-55",2026-08-03 08:38:00.000,
1506,Empresa FictÃ­cia 1506,"80.356.052/0001-56",2026-08-03 08:38:00.000,
1507,Empresa FictÃ­cia 1507,"80.357.069/0001-57",2026-08-03 08:38:00.000,
1508,Empresa FictÃ­cia 1508,"80.358.086/0001-58",2026-08-03 08:38:00.000,
1509,Empresa FictÃ­cia 1509,"80.359.103/0001-59",2026-08-03 08:38:00.000,
1510,Empresa FictÃ­cia 1510,"80.360.120/0001-60",2026-08-03 08:38:00.000,
1511,Empresa FictÃ­cia 1511,"80.361.137/0001-61",2026-08-03 08:38:00.000,
1512,Empresa FictÃ­cia 1512,"80.362.154/0001-62",2026-08-03 08:38:00.000,
1513,Empresa FictÃ­cia 1513,"80.363.171/0001-63",2026-08-03 08:38:00.000,
1514,Empresa FictÃ­cia 1514,"80.364.188/0001-64",2026-08-03 08:38:00.000,
1515,Empresa FictÃ­cia 1515,"80.365.205/0001-65",2026-08-03 08:38:00.000,
1516,Empresa FictÃ­cia 1516,"80.366.222/0001-66",2026-08-03 08:38:00.000,
1517,Empresa FictÃ­cia 1517,"80.367.239/0001-67",2026-08-03 08:38:00.000,
1518,Empresa FictÃ­cia 1518,"80.368.256/0001-68",2026-08-03 08:38:00.000,
1519,Empresa FictÃ­cia 1519,"80.369.273/0001-69",2026-08-03 08:38:00.000,
1520,Empresa FictÃ­cia 1520,"80.370.290/0001-70",2026-08-03 08:38:00.000,
1521,Empresa FictÃ­cia 1521,"80.371.307/0001-71",2026-08-03 08:38:00.000,
1522,Empresa FictÃ­cia 1522,"80.372.324/0001-72",2026-08-03 08:38:00.000,
1523,Empresa FictÃ­cia 1523,"80.373.341/0001-73",2026-08-03 08:38:00.000,
1524,Empresa FictÃ­cia 1524,"80.374.358/0001-74",2026-08-03 08:38:00.000,
1525,Empresa FictÃ­cia 1525,"80.375.375/0001-75",2026-08-03 08:38:00.000,
1526,Empresa FictÃ­cia 1526,"80.376.392/0001-76",2026-08-03 08:38:00.000,
1527,Empresa FictÃ­cia 1527,"80.377.409/0001-77",2026-08-03 08:38:00.000,
1528,Empresa FictÃ­cia 1528,"80.378.426/0001-78",2026-08-03 08:38:00.000,
1529,Empresa FictÃ­cia 1529,"80.379.443/0001-79",2026-08-03 08:38:00.000,
1530,Empresa FictÃ­cia 1530,"80.380.460/0001-80",2026-08-03 08:38:00.000,
1531,Empresa FictÃ­cia 1531,"80.381.477/0001-81",2026-08-03 08:38:00.000,
1532,Empresa FictÃ­cia 1532,"80.382.494/0001-82",2026-08-03 08:38:00.000,
1533,Empresa FictÃ­cia 1533,"80.383.511/0001-83",2026-08-03 08:38:00.000,
1534,Empresa FictÃ­cia 1534,"80.384.528/0001-84",2026-08-03 08:38:00.000,
1535,Empresa FictÃ­cia 1535,"80.385.545/0001-85",2026-08-03 08:38:00.000,
1536,Empresa FictÃ­cia 1536,"80.386.562/0001-86",2026-08-03 08:38:00.000,
1537,Empresa FictÃ­cia 1537,"80.387.579/0001-87",2026-08-03 08:38:00.000,
1538,Empresa FictÃ­cia 1538,"80.388.596/0001-88",2026-08-03 08:38:00.000,
1539,Empresa FictÃ­cia 1539,"80.389.613/0001-89",2026-08-03 08:38:00.000,
1540,Empresa FictÃ­cia 1540,"80.390.630/0001-90",2026-08-03 08:38:00.000,
1541,Empresa FictÃ­cia 1541,"80.391.647/0001-91",2026-08-03 08:38:00.000,
1542,Empresa FictÃ­cia 1542,"80.392.664/0001-92",2026-08-03 08:38:00.000,
1543,Empresa FictÃ­cia 1543,"80.393.681/0001-93",2026-08-03 08:38:00.000,
1544,Empresa FictÃ­cia 1544,"80.394.698/0001-94",2026-08-03 08:38:00.000,
1545,Empresa FictÃ­cia 1545,"80.395.715/0001-95",2026-08-03 08:38:00.000,
1546,Empresa FictÃ­cia 1546,"80.396.732/0001-96",2026-08-03 08:38:00.000,
1547,Empresa FictÃ­cia 1547,"80.397.749/0001-97",2026-08-03 08:38:00.000,
1548,Empresa FictÃ­cia 1548,"80.398.766/0001-98",2026-08-03 08:38:00.000,
1549,Empresa FictÃ­cia 1549,"80.399.783/0001-99",2026-08-03 08:38:00.000,
1550,Empresa FictÃ­cia 1550,"80.400.800/0001-00",2026-08-03 08:38:00.000,
1551,Empresa FictÃ­cia 1551,"80.401.817/0001-01",2026-08-03 08:38:00.000,
1552,Empresa FictÃ­cia 1552,"80.402.834/0001-02",2026-08-03 08:38:00.000,
1553,Empresa FictÃ­cia 1553,"80.403.851/0001-03",2026-08-03 08:38:00.000,
1554,Empresa FictÃ­cia 1554,"80.404.868/0001-04",2026-08-03 08:38:00.000,
1555,Empresa FictÃ­cia 1555,"80.405.885/0001-05",2026-08-03 08:38:00.000,
1556,Empresa FictÃ­cia 1556,"80.406.902/0001-06",2026-08-03 08:38:00.000,
1557,Empresa FictÃ­cia 1557,"80.407.919/0001-07",2026-08-03 08:38:00.000,
1558,Empresa FictÃ­cia 1558,"80.408.936/0001-08",2026-08-03 08:38:00.000,
1559,Empresa FictÃ­cia 1559,"80.409.953/0001-09",2026-08-03 08:38:00.000,
1560,Empresa FictÃ­cia 1560,"80.410.970/0001-10",2026-08-03 08:38:00.000,
1561,Empresa FictÃ­cia 1561,"80.411.987/0001-11",2026-08-03 08:38:00.000,
1562,Empresa FictÃ­cia 1562,"80.412.004/0001-12",2026-08-03 08:38:00.000,
1563,Empresa FictÃ­cia 1563,"80.413.021/0001-13",2026-08-03 08:38:00.000,
1564,Empresa FictÃ­cia 1564,"80.414.038/0001-14",2026-08-03 08:38:00.000,
1565,Empresa FictÃ­cia 1565,"80.415.055/0001-15",2026-08-03 08:38:00.000,
1566,Empresa FictÃ­cia 1566,"80.416.072/0001-16",2026-08-03 08:38:00.000,
1567,Empresa FictÃ­cia 1567,"80.417.089/0001-17",2026-08-03 08:38:00.000,
1568,Empresa FictÃ­cia 1568,"80.418.106/0001-18",2026-08-03 08:38:00.000,
1569,Empresa FictÃ­cia 1569,"80.419.123/0001-19",2026-08-03 08:38:00.000,
1570,Empresa FictÃ­cia 1570,"80.420.140/0001-20",2026-08-03 08:38:00.000,
1571,Empresa FictÃ­cia 1571,"80.421.157/0001-21",2026-08-03 08:38:00.000,
1572,Empresa FictÃ­cia 1572,"80.422.174/0001-22",2026-08-03 08:38:00.000,
1573,Empresa FictÃ­cia 1573,"80.423.191/0001-23",2026-08-03 08:38:00.000,
1574,Empresa FictÃ­cia 1574,"80.424.208/0001-24",2026-08-03 08:38:00.000,
1575,Empresa FictÃ­cia 1575,"80.425.225/0001-25",2026-08-03 08:38:00.000,
1576,Empresa FictÃ­cia 1576,"80.426.242/0001-26",2026-08-03 08:38:00.000,
1577,Empresa FictÃ­cia 1577,"80.427.259/0001-27",2026-08-03 08:38:00.000,
1578,Empresa FictÃ­cia 1578,"80.428.276/0001-28",2026-08-03 08:38:00.000,
1579,Empresa FictÃ­cia 1579,"80.429.293/0001-29",2026-08-03 08:38:00.000,
1580,Empresa FictÃ­cia 1580,"80.430.310/0001-30",2026-08-03 08:38:00.000,
1581,Empresa FictÃ­cia 1581,"80.431.327/0001-31",2026-08-03 08:38:00.000,
1582,Empresa FictÃ­cia 1582,"80.432.344/0001-32",2026-08-03 08:38:00.000,
1583,Empresa FictÃ­cia 1583,"80.433.361/0001-33",2026-08-03 08:38:00.000,
1584,Empresa FictÃ­cia 1584,"80.434.378/0001-34",2026-08-03 08:38:00.000,
1585,Empresa FictÃ­cia 1585,"80.435.395/0001-35",2026-08-03 08:38:00.000,
1586,Empresa FictÃ­cia 1586,"80.436.412/0001-36",2026-08-03 08:38:00.000,
1587,Empresa FictÃ­cia 1587,"80.437.429/0001-37",2026-08-03 08:38:00.000,
1588,Empresa FictÃ­cia 1588,"80.438.446/0001-38",2026-08-03 08:38:00.000,
1589,Empresa FictÃ­cia 1589,"80.439.463/0001-39",2026-08-03 08:38:00.000,
1590,Empresa FictÃ­cia 1590,"80.440.480/0001-40",2026-08-03 08:38:00.000,
1591,Empresa FictÃ­cia 1591,"80.441.497/0001-41",2026-08-03 08:38:00.000,
1592,Empresa FictÃ­cia 1592,"80.442.514/0001-42",2026-08-03 08:38:00.000,
1593,Empresa FictÃ­cia 1593,"80.443.531/0001-43",2026-08-03 08:38:00.000,
1594,Empresa FictÃ­cia 1594,"80.444.548/0001-44",2026-08-03 08:38:00.000,
1595,Empresa FictÃ­cia 1595,"80.445.565/0001-45",2026-08-03 08:38:00.000,
1596,Empresa FictÃ­cia 1596,"80.446.582/0001-46",2026-08-03 08:38:00.000,
1597,Empresa FictÃ­cia 1597,"80.447.599/0001-47",2026-08-03 08:38:00.000,
1598,Empresa FictÃ­cia 1598,"80.448.616/0001-48",2026-08-03 08:38:00.000,
1599,Empresa FictÃ­cia 1599,"80.449.633/0001-49",2026-08-03 08:38:00.000,
1600,Empresa FictÃ­cia 1600,"80.450.650/0001-50",2026-08-03 08:38:00.000,
1601,Empresa FictÃ­cia 1601,"80.451.667/0001-51",2026-08-03 08:38:00.000,
1602,Empresa FictÃ­cia 1602,"80.452.684/0001-52",2026-08-03 08:38:00.000,
1603,Empresa FictÃ­cia 1603,"80.453.701/0001-53",2026-08-03 08:38:00.000,
1604,Empresa FictÃ­cia 1604,"80.454.718/0001-54",2026-08-03 08:38:00.000,
1605,Empresa FictÃ­cia 1605,"80.455.735/0001-55",2026-08-03 08:38:00.000,
1606,Empresa FictÃ­cia 1606,"80.456.752/0001-56",2026-08-03 08:38:00.000,
1607,Empresa FictÃ­cia 1607,"80.457.769/0001-57",2026-08-03 08:38:00.000,
1608,Empresa FictÃ­cia 1608,"80.458.786/0001-58",2026-08-03 08:38:00.000,
1609,Empresa FictÃ­cia 1609,"80.459.803/0001-59",2026-08-03 08:38:00.000,
1610,Empresa FictÃ­cia 1610,"80.460.820/0001-60",2026-08-03 08:38:00.000,
1611,Empresa FictÃ­cia 1611,"80.461.837/0001-61",2026-08-03 08:38:00.000,
1612,Empresa FictÃ­cia 1612,"80.462.854/0001-62",2026-08-03 08:38:00.000,
1613,Empresa FictÃ­cia 1613,"80.463.871/0001-63",2026-08-03 08:38:00.000,
1614,Empresa FictÃ­cia 1614,"80.464.888/0001-64",2026-08-03 08:38:00.000,
1615,Empresa FictÃ­cia 1615,"80.465.905/0001-65",2026-08-03 08:38:00.000,
1616,Empresa FictÃ­cia 1616,"80.466.922/0001-66",2026-08-03 08:38:00.000,
1617,Empresa FictÃ­cia 1617,"80.467.939/0001-67",2026-08-03 08:38:00.000,
1618,Empresa FictÃ­cia 1618,"80.468.956/0001-68",2026-08-03 08:38:00.000,
1619,Empresa FictÃ­cia 1619,"80.469.973/0001-69",2026-08-03 08:38:00.000,
1620,Empresa FictÃ­cia 1620,"80.470.990/0001-70",2026-08-03 08:38:00.000,
1621,Empresa FictÃ­cia 1621,"80.471.007/0001-71",2026-08-03 08:38:00.000,
1622,Empresa FictÃ­cia 1622,"80.472.024/0001-72",2026-08-03 08:38:00.000,
1623,Empresa FictÃ­cia 1623,"80.473.041/0001-73",2026-08-03 08:38:00.000,
1624,Empresa FictÃ­cia 1624,"80.474.058/0001-74",2026-08-03 08:38:00.000,
1625,Empresa FictÃ­cia 1625,"80.475.075/0001-75",2026-08-03 08:38:00.000,
1626,Empresa FictÃ­cia 1626,"80.476.092/0001-76",2026-08-03 08:38:00.000,
1627,Empresa FictÃ­cia 1627,"80.477.109/0001-77",2026-08-03 08:38:00.000,
1628,Empresa FictÃ­cia 1628,"80.478.126/0001-78",2026-08-03 08:38:00.000,
1629,Empresa FictÃ­cia 1629,"80.479.143/0001-79",2026-08-03 08:38:00.000,
1630,Empresa FictÃ­cia 1630,"80.480.160/0001-80",2026-08-03 08:38:00.000,
1631,Empresa FictÃ­cia 1631,"80.481.177/0001-81",2026-08-03 08:38:00.000,
1632,Empresa FictÃ­cia 1632,"80.482.194/0001-82",2026-08-03 08:38:00.000,
1633,Empresa FictÃ­cia 1633,"80.483.211/0001-83",2026-08-03 08:38:00.000,
1634,Empresa FictÃ­cia 1634,"80.484.228/0001-84",2026-08-03 08:38:00.000,
1635,Empresa FictÃ­cia 1635,"80.485.245/0001-85",2026-08-03 08:38:00.000,
1636,Empresa FictÃ­cia 1636,"80.486.262/0001-86",2026-08-03 08:38:00.000,
1637,Empresa FictÃ­cia 1637,"80.487.279/0001-87",2026-08-03 08:38:00.000,
1638,Empresa FictÃ­cia 1638,"80.488.296/0001-88",2026-08-03 08:38:00.000,
1639,Empresa FictÃ­cia 1639,"80.489.313/0001-89",2026-08-03 08:38:00.000,
1640,Empresa FictÃ­cia 1640,"80.490.330/0001-90",2026-08-03 08:38:00.000,
1641,Empresa FictÃ­cia 1641,"80.491.347/0001-91",2026-08-03 08:38:00.000,
1642,Empresa FictÃ­cia 1642,"80.492.364/0001-92",2026-08-03 08:38:00.000,
1643,Empresa FictÃ­cia 1643,"80.493.381/0001-93",2026-08-03 08:38:00.000,
1644,Empresa FictÃ­cia 1644,"80.494.398/0001-94",2026-08-03 08:38:00.000,
1645,Empresa FictÃ­cia 1645,"80.495.415/0001-95",2026-08-03 08:38:00.000,
1646,Empresa FictÃ­cia 1646,"80.496.432/0001-96",2026-08-03 08:38:00.000,
1647,Empresa FictÃ­cia 1647,"80.497.449/0001-97",2026-08-03 08:38:00.000,
1648,Empresa FictÃ­cia 1648,"80.498.466/0001-98",2026-08-03 08:38:00.000,
1649,Empresa FictÃ­cia 1649,"80.499.483/0001-99",2026-08-03 08:38:00.000,
1650,Empresa FictÃ­cia 1650,"80.500.500/0001-00",2026-08-03 08:38:00.000,
1651,Empresa FictÃ­cia 1651,"80.501.517/0001-01",2026-08-03 08:38:00.000,
1652,Empresa FictÃ­cia 1652,"80.502.534/0001-02",2026-08-03 08:38:00.000,
1653,Empresa FictÃ­cia 1653,"80.503.551/0001-03",2026-08-03 08:38:00.000,
1654,Empresa FictÃ­cia 1654,"80.504.568/0001-04",2026-08-03 08:38:00.000,
1655,Empresa FictÃ­cia 1655,"80.505.585/0001-05",2026-08-03 08:38:00.000,
1656,Empresa FictÃ­cia 1656,"80.506.602/0001-06",2026-08-03 08:38:00.000,
1657,Empresa FictÃ­cia 1657,"80.507.619/0001-07",2026-08-03 08:38:00.000,
1658,Empresa FictÃ­cia 1658,"80.508.636/0001-08",2026-08-03 08:38:00.000,
1659,Empresa FictÃ­cia 1659,"80.509.653/0001-09",2026-08-03 08:38:00.000,
1660,Empresa FictÃ­cia 1660,"80.510.670/0001-10",2026-08-03 08:38:00.000,
1661,Empresa FictÃ­cia 1661,"80.511.687/0001-11",2026-08-03 08:38:00.000,
1662,Empresa FictÃ­cia 1662,"80.512.704/0001-12",2026-08-03 08:38:00.000,
1663,Empresa FictÃ­cia 1663,"80.513.721/0001-13",2026-08-03 08:38:00.000,
1664,Empresa FictÃ­cia 1664,"80.514.738/0001-14",2026-08-03 08:38:00.000,
1665,Empresa FictÃ­cia 1665,"80.515.755/0001-15",2026-08-03 08:38:00.000,
1666,Empresa FictÃ­cia 1666,"80.516.772/0001-16",2026-08-03 08:38:00.000,
1667,Empresa FictÃ­cia 1667,"80.517.789/0001-17",2026-08-03 08:38:00.000,
1668,Empresa FictÃ­cia 1668,"80.518.806/0001-18",2026-08-03 08:38:00.000,
1669,Empresa FictÃ­cia 1669,"80.519.823/0001-19",2026-08-03 08:38:00.000,
1670,Empresa FictÃ­cia 1670,"80.520.840/0001-20",2026-08-03 08:38:00.000,
1671,Empresa FictÃ­cia 1671,"80.521.857/0001-21",2026-08-03 08:38:00.000,
1672,Empresa FictÃ­cia 1672,"80.522.874/0001-22",2026-08-03 08:38:00.000,
1673,Empresa FictÃ­cia 1673,"80.523.891/0001-23",2026-08-03 08:38:00.000,
1674,Empresa FictÃ­cia 1674,"80.524.908/0001-24",2026-08-03 08:38:00.000,
1675,Empresa FictÃ­cia 1675,"80.525.925/0001-25",2026-08-03 08:38:00.000,
1676,Empresa FictÃ­cia 1676,"80.526.942/0001-26",2026-08-03 08:38:00.000,
1677,Empresa FictÃ­cia 1677,"80.527.959/0001-27",2026-08-03 08:38:00.000,
1678,Empresa FictÃ­cia 1678,"80.528.976/0001-28",2026-08-03 08:38:00.000,
1679,Empresa FictÃ­cia 1679,"80.529.993/0001-29",2026-08-03 08:38:00.000,
1680,Empresa FictÃ­cia 1680,"80.530.010/0001-30",2026-08-03 08:38:00.000,
1681,Empresa FictÃ­cia 1681,"80.531.027/0001-31",2026-08-03 08:38:00.000,
1682,Empresa FictÃ­cia 1682,"80.532.044/0001-32",2026-08-03 08:38:00.000,
1683,Empresa FictÃ­cia 1683,"80.533.061/0001-33",2026-08-03 08:38:00.000,
1684,Empresa FictÃ­cia 1684,"80.534.078/0001-34",2026-08-03 08:38:00.000,
1685,Empresa FictÃ­cia 1685,"80.535.095/0001-35",2026-08-03 08:38:00.000,
1686,Empresa FictÃ­cia 1686,"80.536.112/0001-36",2026-08-03 08:38:00.000,
1687,Empresa FictÃ­cia 1687,"80.537.129/0001-37",2026-08-03 08:38:00.000,
1688,Empresa FictÃ­cia 1688,"80.538.146/0001-38",2026-08-03 08:38:00.000,
1689,Empresa FictÃ­cia 1689,"80.539.163/0001-39",2026-08-03 08:38:00.000,
1690,Empresa FictÃ­cia 1690,"80.540.180/0001-40",2026-08-03 08:38:00.000,
1691,Empresa FictÃ­cia 1691,"80.541.197/0001-41",2026-08-03 08:38:00.000,
1692,Empresa FictÃ­cia 1692,"80.542.214/0001-42",2026-08-03 08:38:00.000,
1693,Empresa FictÃ­cia 1693,"80.543.231/0001-43",2026-08-03 08:38:00.000,
1694,Empresa FictÃ­cia 1694,"80.544.248/0001-44",2026-08-03 08:38:00.000,
1695,Empresa FictÃ­cia 1695,"80.545.265/0001-45",2026-08-03 08:38:00.000,
1696,Empresa FictÃ­cia 1696,"80.546.282/0001-46",2026-08-03 08:38:00.000,
1697,Empresa FictÃ­cia 1697,"80.547.299/0001-47",2026-08-03 08:38:00.000,
1698,Empresa FictÃ­cia 1698,"80.548.316/0001-48",2026-08-03 08:38:00.000,
1699,Empresa FictÃ­cia 1699,"80.549.333/0001-49",2026-08-03 08:38:00.000,
1700,Empresa FictÃ­cia 1700,"80.550.350/0001-50",2026-08-03 08:38:00.000,
1701,Empresa FictÃ­cia 1701,"80.551.367/0001-51",2026-08-03 08:38:00.000,
1702,Empresa FictÃ­cia 1702,"80.552.384/0001-52",2026-08-03 08:38:00.000,
1703,Empresa FictÃ­cia 1703,"80.553.401/0001-53",2026-08-03 08:38:00.000,
1704,Empresa FictÃ­cia 1704,"80.554.418/0001-54",2026-08-03 08:38:00.000,
1705,Empresa FictÃ­cia 1705,"80.555.435/0001-55",2026-08-03 08:38:00.000,
1706,Empresa FictÃ­cia 1706,"80.556.452/0001-56",2026-08-03 08:38:00.000,
1707,Empresa FictÃ­cia 1707,"80.557.469/0001-57",2026-08-03 08:38:00.000,
1708,Empresa FictÃ­cia 1708,"80.558.486/0001-58",2026-08-03 08:38:00.000,
1709,Empresa FictÃ­cia 1709,"80.559.503/0001-59",2026-08-03 08:38:00.000,
1710,Empresa FictÃ­cia 1710,"80.560.520/0001-60",2026-08-03 08:38:00.000,
1711,Empresa FictÃ­cia 1711,"80.561.537/0001-61",2026-08-03 08:38:00.000,
1712,Empresa FictÃ­cia 1712,"80.562.554/0001-62",2026-08-03 08:38:00.000,
1713,Empresa FictÃ­cia 1713,"80.563.571/0001-63",2026-08-03 08:38:00.000,
1714,Empresa FictÃ­cia 1714,"80.564.588/0001-64",2026-08-03 08:38:00.000,
1715,Empresa FictÃ­cia 1715,"80.565.605/0001-65",2026-08-03 08:38:00.000,
1716,Empresa FictÃ­cia 1716,"80.566.622/0001-66",2026-08-03 08:38:00.000,
1717,Empresa FictÃ­cia 1717,"80.567.639/0001-67",2026-08-03 08:38:00.000,
1718,Empresa FictÃ­cia 1718,"80.568.656/0001-68",2026-08-03 08:38:00.000,
1719,Empresa FictÃ­cia 1719,"80.569.673/0001-69",2026-08-03 08:38:00.000,
1720,Empresa FictÃ­cia 1720,"80.570.690/0001-70",2026-08-03 08:38:00.000,
1721,Empresa FictÃ­cia 1721,"80.571.707/0001-71",2026-08-03 08:38:00.000,
1722,Empresa FictÃ­cia 1722,"80.572.724/0001-72",2026-08-03 08:38:00.000,
1723,Empresa FictÃ­cia 1723,"80.573.741/0001-73",2026-08-03 08:38:00.000,
1724,Empresa FictÃ­cia 1724,"80.574.758/0001-74",2026-08-03 08:38:00.000,
1725,Empresa FictÃ­cia 1725,"80.575.775/0001-75",2026-08-03 08:38:00.000,
1726,Empresa FictÃ­cia 1726,"80.576.792/0001-76",2026-08-03 08:38:00.000,
1727,Empresa FictÃ­cia 1727,"80.577.809/0001-77",2026-08-03 08:38:00.000,
1728,Empresa FictÃ­cia 1728,"80.578.826/0001-78",2026-08-03 08:38:00.000,
1729,Empresa FictÃ­cia 1729,"80.579.843/0001-79",2026-08-03 08:38:00.000,
1730,Empresa FictÃ­cia 1730,"80.580.860/0001-80",2026-08-03 08:38:00.000,
1731,Empresa FictÃ­cia 1731,"80.581.877/0001-81",2026-08-03 08:38:00.000,
1732,Empresa FictÃ­cia 1732,"80.582.894/0001-82",2026-08-03 08:38:00.000,
1733,Empresa FictÃ­cia 1733,"80.583.911/0001-83",2026-08-03 08:38:00.000,
1734,Empresa FictÃ­cia 1734,"80.584.928/0001-84",2026-08-03 08:38:00.000,
1735,Empresa FictÃ­cia 1735,"80.585.945/0001-85",2026-08-03 08:38:00.000,
1736,Empresa FictÃ­cia 1736,"80.586.962/0001-86",2026-08-03 08:38:00.000,
1737,Empresa FictÃ­cia 1737,"80.587.979/0001-87",2026-08-03 08:38:00.000,
1738,Empresa FictÃ­cia 1738,"80.588.996/0001-88",2026-08-03 08:38:00.000,
1739,Empresa FictÃ­cia 1739,"80.589.013/0001-89",2026-08-03 08:38:00.000,
1740,Empresa FictÃ­cia 1740,"80.590.030/0001-90",2026-08-03 08:38:00.000,
1741,Empresa FictÃ­cia 1741,"80.591.047/0001-91",2026-08-03 08:38:00.000,
1742,Empresa FictÃ­cia 1742,"80.592.064/0001-92",2026-08-03 08:38:00.000,
1743,Empresa FictÃ­cia 1743,"80.593.081/0001-93",2026-08-03 08:38:00.000,
1744,Empresa FictÃ­cia 1744,"80.594.098/0001-94",2026-08-03 08:38:00.000,
1745,Empresa FictÃ­cia 1745,"80.595.115/0001-95",2026-08-03 08:38:00.000,
1746,Empresa FictÃ­cia 1746,"80.596.132/0001-96",2026-08-03 08:38:00.000,
1747,Empresa FictÃ­cia 1747,"80.597.149/0001-97",2026-08-03 08:38:00.000,
1748,Empresa FictÃ­cia 1748,"80.598.166/0001-98",2026-08-03 08:38:00.000,
1749,Empresa FictÃ­cia 1749,"80.599.183/0001-99",2026-08-03 08:38:00.000,
1750,Empresa FictÃ­cia 1750,"80.600.200/0001-00",2026-08-03 08:38:00.000,
1751,Empresa FictÃ­cia 1751,"80.601.217/0001-01",2026-08-03 08:38:00.000,
1752,Empresa FictÃ­cia 1752,"80.602.234/0001-02",2026-08-03 08:38:00.000,
1753,Empresa FictÃ­cia 1753,"80.603.251/0001-03",2026-08-03 08:38:00.000,
1754,Empresa FictÃ­cia 1754,"80.604.268/0001-04",2026-08-03 08:38:00.000,
1755,Empresa FictÃ­cia 1755,"80.605.285/0001-05",2026-08-03 08:38:00.000,
1756,Empresa FictÃ­cia 1756,"80.606.302/0001-06",2026-08-03 08:38:00.000,
1757,Empresa FictÃ­cia 1757,"80.607.319/0001-07",2026-08-03 08:38:00.000,
1758,Empresa FictÃ­cia 1758,"80.608.336/0001-08",2026-08-03 08:38:00.000,
1759,Empresa FictÃ­cia 1759,"80.609.353/0001-09",2026-08-03 08:38:00.000,
1760,Empresa FictÃ­cia 1760,"80.610.370/0001-10",2026-08-03 08:38:00.000,
1761,Empresa FictÃ­cia 1761,"80.611.387/0001-11",2026-08-03 08:38:00.000,
1762,Empresa FictÃ­cia 1762,"80.612.404/0001-12",2026-08-03 08:38:00.000,
1763,Empresa FictÃ­cia 1763,"80.613.421/0001-13",2026-08-03 08:38:00.000,
1764,Empresa FictÃ­cia 1764,"80.614.438/0001-14",2026-08-03 08:38:00.000,
1765,Empresa FictÃ­cia 1765,"80.615.455/0001-15",2026-08-03 08:38:00.000,
1766,Empresa FictÃ­cia 1766,"80.616.472/0001-16",2026-08-03 08:38:00.000,
1767,Empresa FictÃ­cia 1767,"80.617.489/0001-17",2026-08-03 08:38:00.000,
1768,Empresa FictÃ­cia 1768,"80.618.506/0001-18",2026-08-03 08:38:00.000,
1769,Empresa FictÃ­cia 1769,"80.619.523/0001-19",2026-08-03 08:38:00.000,
1770,Empresa FictÃ­cia 1770,"80.620.540/0001-20",2026-08-03 08:38:00.000,
1771,Empresa FictÃ­cia 1771,"80.621.557/0001-21",2026-08-03 08:38:00.000,
1772,Empresa FictÃ­cia 1772,"80.622.574/0001-22",2026-08-03 08:38:00.000,
1773,Empresa FictÃ­cia 1773,"80.623.591/0001-23",2026-08-03 08:38:00.000,
1774,Empresa FictÃ­cia 1774,"80.624.608/0001-24",2026-08-03 08:38:00.000,
1775,Empresa FictÃ­cia 1775,"80.625.625/0001-25",2026-08-03 08:38:00.000,
1776,Empresa FictÃ­cia 1776,"80.626.642/0001-26",2026-08-03 08:38:00.000,
1777,Empresa FictÃ­cia 1777,"80.627.659/0001-27",2026-08-03 08:38:00.000,
1778,Empresa FictÃ­cia 1778,"80.628.676/0001-28",2026-08-03 08:38:00.000,
1779,Empresa FictÃ­cia 1779,"80.629.693/0001-29",2026-08-03 08:38:00.000,
1780,Empresa FictÃ­cia 1780,"80.630.710/0001-30",2026-08-03 08:38:00.000,
1781,Empresa FictÃ­cia 1781,"80.631.727/0001-31",2026-08-03 08:38:00.000,
1782,Empresa FictÃ­cia 1782,"80.632.744/0001-32",2026-08-03 08:38:00.000,
1783,Empresa FictÃ­cia 1783,"80.633.761/0001-33",2026-08-03 08:38:00.000,
1784,Empresa FictÃ­cia 1784,"80.634.778/0001-34",2026-08-03 08:38:00.000,
1785,Empresa FictÃ­cia 1785,"80.635.795/0001-35",2026-08-03 08:38:00.000,
1786,Empresa FictÃ­cia 1786,"80.636.812/0001-36",2026-08-03 08:38:00.000,
1787,Empresa FictÃ­cia 1787,"80.637.829/0001-37",2026-08-03 08:38:00.000,
1788,Empresa FictÃ­cia 1788,"80.638.846/0001-38",2026-08-03 08:38:00.000,
1789,Empresa FictÃ­cia 1789,"80.639.863/0001-39",2026-08-03 08:38:00.000,
1790,Empresa FictÃ­cia 1790,"80.640.880/0001-40",2026-08-03 08:38:00.000,
1791,Empresa FictÃ­cia 1791,"80.641.897/0001-41",2026-08-03 08:38:00.000,
1792,Empresa FictÃ­cia 1792,"80.642.914/0001-42",2026-08-03 08:38:00.000,
1793,Empresa FictÃ­cia 1793,"80.643.931/0001-43",2026-08-03 08:38:00.000,
1794,Empresa FictÃ­cia 1794,"80.644.948/0001-44",2026-08-03 08:38:00.000,
1795,Empresa FictÃ­cia 1795,"80.645.965/0001-45",2026-08-03 08:38:00.000,
1796,Empresa FictÃ­cia 1796,"80.646.982/0001-46",2026-08-03 08:38:00.000,
1797,Empresa FictÃ­cia 1797,"80.647.999/0001-47",2026-08-03 08:38:00.000,
1798,Empresa FictÃ­cia 1798,"80.648.016/0001-48",2026-08-03 08:38:00.000,
1799,Empresa FictÃ­cia 1799,"80.649.033/0001-49",2026-08-03 08:38:00.000,
1800,Empresa FictÃ­cia 1800,"80.650.050/0001-50",2026-08-03 08:38:00.000,
1801,Empresa FictÃ­cia 1801,"80.651.067/0001-51",2026-08-03 08:38:00.000,
1802,Empresa FictÃ­cia 1802,"80.652.084/0001-52",2026-08-03 08:38:00.000,
1803,Empresa FictÃ­cia 1803,"80.653.101/0001-53",2026-08-03 08:38:00.000,
1804,Empresa FictÃ­cia 1804,"80.654.118/0001-54",2026-08-03 08:38:00.000,
1805,Empresa FictÃ­cia 1805,"80.655.135/0001-55",2026-08-03 08:38:00.000,
1806,Empresa FictÃ­cia 1806,"80.656.152/0001-56",2026-08-03 08:38:00.000,
1807,Empresa FictÃ­cia 1807,"80.657.169/0001-57",2026-08-03 08:38:00.000,
1808,Empresa FictÃ­cia 1808,"80.658.186/0001-58",2026-08-03 08:38:00.000,
1809,Empresa FictÃ­cia 1809,"80.659.203/0001-59",2026-08-03 08:38:00.000,
1810,Empresa FictÃ­cia 1810,"80.660.220/0001-60",2026-08-03 08:38:00.000,
1811,Empresa FictÃ­cia 1811,"80.661.237/0001-61",2026-08-03 08:38:00.000,
1812,Empresa FictÃ­cia 1812,"80.662.254/0001-62",2026-08-03 08:38:00.000,
1813,Empresa FictÃ­cia 1813,"80.663.271/0001-63",2026-08-03 08:38:00.000,
1814,Empresa FictÃ­cia 1814,"80.664.288/0001-64",2026-08-03 08:38:00.000,
1815,Empresa FictÃ­cia 1815,"80.665.305/0001-65",2026-08-03 08:38:00.000,
1816,Empresa FictÃ­cia 1816,"80.666.322/0001-66",2026-08-03 08:38:00.000,
1817,Empresa FictÃ­cia 1817,"80.667.339/0001-67",2026-08-03 08:38:00.000,
1818,Empresa FictÃ­cia 1818,"80.668.356/0001-68",2026-08-03 08:38:00.000,
1819,Empresa FictÃ­cia 1819,"80.669.373/0001-69",2026-08-03 08:38:00.000,
1820,Empresa FictÃ­cia 1820,"80.670.390/0001-70",2026-08-03 08:38:00.000,
1821,Empresa FictÃ­cia 1821,"80.671.407/0001-71",2026-08-03 08:38:00.000,
1822,Empresa FictÃ­cia 1822,"80.672.424/0001-72",2026-08-03 08:38:00.000,
1823,Empresa FictÃ­cia 1823,"80.673.441/0001-73",2026-08-03 08:38:00.000,
1824,Empresa FictÃ­cia 1824,"80.674.458/0001-74",2026-08-03 08:38:00.000,
1825,Empresa FictÃ­cia 1825,"80.675.475/0001-75",2026-08-03 08:38:00.000,
1826,Empresa FictÃ­cia 1826,"80.676.492/0001-76",2026-08-03 08:38:00.000,
1827,Empresa FictÃ­cia 1827,"80.677.509/0001-77",2026-08-03 08:38:00.000,
1828,Empresa FictÃ­cia 1828,"80.678.526/0001-78",2026-08-03 08:38:00.000,
1829,Empresa FictÃ­cia 1829,"80.679.543/0001-79",2026-08-03 08:38:00.000,
1830,Empresa FictÃ­cia 1830,"80.680.560/0001-80",2026-08-03 08:38:00.000,
1831,Empresa FictÃ­cia 1831,"80.681.577/0001-81",2026-08-03 08:38:00.000,
1832,Empresa FictÃ­cia 1832,"80.682.594/0001-82",2026-08-03 08:38:00.000,
1833,Empresa FictÃ­cia 1833,"80.683.611/0001-83",2026-08-03 08:38:00.000,
1834,Empresa FictÃ­cia 1834,"80.684.628/0001-84",2026-08-03 08:38:00.000,
1835,Empresa FictÃ­cia 1835,"80.685.645/0001-85",2026-08-03 08:38:00.000,
1836,Empresa FictÃ­cia 1836,"80.686.662/0001-86",2026-08-03 08:38:00.000,
1837,Empresa FictÃ­cia 1837,"80.687.679/0001-87",2026-08-03 08:38:00.000,
1838,Empresa FictÃ­cia 1838,"80.688.696/0001-88",2026-08-03 08:38:00.000,
1839,Empresa FictÃ­cia 1839,"80.689.713/0001-89",2026-08-03 08:38:00.000,
1840,Empresa FictÃ­cia 1840,"80.690.730/0001-90",2026-08-03 08:38:00.000,
1841,Empresa FictÃ­cia 1841,"80.691.747/0001-91",2026-08-03 08:38:00.000,
1842,Empresa FictÃ­cia 1842,"80.692.764/0001-92",2026-08-03 08:38:00.000,
1843,Empresa FictÃ­cia 1843,"80.693.781/0001-93",2026-08-03 08:38:00.000,
1844,Empresa FictÃ­cia 1844,"80.694.798/0001-94",2026-08-03 08:38:00.000,
1845,Empresa FictÃ­cia 1845,"80.695.815/0001-95",2026-08-03 08:38:00.000,
1846,Empresa FictÃ­cia 1846,"80.696.832/0001-96",2026-08-03 08:38:00.000,
1847,Empresa FictÃ­cia 1847,"80.697.849/0001-97",2026-08-03 08:38:00.000,
1848,Empresa FictÃ­cia 1848,"80.698.866/0001-98",2026-08-03 08:38:00.000,
1849,Empresa FictÃ­cia 1849,"80.699.883/0001-99",2026-08-03 08:38:00.000,
1850,Empresa FictÃ­cia 1850,"80.700.900/0001-00",2026-08-03 08:38:00.000,
1851,Empresa FictÃ­cia 1851,"80.701.917/0001-01",2026-08-03 08:38:00.000,
1852,Empresa FictÃ­cia 1852,"80.702.934/0001-02",2026-08-03 08:38:00.000,
1853,Empresa FictÃ­cia 1853,"80.703.951/0001-03",2026-08-03 08:38:00.000,
1854,Empresa FictÃ­cia 1854,"80.704.968/0001-04",2026-08-03 08:38:00.000,
1855,Empresa FictÃ­cia 1855,"80.705.985/0001-05",2026-08-03 08:38:00.000,
1856,Empresa FictÃ­cia 1856,"80.706.002/0001-06",2026-08-03 08:38:00.000,
1857,Empresa FictÃ­cia 1857,"80.707.019/0001-07",2026-08-03 08:38:00.000,
1858,Empresa FictÃ­cia 1858,"80.708.036/0001-08",2026-08-03 08:38:00.000,
1859,Empresa FictÃ­cia 1859,"80.709.053/0001-09",2026-08-03 08:38:00.000,
1860,Empresa FictÃ­cia 1860,"80.710.070/0001-10",2026-08-03 08:38:00.000,
1861,Empresa FictÃ­cia 1861,"80.711.087/0001-11",2026-08-03 08:38:00.000,
1862,Empresa FictÃ­cia 1862,"80.712.104/0001-12",2026-08-03 08:38:00.000,
1863,Empresa FictÃ­cia 1863,"80.713.121/0001-13",2026-08-03 08:38:00.000,
1864,Empresa FictÃ­cia 1864,"80.714.138/0001-14",2026-08-03 08:38:00.000,
1865,Empresa FictÃ­cia 1865,"80.715.155/0001-15",2026-08-03 08:38:00.000,
1866,Empresa FictÃ­cia 1866,"80.716.172/0001-16",2026-08-03 08:38:00.000,
1867,Empresa FictÃ­cia 1867,"80.717.189/0001-17",2026-08-03 08:38:00.000,
1868,Empresa FictÃ­cia 1868,"80.718.206/0001-18",2026-08-03 08:38:00.000,
1869,Empresa FictÃ­cia 1869,"80.719.223/0001-19",2026-08-03 08:38:00.000,
1870,Empresa FictÃ­cia 1870,"80.720.240/0001-20",2026-08-03 08:38:00.000,
1871,Empresa FictÃ­cia 1871,"80.721.257/0001-21",2026-08-03 08:38:00.000,
1872,Empresa FictÃ­cia 1872,"80.722.274/0001-22",2026-08-03 08:38:00.000,
1873,Empresa FictÃ­cia 1873,"80.723.291/0001-23",2026-08-03 08:38:00.000,
1874,Empresa FictÃ­cia 1874,"80.724.308/0001-24",2026-08-03 08:38:00.000,
1875,Empresa FictÃ­cia 1875,"80.725.325/0001-25",2026-08-03 08:38:00.000,
1876,Empresa FictÃ­cia 1876,"80.726.342/0001-26",2026-08-03 08:38:00.000,
1877,Empresa FictÃ­cia 1877,"80.727.359/0001-27",2026-08-03 08:38:00.000,
1878,Empresa FictÃ­cia 1878,"80.728.376/0001-28",2026-08-03 08:38:00.000,
1879,Empresa FictÃ­cia 1879,"80.729.393/0001-29",2026-08-03 08:38:00.000,
1880,Empresa FictÃ­cia 1880,"80.730.410/0001-30",2026-08-03 08:38:00.000,
1881,Empresa FictÃ­cia 1881,"80.731.427/0001-31",2026-08-03 08:38:00.000,
1882,Empresa FictÃ­cia 1882,"80.732.444/0001-32",2026-08-03 08:38:00.000,
1883,Empresa FictÃ­cia 1883,"80.733.461/0001-33",2026-08-03 08:38:00.000,
1884,Empresa FictÃ­cia 1884,"80.734.478/0001-34",2026-08-03 08:38:00.000,
1885,Empresa FictÃ­cia 1885,"80.735.495/0001-35",2026-08-03 08:38:00.000,
1886,Empresa FictÃ­cia 1886,"80.736.512/0001-36",2026-08-03 08:38:00.000,
1887,Empresa FictÃ­cia 1887,"80.737.529/0001-37",2026-08-03 08:38:00.000,
1888,Empresa FictÃ­cia 1888,"80.738.546/0001-38",2026-08-03 08:38:00.000,
1889,Empresa FictÃ­cia 1889,"80.739.563/0001-39",2026-08-03 08:38:00.000,
1890,Empresa FictÃ­cia 1890,"80.740.580/0001-40",2026-08-03 08:38:00.000,
1891,Empresa FictÃ­cia 1891,"80.741.597/0001-41",2026-08-03 08:38:00.000,
1892,Empresa FictÃ­cia 1892,"80.742.614/0001-42",2026-08-03 08:38:00.000,
1893,Empresa FictÃ­cia 1893,"80.743.631/0001-43",2026-08-03 08:38:00.000,
1894,Empresa FictÃ­cia 1894,"80.744.648/0001-44",2026-08-03 08:38:00.000,
1895,Empresa FictÃ­cia 1895,"80.745.665/0001-45",2026-08-03 08:38:00.000,
1896,Empresa FictÃ­cia 1896,"80.746.682/0001-46",2026-08-03 08:38:00.000,
1897,Empresa FictÃ­cia 1897,"80.747.699/0001-47",2026-08-03 08:38:00.000,
1898,Empresa FictÃ­cia 1898,"80.748.716/0001-48",2026-08-03 08:38:00.000,
1899,Empresa FictÃ­cia 1899,"80.749.733/0001-49",2026-08-03 08:38:00.000,
1900,Empresa FictÃ­cia 1900,"80.750.750/0001-50",2026-08-03 08:38:00.000,
1901,Empresa FictÃ­cia 1901,"80.751.767/0001-51",2026-08-03 08:38:00.000,
1902,Empresa FictÃ­cia 1902,"80.752.784/0001-52",2026-08-03 08:38:00.000,
1903,Empresa FictÃ­cia 1903,"80.753.801/0001-53",2026-08-03 08:38:00.000,
1904,Empresa FictÃ­cia 1904,"80.754.818/0001-54",2026-08-03 08:38:00.000,
1905,Empresa FictÃ­cia 1905,"80.755.835/0001-55",2026-08-03 08:38:00.000,
1906,Empresa FictÃ­cia 1906,"80.756.852/0001-56",2026-08-03 08:38:00.000,
1907,Empresa FictÃ­cia 1907,"80.757.869/0001-57",2026-08-03 08:38:00.000,
1908,Empresa FictÃ­cia 1908,"80.758.886/0001-58",2026-08-03 08:38:00.000,
1909,Empresa FictÃ­cia 1909,"80.759.903/0001-59",2026-08-03 08:38:00.000,
1910,Empresa FictÃ­cia 1910,"80.760.920/0001-60",2026-08-03 08:38:00.000,
1911,Empresa FictÃ­cia 1911,"80.761.937/0001-61",2026-08-03 08:38:00.000,
1912,Empresa FictÃ­cia 1912,"80.762.954/0001-62",2026-08-03 08:38:00.000,
1913,Empresa FictÃ­cia 1913,"80.763.971/0001-63",2026-08-03 08:38:00.000,
1914,Empresa FictÃ­cia 1914,"80.764.988/0001-64",2026-08-03 08:38:00.000,
1915,Empresa FictÃ­cia 1915,"80.765.005/0001-65",2026-08-03 08:38:00.000,
1916,Empresa FictÃ­cia 1916,"80.766.022/0001-66",2026-08-03 08:38:00.000,
1917,Empresa FictÃ­cia 1917,"80.767.039/0001-67",2026-08-03 08:38:00.000,
1918,Empresa FictÃ­cia 1918,"80.768.056/0001-68",2026-08-03 08:38:00.000,
1919,Empresa FictÃ­cia 1919,"80.769.073/0001-69",2026-08-03 08:38:00.000,
1920,Empresa FictÃ­cia 1920,"80.770.090/0001-70",2026-08-03 08:38:00.000,
1921,Empresa FictÃ­cia 1921,"80.771.107/0001-71",2026-08-03 08:38:00.000,
1922,Empresa FictÃ­cia 1922,"80.772.124/0001-72",2026-08-03 08:38:00.000,
1923,Empresa FictÃ­cia 1923,"80.773.141/0001-73",2026-08-03 08:38:00.000,
1924,Empresa FictÃ­cia 1924,"80.774.158/0001-74",2026-08-03 08:38:00.000,
1925,Empresa FictÃ­cia 1925,"80.775.175/0001-75",2026-08-03 08:38:00.000,
1926,Empresa FictÃ­cia 1926,"80.776.192/0001-76",2026-08-03 08:38:00.000,
1927,Empresa FictÃ­cia 1927,"80.777.209/0001-77",2026-08-03 08:38:00.000,
1928,Empresa FictÃ­cia 1928,"80.778.226/0001-78",2026-08-03 08:38:00.000,
1929,Empresa FictÃ­cia 1929,"80.779.243/0001-79",2026-08-03 08:38:00.000,
1930,Empresa FictÃ­cia 1930,"80.780.260/0001-80",2026-08-03 08:38:00.000,
1931,Empresa FictÃ­cia 1931,"80.781.277/0001-81",2026-08-03 08:38:00.000,
1932,Empresa FictÃ­cia 1932,"80.782.294/0001-82",2026-08-03 08:38:00.000,
1933,Empresa FictÃ­cia 1933,"80.783.311/0001-83",2026-08-03 08:38:00.000,
1934,Empresa FictÃ­cia 1934,"80.784.328/0001-84",2026-08-03 08:38:00.000,
1935,Empresa FictÃ­cia 1935,"80.785.345/0001-85",2026-08-03 08:38:00.000,
1936,Empresa FictÃ­cia 1936,"80.786.362/0001-86",2026-08-03 08:38:00.000,
1937,Empresa FictÃ­cia 1937,"80.787.379/0001-87",2026-08-03 08:38:00.000,
1938,Empresa FictÃ­cia 1938,"80.788.396/0001-88",2026-08-03 08:38:00.000,
1939,Empresa FictÃ­cia 1939,"80.789.413/0001-89",2026-08-03 08:38:00.000,
1940,Empresa FictÃ­cia 1940,"80.790.430/0001-90",2026-08-03 08:38:00.000,
1941,Empresa FictÃ­cia 1941,"80.791.447/0001-91",2026-08-03 08:38:00.000,
1942,Empresa FictÃ­cia 1942,"80.792.464/0001-92",2026-08-03 08:38:00.000,
1943,Empresa FictÃ­cia 1943,"80.793.481/0001-93",2026-08-03 08:38:00.000,
1944,Empresa FictÃ­cia 1944,"80.794.498/0001-94",2026-08-03 08:38:00.000,
1945,Empresa FictÃ­cia 1945,"80.795.515/0001-95",2026-08-03 08:38:00.000,
1946,Empresa FictÃ­cia 1946,"80.796.532/0001-96",2026-08-03 08:38:00.000,
1947,Empresa FictÃ­cia 1947,"80.797.549/0001-97",2026-08-03 08:38:00.000,
1948,Empresa FictÃ­cia 1948,"80.798.566/0001-98",2026-08-03 08:38:00.000,
1949,Empresa FictÃ­cia 1949,"80.799.583/0001-99",2026-08-03 08:38:00.000,
1950,Empresa FictÃ­cia 1950,"80.800.600/0001-00",2026-08-03 08:38:00.000,
1951,Empresa FictÃ­cia 1951,"80.801.617/0001-01",2026-08-03 08:38:00.000,
1952,Empresa FictÃ­cia 1952,"80.802.634/0001-02",2026-08-03 08:38:00.000,
1953,Empresa FictÃ­cia 1953,"80.803.651/0001-03",2026-08-03 08:38:00.000,
1954,Empresa FictÃ­cia 1954,"80.804.668/0001-04",2026-08-03 08:38:00.000,
1955,Empresa FictÃ­cia 1955,"80.805.685/0001-05",2026-08-03 08:38:00.000,
1956,Empresa FictÃ­cia 1956,"80.806.702/0001-06",2026-08-03 08:38:00.000,
1957,Empresa FictÃ­cia 1957,"80.807.719/0001-07",2026-08-03 08:38:00.000,
1958,Empresa FictÃ­cia 1958,"80.808.736/0001-08",2026-08-03 08:38:00.000,
1959,Empresa FictÃ­cia 1959,"80.809.753/0001-09",2026-08-03 08:38:00.000,
1960,Empresa FictÃ­cia 1960,"80.810.770/0001-10",2026-08-03 08:38:00.000,
1961,Empresa FictÃ­cia 1961,"80.811.787/0001-11",2026-08-03 08:38:00.000,
1962,Empresa FictÃ­cia 1962,"80.812.804/0001-12",2026-08-03 08:38:00.000,
1963,Empresa FictÃ­cia 1963,"80.813.821/0001-13",2026-08-03 08:38:00.000,
1964,Empresa FictÃ­cia 1964,"80.814.838/0001-14",2026-08-03 08:38:00.000,
1965,Empresa FictÃ­cia 1965,"80.815.855/0001-15",2026-08-03 08:38:00.000,
1966,Empresa FictÃ­cia 1966,"80.816.872/0001-16",2026-08-03 08:38:00.000,
1967,Empresa FictÃ­cia 1967,"80.817.889/0001-17",2026-08-03 08:38:00.000,
1968,Empresa FictÃ­cia 1968,"80.818.906/0001-18",2026-08-03 08:38:00.000,
1969,Empresa FictÃ­cia 1969,"80.819.923/0001-19",2026-08-03 08:38:00.000,
1970,Empresa FictÃ­cia 1970,"80.820.940/0001-20",2026-08-03 08:38:00.000,
1971,Empresa FictÃ­cia 1971,"80.821.957/0001-21",2026-08-03 08:38:00.000,
1972,Empresa FictÃ­cia 1972,"80.822.974/0001-22",2026-08-03 08:38:00.000,
1973,Empresa FictÃ­cia 1973,"80.823.991/0001-23",2026-08-03 08:38:00.000,
1974,Empresa FictÃ­cia 1974,"80.824.008/0001-24",2026-08-03 08:38:00.000,
1975,Empresa FictÃ­cia 1975,"80.825.025/0001-25",2026-08-03 08:38:00.000,
1976,Empresa FictÃ­cia 1976,"80.826.042/0001-26",2026-08-03 08:38:00.000,
1977,Empresa FictÃ­cia 1977,"80.827.059/0001-27",2026-08-03 08:38:00.000,
1978,Empresa FictÃ­cia 1978,"80.828.076/0001-28",2026-08-03 08:38:00.000,
1979,Empresa FictÃ­cia 1979,"80.829.093/0001-29",2026-08-03 08:38:00.000,
1980,Empresa FictÃ­cia 1980,"80.830.110/0001-30",2026-08-03 08:38:00.000,
1981,Empresa FictÃ­cia 1981,"80.831.127/0001-31",2026-08-03 08:38:00.000,
1982,Empresa FictÃ­cia 1982,"80.832.144/0001-32",2026-08-03 08:38:00.000,
1983,Empresa FictÃ­cia 1983,"80.833.161/0001-33",2026-08-03 08:38:00.000,
1984,Empresa FictÃ­cia 1984,"80.834.178/0001-34",2026-08-03 08:38:00.000,
1985,Empresa FictÃ­cia 1985,"80.835.195/0001-35",2026-08-03 08:38:00.000,
1986,Empresa FictÃ­cia 1986,"80.836.212/0001-36",2026-08-03 08:38:00.000,
1987,Empresa FictÃ­cia 1987,"80.837.229/0001-37",2026-08-03 08:38:00.000,
1988,Empresa FictÃ­cia 1988,"80.838.246/0001-38",2026-08-03 08:38:00.000,
1989,Empresa FictÃ­cia 1989,"80.839.263/0001-39",2026-08-03 08:38:00.000,
1990,Empresa FictÃ­cia 1990,"80.840.280/0001-40",2026-08-03 08:38:00.000,
1991,Empresa FictÃ­cia 1991,"80.841.297/0001-41",2026-08-03 08:38:00.000,
1992,Empresa FictÃ­cia 1992,"80.842.314/0001-42",2026-08-03 08:38:00.000,
1993,Empresa FictÃ­cia 1993,"80.843.331/0001-43",2026-08-03 08:38:00.000,
1994,Empresa FictÃ­cia 1994,"80.844.348/0001-44",2026-08-03 08:38:00.000,
1995,Empresa FictÃ­cia 1995,"80.845.365/0001-45",2026-08-03 08:38:00.000,
1996,Empresa FictÃ­cia 1996,"80.846.382/0001-46",2026-08-03 08:38:00.000,
1997,Empresa FictÃ­cia 1997,"80.847.399/0001-47",2026-08-03 08:38:00.000,
1998,Empresa FictÃ­cia 1998,"80.848.416/0001-48",2026-08-03 08:38:00.000,
1999,Empresa FictÃ­cia 1999,"80.849.433/0001-49",2026-08-03 08:38:00.000,
2000,Empresa FictÃ­cia 2000,"80.850.450/0001-50",2026-08-03 08:38:00.000,
2001,Empresa FictÃ­cia 2001,"80.851.467/0001-51",2026-08-03 08:38:00.000,
2002,Empresa FictÃ­cia 2002,"80.852.484/0001-52",2026-08-03 08:38:00.000,
2003,Empresa FictÃ­cia 2003,"80.853.501/0001-53",2026-08-03 08:38:00.000,
2004,Empresa FictÃ­cia 2004,"80.854.518/0001-54",2026-08-03 08:38:00.000,
2005,Empresa FictÃ­cia 2005,"80.855.535/0001-55",2026-08-03 08:38:00.000,
2006,Empresa FictÃ­cia 2006,"80.856.552/0001-56",2026-08-03 08:38:00.000,
2007,Empresa FictÃ­cia 2007,"80.857.569/0001-57",2026-08-03 08:38:00.000,
2008,Empresa FictÃ­cia 2008,"80.858.586/0001-58",2026-08-03 08:38:00.000,
2009,Empresa FictÃ­cia 2009,"80.859.603/0001-59",2026-08-03 08:38:00.000,
2010,Empresa FictÃ­cia 2010,"80.860.620/0001-60",2026-08-03 08:38:00.000,
2011,Empresa FictÃ­cia 2011,"80.861.637/0001-61",2026-08-03 08:38:00.000,
2012,Empresa FictÃ­cia 2012,"80.862.654/0001-62",2026-08-03 08:38:00.000,
2013,Empresa FictÃ­cia 2013,"80.863.671/0001-63",2026-08-03 08:38:00.000,
2014,Empresa FictÃ­cia 2014,"80.864.688/0001-64",2026-08-03 08:38:00.000,
2015,Empresa FictÃ­cia 2015,"80.865.705/0001-65",2026-08-03 08:38:00.000,
2016,Empresa FictÃ­cia 2016,"80.866.722/0001-66",2026-08-03 08:38:00.000,
2017,Empresa FictÃ­cia 2017,"80.867.739/0001-67",2026-08-03 08:38:00.000,
2018,Empresa FictÃ­cia 2018,"80.868.756/0001-68",2026-08-03 08:38:00.000,
2019,Empresa FictÃ­cia 2019,"80.869.773/0001-69",2026-08-03 08:38:00.000,
2020,Empresa FictÃ­cia 2020,"80.870.790/0001-70",2026-08-03 08:38:00.000,
2021,Empresa FictÃ­cia 2021,"80.871.807/0001-71",2026-08-03 08:38:00.000,
2022,Empresa FictÃ­cia 2022,"80.872.824/0001-72",2026-08-03 08:38:00.000,
2023,Empresa FictÃ­cia 2023,"80.873.841/0001-73",2026-08-03 08:38:00.000,
2024,Empresa FictÃ­cia 2024,"80.874.858/0001-74",2026-08-03 08:38:00.000,
2025,Empresa FictÃ­cia 2025,"80.875.875/0001-75",2026-08-03 08:38:00.000,
2026,Empresa FictÃ­cia 2026,"80.876.892/0001-76",2026-08-03 08:38:00.000,
2027,Empresa FictÃ­cia 2027,"80.877.909/0001-77",2026-08-03 08:38:00.000,
2028,Empresa FictÃ­cia 2028,"80.878.926/0001-78",2026-08-03 08:38:00.000,
2029,Empresa FictÃ­cia 2029,"80.879.943/0001-79",2026-08-03 08:38:00.000,
2030,Empresa FictÃ­cia 2030,"80.880.960/0001-80",2026-08-03 08:38:00.000,
2031,Empresa FictÃ­cia 2031,"80.881.977/0001-81",2026-08-03 08:38:00.000,
2032,Empresa FictÃ­cia 2032,"80.882.994/0001-82",2026-08-03 08:38:00.000,
2033,Empresa FictÃ­cia 2033,"80.883.011/0001-83",2026-08-03 08:38:00.000,
2034,Empresa FictÃ­cia 2034,"80.884.028/0001-84",2026-08-03 08:38:00.000,
2035,Empresa FictÃ­cia 2035,"80.885.045/0001-85",2026-08-03 08:38:00.000,
2036,Empresa FictÃ­cia 2036,"80.886.062/0001-86",2026-08-03 08:38:00.000,
2037,Empresa FictÃ­cia 2037,"80.887.079/0001-87",2026-08-03 08:38:00.000,
2038,Empresa FictÃ­cia 2038,"80.888.096/0001-88",2026-08-03 08:38:00.000,
2039,Empresa FictÃ­cia 2039,"80.889.113/0001-89",2026-08-03 08:38:00.000,
2040,Empresa FictÃ­cia 2040,"80.890.130/0001-90",2026-08-03 08:38:00.000,
2041,Empresa FictÃ­cia 2041,"80.891.147/0001-91",2026-08-03 08:38:00.000,
2042,Empresa FictÃ­cia 2042,"80.892.164/0001-92",2026-08-03 08:38:00.000,
2043,Empresa FictÃ­cia 2043,"80.893.181/0001-93",2026-08-03 08:38:00.000,
2044,Empresa FictÃ­cia 2044,"80.894.198/0001-94",2026-08-03 08:38:00.000,
2045,Empresa FictÃ­cia 2045,"80.895.215/0001-95",2026-08-03 08:38:00.000,
2046,Empresa FictÃ­cia 2046,"80.896.232/0001-96",2026-08-03 08:38:00.000,
2047,Empresa FictÃ­cia 2047,"80.897.249/0001-97",2026-08-03 08:38:00.000,
2048,Empresa FictÃ­cia 2048,"80.898.266/0001-98",2026-08-03 08:38:00.000,
2049,Empresa FictÃ­cia 2049,"80.899.283/0001-99",2026-08-03 08:38:00.000,
2050,Empresa FictÃ­cia 2050,"80.900.300/0001-00",2026-08-03 08:38:00.000,
2051,Empresa FictÃ­cia 2051,"80.901.317/0001-01",2026-08-03 08:38:00.000,
2052,Empresa FictÃ­cia 2052,"80.902.334/0001-02",2026-08-03 08:38:00.000,
2053,Empresa FictÃ­cia 2053,"80.903.351/0001-03",2026-08-03 08:38:00.000,
2054,Empresa FictÃ­cia 2054,"80.904.368/0001-04",2026-08-03 08:38:00.000,
2055,Empresa FictÃ­cia 2055,"80.905.385/0001-05",2026-08-03 08:38:00.000,
2056,Empresa FictÃ­cia 2056,"80.906.402/0001-06",2026-08-03 08:38:00.000,
2057,Empresa FictÃ­cia 2057,"80.907.419/0001-07",2026-08-03 08:38:00.000,
2058,Empresa FictÃ­cia 2058,"80.908.436/0001-08",2026-08-03 08:38:00.000,
2059,Empresa FictÃ­cia 2059,"80.909.453/0001-09",2026-08-03 08:38:00.000,
2060,Empresa FictÃ­cia 2060,"80.910.470/0001-10",2026-08-03 08:38:00.000,
2061,Empresa FictÃ­cia 2061,"80.911.487/0001-11",2026-08-03 08:38:00.000,
2062,Empresa FictÃ­cia 2062,"80.912.504/0001-12",2026-08-03 08:38:00.000,
2063,Empresa FictÃ­cia 2063,"80.913.521/0001-13",2026-08-03 08:38:00.000,
2064,Empresa FictÃ­cia 2064,"80.914.538/0001-14",2026-08-03 08:38:00.000,
2065,Empresa FictÃ­cia 2065,"80.915.555/0001-15",2026-08-03 08:38:00.000,
2066,Empresa FictÃ­cia 2066,"80.916.572/0001-16",2026-08-03 08:38:00.000,
2067,Empresa FictÃ­cia 2067,"80.917.589/0001-17",2026-08-03 08:38:00.000,
2068,Empresa FictÃ­cia 2068,"80.918.606/0001-18",2026-08-03 08:38:00.000,
2069,Empresa FictÃ­cia 2069,"80.919.623/0001-19",2026-08-03 08:38:00.000,
2070,Empresa FictÃ­cia 2070,"80.920.640/0001-20",2026-08-03 08:38:00.000,
2071,Empresa FictÃ­cia 2071,"80.921.657/0001-21",2026-08-03 08:38:00.000,
2072,Empresa FictÃ­cia 2072,"80.922.674/0001-22",2026-08-03 08:38:00.000,
2073,Empresa FictÃ­cia 2073,"80.923.691/0001-23",2026-08-03 08:38:00.000,
2074,Empresa FictÃ­cia 2074,"80.924.708/0001-24",2026-08-03 08:38:00.000,
2075,Empresa FictÃ­cia 2075,"80.925.725/0001-25",2026-08-03 08:38:00.000,
2076,Empresa FictÃ­cia 2076,"80.926.742/0001-26",2026-08-03 08:38:00.000,
2077,Empresa FictÃ­cia 2077,"80.927.759/0001-27",2026-08-03 08:38:00.000,
2078,Empresa FictÃ­cia 2078,"80.928.776/0001-28",2026-08-03 08:38:00.000,
2079,Empresa FictÃ­cia 2079,"80.929.793/0001-29",2026-08-03 08:38:00.000,
2080,Empresa FictÃ­cia 2080,"80.930.810/0001-30",2026-08-03 08:38:00.000,
2081,Empresa FictÃ­cia 2081,"80.931.827/0001-31",2026-08-03 08:38:00.000,
2082,Empresa FictÃ­cia 2082,"80.932.844/0001-32",2026-08-03 08:38:00.000,
2083,Empresa FictÃ­cia 2083,"80.933.861/0001-33",2026-08-03 08:38:00.000,
2084,Empresa FictÃ­cia 2084,"80.934.878/0001-34",2026-08-03 08:38:00.000,
2085,Empresa FictÃ­cia 2085,"80.935.895/0001-35",2026-08-03 08:38:00.000,
2086,Empresa FictÃ­cia 2086,"80.936.912/0001-36",2026-08-03 08:38:00.000,
2087,Empresa FictÃ­cia 2087,"80.937.929/0001-37",2026-08-03 08:38:00.000,
2088,Empresa FictÃ­cia 2088,"80.938.946/0001-38",2026-08-03 08:38:00.000,
2089,Empresa FictÃ­cia 2089,"80.939.963/0001-39",2026-08-03 08:38:00.000,
2090,Empresa FictÃ­cia 2090,"80.940.980/0001-40",2026-08-03 08:38:00.000,
2091,Empresa FictÃ­cia 2091,"80.941.997/0001-41",2026-08-03 08:38:00.000,
2092,Empresa FictÃ­cia 2092,"80.942.014/0001-42",2026-08-03 08:38:00.000,
2093,Empresa FictÃ­cia 2093,"80.943.031/0001-43",2026-08-03 08:38:00.000,
2094,Empresa FictÃ­cia 2094,"80.944.048/0001-44",2026-08-03 08:38:00.000,
2095,Empresa FictÃ­cia 2095,"80.945.065/0001-45",2026-08-03 08:38:00.000,
2096,Empresa FictÃ­cia 2096,"80.946.082/0001-46",2026-08-03 08:38:00.000,
2097,Empresa FictÃ­cia 2097,"80.947.099/0001-47",2026-08-03 08:38:00.000,
2098,Empresa FictÃ­cia 2098,"80.948.116/0001-48",2026-08-03 08:38:00.000,
2099,Empresa FictÃ­cia 2099,"80.949.133/0001-49",2026-08-03 08:38:00.000,
2100,Empresa FictÃ­cia 2100,"80.950.150/0001-50",2026-08-03 08:38:00.000,
2101,Empresa FictÃ­cia 2101,"80.951.167/0001-51",2026-08-03 08:38:00.000,
2102,Empresa FictÃ­cia 2102,"80.952.184/0001-52",2026-08-03 08:38:00.000,
2103,Empresa FictÃ­cia 2103,"80.953.201/0001-53",2026-08-03 08:38:00.000,
2104,Empresa FictÃ­cia 2104,"80.954.218/0001-54",2026-08-03 08:38:00.000,
2105,Empresa FictÃ­cia 2105,"80.955.235/0001-55",2026-08-03 08:38:00.000,
2106,Empresa FictÃ­cia 2106,"80.956.252/0001-56",2026-08-03 08:38:00.000,
2107,Empresa FictÃ­cia 2107,"80.957.269/0001-57",2026-08-03 08:38:00.000,
2108,Empresa FictÃ­cia 2108,"80.958.286/0001-58",2026-08-03 08:38:00.000,
2109,Empresa FictÃ­cia 2109,"80.959.303/0001-59",2026-08-03 08:38:00.000,
2110,Empresa FictÃ­cia 2110,"80.960.320/0001-60",2026-08-03 08:38:00.000,
2111,Empresa FictÃ­cia 2111,"80.961.337/0001-61",2026-08-03 08:38:00.000,
2112,Empresa FictÃ­cia 2112,"80.962.354/0001-62",2026-08-03 08:38:00.000,
2113,Empresa FictÃ­cia 2113,"80.963.371/0001-63",2026-08-03 08:38:00.000,
2114,Empresa FictÃ­cia 2114,"80.964.388/0001-64",2026-08-03 08:38:00.000,
2115,Empresa FictÃ­cia 2115,"80.965.405/0001-65",2026-08-03 08:38:00.000,
2116,Empresa FictÃ­cia 2116,"80.966.422/0001-66",2026-08-03 08:38:00.000,
2117,Empresa FictÃ­cia 2117,"80.967.439/0001-67",2026-08-03 08:38:00.000,
2118,Empresa FictÃ­cia 2118,"80.968.456/0001-68",2026-08-03 08:38:00.000,
2119,Empresa FictÃ­cia 2119,"80.969.473/0001-69",2026-08-03 08:38:00.000,
2120,Empresa FictÃ­cia 2120,"80.970.490/0001-70",2026-08-03 08:38:00.000,
2121,Empresa FictÃ­cia 2121,"80.971.507/0001-71",2026-08-03 08:38:00.000,
2122,Empresa FictÃ­cia 2122,"80.972.524/0001-72",2026-08-03 08:38:00.000,
2123,Empresa FictÃ­cia 2123,"80.973.541/0001-73",2026-08-03 08:38:00.000,
2124,Empresa FictÃ­cia 2124,"80.974.558/0001-74",2026-08-03 08:38:00.000,
2125,Empresa FictÃ­cia 2125,"80.975.575/0001-75",2026-08-03 08:38:00.000,
2126,Empresa FictÃ­cia 2126,"80.976.592/0001-76",2026-08-03 08:38:00.000,
2127,Empresa FictÃ­cia 2127,"80.977.609/0001-77",2026-08-03 08:38:00.000,
2128,Empresa FictÃ­cia 2128,"80.978.626/0001-78",2026-08-03 08:38:00.000,
2129,Empresa FictÃ­cia 2129,"80.979.643/0001-79",2026-08-03 08:38:00.000,
2130,Empresa FictÃ­cia 2130,"80.980.660/0001-80",2026-08-03 08:38:00.000,
2131,Empresa FictÃ­cia 2131,"80.981.677/0001-81",2026-08-03 08:38:00.000,
2132,Empresa FictÃ­cia 2132,"80.982.694/0001-82",2026-08-03 08:38:00.000,
2133,Empresa FictÃ­cia 2133,"80.983.711/0001-83",2026-08-03 08:38:00.000,
2134,Empresa FictÃ­cia 2134,"80.984.728/0001-84",2026-08-03 08:38:00.000,
2135,Empresa FictÃ­cia 2135,"80.985.745/0001-85",2026-08-03 08:38:00.000,
2136,Empresa FictÃ­cia 2136,"80.986.762/0001-86",2026-08-03 08:38:00.000,
2137,Empresa FictÃ­cia 2137,"80.987.779/0001-87",2026-08-03 08:38:00.000,
2138,Empresa FictÃ­cia 2138,"80.988.796/0001-88",2026-08-03 08:38:00.000,
2139,Empresa FictÃ­cia 2139,"80.989.813/0001-89",2026-08-03 08:38:00.000,
2140,Empresa FictÃ­cia 2140,"80.990.830/0001-90",2026-08-03 08:38:00.000,
2141,Empresa FictÃ­cia 2141,"80.991.847/0001-91",2026-08-03 08:38:00.000,
2142,Empresa FictÃ­cia 2142,"80.992.864/0001-92",2026-08-03 08:38:00.000,
2143,Empresa FictÃ­cia 2143,"80.993.881/0001-93",2026-08-03 08:38:00.000,
2144,Empresa FictÃ­cia 2144,"80.994.898/0001-94",2026-08-03 08:38:00.000,
2145,Empresa FictÃ­cia 2145,"80.995.915/0001-95",2026-08-03 08:38:00.000,
2146,Empresa FictÃ­cia 2146,"80.996.932/0001-96",2026-08-03 08:38:00.000,
2147,Empresa FictÃ­cia 2147,"80.997.949/0001-97",2026-08-03 08:38:00.000,
2148,Empresa FictÃ­cia 2148,"80.998.966/0001-98",2026-08-03 08:38:00.000,
2149,Empresa FictÃ­cia 2149,"80.999.983/0001-99",2026-08-03 08:38:00.000,
2150,Empresa FictÃ­cia 2150,"81.000.000/0001-00",2026-08-03 08:38:00.000,
2151,Empresa FictÃ­cia 2151,"81.001.017/0001-01",2026-08-03 08:38:00.000,
2152,Empresa FictÃ­cia 2152,"81.002.034/0001-02",2026-08-03 08:38:00.000,
2153,Empresa FictÃ­cia 2153,"81.003.051/0001-03",2026-08-03 08:38:00.000,
2154,Empresa FictÃ­cia 2154,"81.004.068/0001-04",2026-08-03 08:38:00.000,
2155,Empresa FictÃ­cia 2155,"81.005.085/0001-05",2026-08-03 08:38:00.000,
2156,Empresa FictÃ­cia 2156,"81.006.102/0001-06",2026-08-03 08:38:00.000,
2157,Empresa FictÃ­cia 2157,"81.007.119/0001-07",2026-08-03 08:38:00.000,
2158,Empresa FictÃ­cia 2158,"81.008.136/0001-08",2026-08-03 08:38:00.000,
2159,Empresa FictÃ­cia 2159,"81.009.153/0001-09",2026-08-03 08:38:00.000,
2160,Empresa FictÃ­cia 2160,"81.010.170/0001-10",2026-08-03 08:38:00.000,
2161,Empresa FictÃ­cia 2161,"81.011.187/0001-11",2026-08-03 08:38:00.000,
2162,Empresa FictÃ­cia 2162,"81.012.204/0001-12",2026-08-03 08:38:00.000,
2163,Empresa FictÃ­cia 2163,"81.013.221/0001-13",2026-08-03 08:38:00.000,
2164,Empresa FictÃ­cia 2164,"81.014.238/0001-14",2026-08-03 08:38:00.000,
2165,Empresa FictÃ­cia 2165,"81.015.255/0001-15",2026-08-03 08:38:00.000,
2166,Empresa FictÃ­cia 2166,"81.016.272/0001-16",2026-08-03 08:38:00.000,
2167,Empresa FictÃ­cia 2167,"81.017.289/0001-17",2026-08-03 08:38:00.000,
2168,Empresa FictÃ­cia 2168,"81.018.306/0001-18",2026-08-03 08:38:00.000,
2169,Empresa FictÃ­cia 2169,"81.019.323/0001-19",2026-08-03 08:38:00.000,
2170,Empresa FictÃ­cia 2170,"81.020.340/0001-20",2026-08-03 08:38:00.000,
2171,Empresa FictÃ­cia 2171,"81.021.357/0001-21",2026-08-03 08:38:00.000,
2172,Empresa FictÃ­cia 2172,"81.022.374/0001-22",2026-08-03 08:38:00.000,
2173,Empresa FictÃ­cia 2173,"81.023.391/0001-23",2026-08-03 08:38:00.000,
2174,Empresa FictÃ­cia 2174,"81.024.408/0001-24",2026-08-03 08:38:00.000,
2175,Empresa FictÃ­cia 2175,"81.025.425/0001-25",2026-08-03 08:38:00.000,
2176,Empresa FictÃ­cia 2176,"81.026.442/0001-26",2026-08-03 08:38:00.000,
2177,Empresa FictÃ­cia 2177,"81.027.459/0001-27",2026-08-03 08:38:00.000,
2178,Empresa FictÃ­cia 2178,"81.028.476/0001-28",2026-08-03 08:38:00.000,
2179,Empresa FictÃ­cia 2179,"81.029.493/0001-29",2026-08-03 08:38:00.000,
2180,Empresa FictÃ­cia 2180,"81.030.510/0001-30",2026-08-03 08:38:00.000,
2181,Empresa FictÃ­cia 2181,"81.031.527/0001-31",2026-08-03 08:38:00.000,
2182,Empresa FictÃ­cia 2182,"81.032.544/0001-32",2026-08-03 08:38:00.000,
2183,Empresa FictÃ­cia 2183,"81.033.561/0001-33",2026-08-03 08:38:00.000,
2184,Empresa FictÃ­cia 2184,"81.034.578/0001-34",2026-08-03 08:38:00.000,
2185,Empresa FictÃ­cia 2185,"81.035.595/0001-35",2026-08-03 08:38:00.000,
2186,Empresa FictÃ­cia 2186,"81.036.612/0001-36",2026-08-03 08:38:00.000,
2187,Empresa FictÃ­cia 2187,"81.037.629/0001-37",2026-08-03 08:38:00.000,
2188,Empresa FictÃ­cia 2188,"81.038.646/0001-38",2026-08-03 08:38:00.000,
2189,Empresa FictÃ­cia 2189,"81.039.663/0001-39",2026-08-03 08:38:00.000,
2190,Empresa FictÃ­cia 2190,"81.040.680/0001-40",2026-08-03 08:38:00.000,
2191,Empresa FictÃ­cia 2191,"81.041.697/0001-41",2026-08-03 08:38:00.000,
2192,Empresa FictÃ­cia 2192,"81.042.714/0001-42",2026-08-03 08:38:00.000,
2193,Empresa FictÃ­cia 2193,"81.043.731/0001-43",2026-08-03 08:38:00.000,
2194,Empresa FictÃ­cia 2194,"81.044.748/0001-44",2026-08-03 08:38:00.000,
2195,Empresa FictÃ­cia 2195,"81.045.765/0001-45",2026-08-03 08:38:00.000,
2196,Empresa FictÃ­cia 2196,"81.046.782/0001-46",2026-08-03 08:38:00.000,
2197,Empresa FictÃ­cia 2197,"81.047.799/0001-47",2026-08-03 08:38:00.000,
2198,Empresa FictÃ­cia 2198,"81.048.816/0001-48",2026-08-03 08:38:00.000,
2199,Empresa FictÃ­cia 2199,"81.049.833/0001-49",2026-08-03 08:38:00.000,
2200,Empresa FictÃ­cia 2200,"81.050.850/0001-50",2026-08-03 08:38:00.000,
2201,Empresa FictÃ­cia 2201,"81.051.867/0001-51",2026-08-03 08:38:00.000,
2202,Empresa FictÃ­cia 2202,"81.052.884/0001-52",2026-08-03 08:38:00.000,
2203,Empresa FictÃ­cia 2203,"81.053.901/0001-53",2026-08-03 08:38:00.000,
2204,Empresa FictÃ­cia 2204,"81.054.918/0001-54",2026-08-03 08:38:00.000,
2205,Empresa FictÃ­cia 2205,"81.055.935/0001-55",2026-08-03 08:38:00.000,
2206,Empresa FictÃ­cia 2206,"81.056.952/0001-56",2026-08-03 08:38:00.000,
2207,Empresa FictÃ­cia 2207,"81.057.969/0001-57",2026-08-03 08:38:00.000,
2208,Empresa FictÃ­cia 2208,"81.058.986/0001-58",2026-08-03 08:38:00.000,
2209,Empresa FictÃ­cia 2209,"81.059.003/0001-59",2026-08-03 08:38:00.000,
2210,Empresa FictÃ­cia 2210,"81.060.020/0001-60",2026-08-03 08:38:00.000,
2211,Empresa FictÃ­cia 2211,"81.061.037/0001-61",2026-08-03 08:38:00.000,
2212,Empresa FictÃ­cia 2212,"81.062.054/0001-62",2026-08-03 08:38:00.000,
2213,Empresa FictÃ­cia 2213,"81.063.071/0001-63",2026-08-03 08:38:00.000,
2214,Empresa FictÃ­cia 2214,"81.064.088/0001-64",2026-08-03 08:38:00.000,
2215,Empresa FictÃ­cia 2215,"81.065.105/0001-65",2026-08-03 08:38:00.000,
2216,Empresa FictÃ­cia 2216,"81.066.122/0001-66",2026-08-03 08:38:00.000,
2217,Empresa FictÃ­cia 2217,"81.067.139/0001-67",2026-08-03 08:38:00.000,
2218,Empresa FictÃ­cia 2218,"81.068.156/0001-68",2026-08-03 08:38:00.000,
2219,Empresa FictÃ­cia 2219,"81.069.173/0001-69",2026-08-03 08:38:00.000,
2220,Empresa FictÃ­cia 2220,"81.070.190/0001-70",2026-08-03 08:38:00.000,
2221,Empresa FictÃ­cia 2221,"81.071.207/0001-71",2026-08-03 08:38:00.000,
2222,Empresa FictÃ­cia 2222,"81.072.224/0001-72",2026-08-03 08:38:00.000,
2223,Empresa FictÃ­cia 2223,"81.073.241/0001-73",2026-08-03 08:38:00.000,
2224,Empresa FictÃ­cia 2224,"81.074.258/0001-74",2026-08-03 08:38:00.000,
2225,Empresa FictÃ­cia 2225,"81.075.275/0001-75",2026-08-03 08:38:00.000,
2226,Empresa FictÃ­cia 2226,"81.076.292/0001-76",2026-08-03 08:38:00.000,
2227,Empresa FictÃ­cia 2227,"81.077.309/0001-77",2026-08-03 08:38:00.000,
2228,Empresa FictÃ­cia 2228,"81.078.326/0001-78",2026-08-03 08:38:00.000,
2229,Empresa FictÃ­cia 2229,"81.079.343/0001-79",2026-08-03 08:38:00.000,
2230,Empresa FictÃ­cia 2230,"81.080.360/0001-80",2026-08-03 08:38:00.000,
2231,Empresa FictÃ­cia 2231,"81.081.377/0001-81",2026-08-03 08:38:00.000,
2232,Empresa FictÃ­cia 2232,"81.082.394/0001-82",2026-08-03 08:38:00.000,
2233,Empresa FictÃ­cia 2233,"81.083.411/0001-83",2026-08-03 08:38:00.000,
2234,Empresa FictÃ­cia 2234,"81.084.428/0001-84",2026-08-03 08:38:00.000,
2235,Empresa FictÃ­cia 2235,"81.085.445/0001-85",2026-08-03 08:38:00.000,
2236,Empresa FictÃ­cia 2236,"81.086.462/0001-86",2026-08-03 08:38:00.000,
2237,Empresa FictÃ­cia 2237,"81.087.479/0001-87",2026-08-03 08:38:00.000,
2238,Empresa FictÃ­cia 2238,"81.088.496/0001-88",2026-08-03 08:38:00.000,
2239,Empresa FictÃ­cia 2239,"81.089.513/0001-89",2026-08-03 08:38:00.000,
2240,Empresa FictÃ­cia 2240,"81.090.530/0001-90",2026-08-03 08:38:00.000,
2241,Empresa FictÃ­cia 2241,"81.091.547/0001-91",2026-08-03 08:38:00.000,
2242,Empresa FictÃ­cia 2242,"81.092.564/0001-92",2026-08-03 08:38:00.000,
2243,Empresa FictÃ­cia 2243,"81.093.581/0001-93",2026-08-03 08:38:00.000,
2244,Empresa FictÃ­cia 2244,"81.094.598/0001-94",2026-08-03 08:38:00.000,
2245,Empresa FictÃ­cia 2245,"81.095.615/0001-95",2026-08-03 08:38:00.000,
2246,Empresa FictÃ­cia 2246,"81.096.632/0001-96",2026-08-03 08:38:00.000,
2247,Empresa FictÃ­cia 2247,"81.097.649/0001-97",2026-08-03 08:38:00.000,
2248,Empresa FictÃ­cia 2248,"81.098.666/0001-98",2026-08-03 08:38:00.000,
2249,Empresa FictÃ­cia 2249,"81.099.683/0001-99",2026-08-03 08:38:00.000,
2250,Empresa FictÃ­cia 2250,"81.100.700/0001-00",2026-08-03 08:38:00.000,
2251,Empresa FictÃ­cia 2251,"81.101.717/0001-01",2026-08-03 08:38:00.000,
2252,Empresa FictÃ­cia 2252,"81.102.734/0001-02",2026-08-03 08:38:00.000,
2253,Empresa FictÃ­cia 2253,"81.103.751/0001-03",2026-08-03 08:38:00.000,
2254,Empresa FictÃ­cia 2254,"81.104.768/0001-04",2026-08-03 08:38:00.000,
2255,Empresa FictÃ­cia 2255,"81.105.785/0001-05",2026-08-03 08:38:00.000,
2256,Empresa FictÃ­cia 2256,"81.106.802/0001-06",2026-08-03 08:38:00.000,
2257,Empresa FictÃ­cia 2257,"81.107.819/0001-07",2026-08-03 08:38:00.000,
2258,Empresa FictÃ­cia 2258,"81.108.836/0001-08",2026-08-03 08:38:00.000,
2259,Empresa FictÃ­cia 2259,"81.109.853/0001-09",2026-08-03 08:38:00.000,
2260,Empresa FictÃ­cia 2260,"81.110.870/0001-10",2026-08-03 08:38:00.000,
2261,Empresa FictÃ­cia 2261,"81.111.887/0001-11",2026-08-03 08:38:00.000,
2262,Empresa FictÃ­cia 2262,"81.112.904/0001-12",2026-08-03 08:38:00.000,
2263,Empresa FictÃ­cia 2263,"81.113.921/0001-13",2026-08-03 08:38:00.000,
2264,Empresa FictÃ­cia 2264,"81.114.938/0001-14",2026-08-03 08:38:00.000,
2265,Empresa FictÃ­cia 2265,"81.115.955/0001-15",2026-08-03 08:38:00.000,
2266,Empresa FictÃ­cia 2266,"81.116.972/0001-16",2026-08-03 08:38:00.000,
2267,Empresa FictÃ­cia 2267,"81.117.989/0001-17",2026-08-03 08:38:00.000,
2268,Empresa FictÃ­cia 2268,"81.118.006/0001-18",2026-08-03 08:38:00.000,
2269,Empresa FictÃ­cia 2269,"81.119.023/0001-19",2026-08-03 08:38:00.000,
2270,Empresa FictÃ­cia 2270,"81.120.040/0001-20",2026-08-03 08:38:00.000,
2271,Empresa FictÃ­cia 2271,"81.121.057/0001-21",2026-08-03 08:38:00.000,
2272,Empresa FictÃ­cia 2272,"81.122.074/0001-22",2026-08-03 08:38:00.000,
2273,Empresa FictÃ­cia 2273,"81.123.091/0001-23",2026-08-03 08:38:00.000,
2274,Empresa FictÃ­cia 2274,"81.124.108/0001-24",2026-08-03 08:38:00.000,
2275,Empresa FictÃ­cia 2275,"81.125.125/0001-25",2026-08-03 08:38:00.000,
2276,Empresa FictÃ­cia 2276,"81.126.142/0001-26",2026-08-03 08:38:00.000,
2277,Empresa FictÃ­cia 2277,"81.127.159/0001-27",2026-08-03 08:38:00.000,
2278,Empresa FictÃ­cia 2278,"81.128.176/0001-28",2026-08-03 08:38:00.000,
2279,Empresa FictÃ­cia 2279,"81.129.193/0001-29",2026-08-03 08:38:00.000,
2280,Empresa FictÃ­cia 2280,"81.130.210/0001-30",2026-08-03 08:38:00.000,
2281,Empresa FictÃ­cia 2281,"81.131.227/0001-31",2026-08-03 08:38:00.000,
2282,Empresa FictÃ­cia 2282,"81.132.244/0001-32",2026-08-03 08:38:00.000,
2283,Empresa FictÃ­cia 2283,"81.133.261/0001-33",2026-08-03 08:38:00.000,
2284,Empresa FictÃ­cia 2284,"81.134.278/0001-34",2026-08-03 08:38:00.000,
2285,Empresa FictÃ­cia 2285,"81.135.295/0001-35",2026-08-03 08:38:00.000,
2286,Empresa FictÃ­cia 2286,"81.136.312/0001-36",2026-08-03 08:38:00.000,
2287,Empresa FictÃ­cia 2287,"81.137.329/0001-37",2026-08-03 08:38:00.000,
2288,Empresa FictÃ­cia 2288,"81.138.346/0001-38",2026-08-03 08:38:00.000,
2289,Empresa FictÃ­cia 2289,"81.139.363/0001-39",2026-08-03 08:38:00.000,
2290,Empresa FictÃ­cia 2290,"81.140.380/0001-40",2026-08-03 08:38:00.000,
2291,Empresa FictÃ­cia 2291,"81.141.397/0001-41",2026-08-03 08:38:00.000,
2292,Empresa FictÃ­cia 2292,"81.142.414/0001-42",2026-08-03 08:38:00.000,
2293,Empresa FictÃ­cia 2293,"81.143.431/0001-43",2026-08-03 08:38:00.000,
2294,Empresa FictÃ­cia 2294,"81.144.448/0001-44",2026-08-03 08:38:00.000,
2295,Empresa FictÃ­cia 2295,"81.145.465/0001-45",2026-08-03 08:38:00.000,
2296,Empresa FictÃ­cia 2296,"81.146.482/0001-46",2026-08-03 08:38:00.000,
2297,Empresa FictÃ­cia 2297,"81.147.499/0001-47",2026-08-03 08:38:00.000,
2298,Empresa FictÃ­cia 2298,"81.148.516/0001-48",2026-08-03 08:38:00.000,
2299,Empresa FictÃ­cia 2299,"81.149.533/0001-49",2026-08-03 08:38:00.000,
2300,Empresa FictÃ­cia 2300,"81.150.550/0001-50",2026-08-03 08:38:00.000,
2301,Empresa FictÃ­cia 2301,"81.151.567/0001-51",2026-08-03 08:38:00.000,
2302,Empresa FictÃ­cia 2302,"81.152.584/0001-52",2026-08-03 08:38:00.000,
2303,Empresa FictÃ­cia 2303,"81.153.601/0001-53",2026-08-03 08:38:00.000,
2304,Empresa FictÃ­cia 2304,"81.154.618/0001-54",2026-08-03 08:38:00.000,
2305,Empresa FictÃ­cia 2305,"81.155.635/0001-55",2026-08-03 08:38:00.000,
2306,Empresa FictÃ­cia 2306,"81.156.652/0001-56",2026-08-03 08:38:00.000,
2307,Empresa FictÃ­cia 2307,"81.157.669/0001-57",2026-08-03 08:38:00.000,
2308,Empresa FictÃ­cia 2308,"81.158.686/0001-58",2026-08-03 08:38:00.000,
2309,Empresa FictÃ­cia 2309,"81.159.703/0001-59",2026-08-03 08:38:00.000,
2310,Empresa FictÃ­cia 2310,"81.160.720/0001-60",2026-08-03 08:38:00.000,
2311,Empresa FictÃ­cia 2311,"81.161.737/0001-61",2026-08-03 08:38:00.000,
2312,Empresa FictÃ­cia 2312,"81.162.754/0001-62",2026-08-03 08:38:00.000,
2313,Empresa FictÃ­cia 2313,"81.163.771/0001-63",2026-08-03 08:38:00.000,
2314,Empresa FictÃ­cia 2314,"81.164.788/0001-64",2026-08-03 08:38:00.000,
2315,Empresa FictÃ­cia 2315,"81.165.805/0001-65",2026-08-03 08:38:00.000,
2316,Empresa FictÃ­cia 2316,"81.166.822/0001-66",2026-08-03 08:38:00.000,
2317,Empresa FictÃ­cia 2317,"81.167.839/0001-67",2026-08-03 08:38:00.000,
2318,Empresa FictÃ­cia 2318,"81.168.856/0001-68",2026-08-03 08:38:00.000,
2319,Empresa FictÃ­cia 2319,"81.169.873/0001-69",2026-08-03 08:38:00.000,
2320,Empresa FictÃ­cia 2320,"81.170.890/0001-70",2026-08-03 08:38:00.000,
2321,Empresa FictÃ­cia 2321,"81.171.907/0001-71",2026-08-03 08:38:00.000,
2322,Empresa FictÃ­cia 2322,"81.172.924/0001-72",2026-08-03 08:38:00.000,
2323,Empresa FictÃ­cia 2323,"81.173.941/0001-73",2026-08-03 08:38:00.000,
2324,Empresa FictÃ­cia 2324,"81.174.958/0001-74",2026-08-03 08:38:00.000,
2325,Empresa FictÃ­cia 2325,"81.175.975/0001-75",2026-08-03 08:38:00.000,
2326,Empresa FictÃ­cia 2326,"81.176.992/0001-76",2026-08-03 08:38:00.000,
2327,Empresa FictÃ­cia 2327,"81.177.009/0001-77",2026-08-03 08:38:00.000,
2328,Empresa FictÃ­cia 2328,"81.178.026/0001-78",2026-08-03 08:38:00.000,
2329,Empresa FictÃ­cia 2329,"81.179.043/0001-79",2026-08-03 08:38:00.000,
2330,Empresa FictÃ­cia 2330,"81.180.060/0001-80",2026-08-03 08:38:00.000,
2331,Empresa FictÃ­cia 2331,"81.181.077/0001-81",2026-08-03 08:38:00.000,
2332,Empresa FictÃ­cia 2332,"81.182.094/0001-82",2026-08-03 08:38:00.000,
2333,Empresa FictÃ­cia 2333,"81.183.111/0001-83",2026-08-03 08:38:00.000,
2334,Empresa FictÃ­cia 2334,"81.184.128/0001-84",2026-08-03 08:38:00.000,
2335,Empresa FictÃ­cia 2335,"81.185.145/0001-85",2026-08-03 08:38:00.000,
2336,Empresa FictÃ­cia 2336,"81.186.162/0001-86",2026-08-03 08:38:00.000,
2337,Empresa FictÃ­cia 2337,"81.187.179/0001-87",2026-08-03 08:38:00.000,
2338,Empresa FictÃ­cia 2338,"81.188.196/0001-88",2026-08-03 08:38:00.000,
2339,Empresa FictÃ­cia 2339,"81.189.213/0001-89",2026-08-03 08:38:00.000,
2340,Empresa FictÃ­cia 2340,"81.190.230/0001-90",2026-08-03 08:38:00.000,
2341,Empresa FictÃ­cia 2341,"81.191.247/0001-91",2026-08-03 08:38:00.000,
2342,Empresa FictÃ­cia 2342,"81.192.264/0001-92",2026-08-03 08:38:00.000,
2343,Empresa FictÃ­cia 2343,"81.193.281/0001-93",2026-08-03 08:38:00.000,
2344,Empresa FictÃ­cia 2344,"81.194.298/0001-94",2026-08-03 08:38:00.000,
2345,Empresa FictÃ­cia 2345,"81.195.315/0001-95",2026-08-03 08:38:00.000,
2346,Empresa FictÃ­cia 2346,"81.196.332/0001-96",2026-08-03 08:38:00.000,
2347,Empresa FictÃ­cia 2347,"81.197.349/0001-97",2026-08-03 08:38:00.000,
2348,Empresa FictÃ­cia 2348,"81.198.366/0001-98",2026-08-03 08:38:00.000,
2349,Empresa FictÃ­cia 2349,"81.199.383/0001-99",2026-08-03 08:38:00.000,
2350,Empresa FictÃ­cia 2350,"81.200.400/0001-00",2026-08-03 08:38:00.000,
2351,Empresa FictÃ­cia 2351,"81.201.417/0001-01",2026-08-03 08:38:00.000,
2352,Empresa FictÃ­cia 2352,"81.202.434/0001-02",2026-08-03 08:38:00.000,
2353,Empresa FictÃ­cia 2353,"81.203.451/0001-03",2026-08-03 08:38:00.000,
2354,Empresa FictÃ­cia 2354,"81.204.468/0001-04",2026-08-03 08:38:00.000,
2355,Empresa FictÃ­cia 2355,"81.205.485/0001-05",2026-08-03 08:38:00.000,
2356,Empresa FictÃ­cia 2356,"81.206.502/0001-06",2026-08-03 08:38:00.000,
2357,Empresa FictÃ­cia 2357,"81.207.519/0001-07",2026-08-03 08:38:00.000,
2358,Empresa FictÃ­cia 2358,"81.208.536/0001-08",2026-08-03 08:38:00.000,
2359,Empresa FictÃ­cia 2359,"81.209.553/0001-09",2026-08-03 08:38:00.000,
2360,Empresa FictÃ­cia 2360,"81.210.570/0001-10",2026-08-03 08:38:00.000,
2361,Empresa FictÃ­cia 2361,"81.211.587/0001-11",2026-08-03 08:38:00.000,
2362,Empresa FictÃ­cia 2362,"81.212.604/0001-12",2026-08-03 08:38:00.000,
2363,Empresa FictÃ­cia 2363,"81.213.621/0001-13",2026-08-03 08:38:00.000,
2364,Empresa FictÃ­cia 2364,"81.214.638/0001-14",2026-08-03 08:38:00.000,
2365,Empresa FictÃ­cia 2365,"81.215.655/0001-15",2026-08-03 08:38:00.000,
2366,Empresa FictÃ­cia 2366,"81.216.672/0001-16",2026-08-03 08:38:00.000,
2367,Empresa FictÃ­cia 2367,"81.217.689/0001-17",2026-08-03 08:38:00.000,
2368,Empresa FictÃ­cia 2368,"81.218.706/0001-18",2026-08-03 08:38:00.000,
2369,Empresa FictÃ­cia 2369,"81.219.723/0001-19",2026-08-03 08:38:00.000,
2370,Empresa FictÃ­cia 2370,"81.220.740/0001-20",2026-08-03 08:38:00.000,
2371,Empresa FictÃ­cia 2371,"81.221.757/0001-21",2026-08-03 08:38:00.000,
2372,Empresa FictÃ­cia 2372,"81.222.774/0001-22",2026-08-03 08:38:00.000,
2373,Empresa FictÃ­cia 2373,"81.223.791/0001-23",2026-08-03 08:38:00.000,
2374,Empresa FictÃ­cia 2374,"81.224.808/0001-24",2026-08-03 08:38:00.000,
2375,Empresa FictÃ­cia 2375,"81.225.825/0001-25",2026-08-03 08:38:00.000,
2376,Empresa FictÃ­cia 2376,"81.226.842/0001-26",2026-08-03 08:38:00.000,
2377,Empresa FictÃ­cia 2377,"81.227.859/0001-27",2026-08-03 08:38:00.000,
2378,Empresa FictÃ­cia 2378,"81.228.876/0001-28",2026-08-03 08:38:00.000,
2379,Empresa FictÃ­cia 2379,"81.229.893/0001-29",2026-08-03 08:38:00.000,
2380,Empresa FictÃ­cia 2380,"81.230.910/0001-30",2026-08-03 08:38:00.000,
2381,Empresa FictÃ­cia 2381,"81.231.927/0001-31",2026-08-03 08:38:00.000,
2382,Empresa FictÃ­cia 2382,"81.232.944/0001-32",2026-08-03 08:38:00.000,
2383,Empresa FictÃ­cia 2383,"81.233.961/0001-33",2026-08-03 08:38:00.000,
2384,Empresa FictÃ­cia 2384,"81.234.978/0001-34",2026-08-03 08:38:00.000,
2385,Empresa FictÃ­cia 2385,"81.235.995/0001-35",2026-08-03 08:38:00.000,
2386,Empresa FictÃ­cia 2386,"81.236.012/0001-36",2026-08-03 08:38:00.000,
2387,Empresa FictÃ­cia 2387,"81.237.029/0001-37",2026-08-03 08:38:00.000,
2388,Empresa FictÃ­cia 2388,"81.238.046/0001-38",2026-08-03 08:38:00.000,
2389,Empresa FictÃ­cia 2389,"81.239.063/0001-39",2026-08-03 08:38:00.000,
2390,Empresa FictÃ­cia 2390,"81.240.080/0001-40",2026-08-03 08:38:00.000,
2391,Empresa FictÃ­cia 2391,"81.241.097/0001-41",2026-08-03 08:38:00.000,
2392,Empresa FictÃ­cia 2392,"81.242.114/0001-42",2026-08-03 08:38:00.000,
2393,Empresa FictÃ­cia 2393,"81.243.131/0001-43",2026-08-03 08:38:00.000,
2394,Empresa FictÃ­cia 2394,"81.244.148/0001-44",2026-08-03 08:38:00.000,
2395,Empresa FictÃ­cia 2395,"81.245.165/0001-45",2026-08-03 08:38:00.000,
2396,Empresa FictÃ­cia 2396,"81.246.182/0001-46",2026-08-03 08:38:00.000,
2397,Empresa FictÃ­cia 2397,"81.247.199/0001-47",2026-08-03 08:38:00.000,
2398,Empresa FictÃ­cia 2398,"81.248.216/0001-48",2026-08-03 08:38:00.000,
2399,Empresa FictÃ­cia 2399,"81.249.233/0001-49",2026-08-03 08:38:00.000,
2400,Empresa FictÃ­cia 2400,"81.250.250/0001-50",2026-08-03 08:38:00.000,
2401,Empresa FictÃ­cia 2401,"81.251.267/0001-51",2026-08-03 08:38:00.000,
2402,Empresa FictÃ­cia 2402,"81.252.284/0001-52",2026-08-03 08:38:00.000,
2403,Empresa FictÃ­cia 2403,"81.253.301/0001-53",2026-08-03 08:38:00.000,
2404,Empresa FictÃ­cia 2404,"81.254.318/0001-54",2026-08-03 08:38:00.000,
2405,Empresa FictÃ­cia 2405,"81.255.335/0001-55",2026-08-03 08:38:00.000,
2406,Empresa FictÃ­cia 2406,"81.256.352/0001-56",2026-08-03 08:38:00.000,
2407,Empresa FictÃ­cia 2407,"81.257.369/0001-57",2026-08-03 08:38:00.000,
2408,Empresa FictÃ­cia 2408,"81.258.386/0001-58",2026-08-03 08:38:00.000,
2409,Empresa FictÃ­cia 2409,"81.259.403/0001-59",2026-08-03 08:38:00.000,
2410,Empresa FictÃ­cia 2410,"81.260.420/0001-60",2026-08-03 08:38:00.000,
2411,Empresa FictÃ­cia 2411,"81.261.437/0001-61",2026-08-03 08:38:00.000,
2412,Empresa FictÃ­cia 2412,"81.262.454/0001-62",2026-08-03 08:38:00.000,
2413,Empresa FictÃ­cia 2413,"81.263.471/0001-63",2026-08-03 08:38:00.000,
2414,Empresa FictÃ­cia 2414,"81.264.488/0001-64",2026-08-03 08:38:00.000,
2415,Empresa FictÃ­cia 2415,"81.265.505/0001-65",2026-08-03 08:38:00.000,
2416,Empresa FictÃ­cia 2416,"81.266.522/0001-66",2026-08-03 08:38:00.000,
2417,Empresa FictÃ­cia 2417,"81.267.539/0001-67",2026-08-03 08:38:00.000,
2418,Empresa FictÃ­cia 2418,"81.268.556/0001-68",2026-08-03 08:38:00.000,
2419,Empresa FictÃ­cia 2419,"81.269.573/0001-69",2026-08-03 08:38:00.000,
2420,Empresa FictÃ­cia 2420,"81.270.590/0001-70",2026-08-03 08:38:00.000,
2421,Empresa FictÃ­cia 2421,"81.271.607/0001-71",2026-08-03 08:38:00.000,
2422,Empresa FictÃ­cia 2422,"81.272.624/0001-72",2026-08-03 08:38:00.000,
2423,Empresa FictÃ­cia 2423,"81.273.641/0001-73",2026-08-03 08:38:00.000,
2424,Empresa FictÃ­cia 2424,"81.274.658/0001-74",2026-08-03 08:38:00.000,
2425,Empresa FictÃ­cia 2425,"81.275.675/0001-75",2026-08-03 08:38:00.000,
2426,Empresa FictÃ­cia 2426,"81.276.692/0001-76",2026-08-03 08:38:00.000,
2427,Empresa FictÃ­cia 2427,"81.277.709/0001-77",2026-08-03 08:38:00.000,
2428,Empresa FictÃ­cia 2428,"81.278.726/0001-78",2026-08-03 08:38:00.000,
2429,Empresa FictÃ­cia 2429,"81.279.743/0001-79",2026-08-03 08:38:00.000,
2430,Empresa FictÃ­cia 2430,"81.280.760/0001-80",2026-08-03 08:38:00.000,
2431,Empresa FictÃ­cia 2431,"81.281.777/0001-81",2026-08-03 08:38:00.000,
2432,Empresa FictÃ­cia 2432,"81.282.794/0001-82",2026-08-03 08:38:00.000,
2433,Empresa FictÃ­cia 2433,"81.283.811/0001-83",2026-08-03 08:38:00.000,
2434,Empresa FictÃ­cia 2434,"81.284.828/0001-84",2026-08-03 08:38:00.000,
2435,Empresa FictÃ­cia 2435,"81.285.845/0001-85",2026-08-03 08:38:00.000,
2436,Empresa FictÃ­cia 2436,"81.286.862/0001-86",2026-08-03 08:38:00.000,
2437,Empresa FictÃ­cia 2437,"81.287.879/0001-87",2026-08-03 08:38:00.000,
2438,Empresa FictÃ­cia 2438,"81.288.896/0001-88",2026-08-03 08:38:00.000,
2439,Empresa FictÃ­cia 2439,"81.289.913/0001-89",2026-08-03 08:38:00.000,
2440,Empresa FictÃ­cia 2440,"81.290.930/0001-90",2026-08-03 08:38:00.000,
2441,Empresa FictÃ­cia 2441,"81.291.947/0001-91",2026-08-03 08:38:00.000,
2442,Empresa FictÃ­cia 2442,"81.292.964/0001-92",2026-08-03 08:38:00.000,
2443,Empresa FictÃ­cia 2443,"81.293.981/0001-93",2026-08-03 08:38:00.000,
2444,Empresa FictÃ­cia 2444,"81.294.998/0001-94",2026-08-03 08:38:00.000,
2445,Empresa FictÃ­cia 2445,"81.295.015/0001-95",2026-08-03 08:38:00.000,
2446,Empresa FictÃ­cia 2446,"81.296.032/0001-96",2026-08-03 08:38:00.000,
2447,Empresa FictÃ­cia 2447,"81.297.049/0001-97",2026-08-03 08:38:00.000,
2448,Empresa FictÃ­cia 2448,"81.298.066/0001-98",2026-08-03 08:38:00.000,
2449,Empresa FictÃ­cia 2449,"81.299.083/0001-99",2026-08-03 08:38:00.000,
2450,Empresa FictÃ­cia 2450,"81.300.100/0001-00",2026-08-03 08:38:00.000,
2451,Empresa FictÃ­cia 2451,"81.301.117/0001-01",2026-08-03 08:38:00.000,
2452,Empresa FictÃ­cia 2452,"81.302.134/0001-02",2026-08-03 08:38:00.000,
2453,Empresa FictÃ­cia 2453,"81.303.151/0001-03",2026-08-03 08:38:00.000,
2454,Empresa FictÃ­cia 2454,"81.304.168/0001-04",2026-08-03 08:38:00.000,
2455,Empresa FictÃ­cia 2455,"81.305.185/0001-05",2026-08-03 08:38:00.000,
2456,Empresa FictÃ­cia 2456,"81.306.202/0001-06",2026-08-03 08:38:00.000,
2457,Empresa FictÃ­cia 2457,"81.307.219/0001-07",2026-08-03 08:38:00.000,
2458,Empresa FictÃ­cia 2458,"81.308.236/0001-08",2026-08-03 08:38:00.000,
2459,Empresa FictÃ­cia 2459,"81.309.253/0001-09",2026-08-03 08:38:00.000,
2460,Empresa FictÃ­cia 2460,"81.310.270/0001-10",2026-08-03 08:38:00.000,
2461,Empresa FictÃ­cia 2461,"81.311.287/0001-11",2026-08-03 08:38:00.000,
2462,Empresa FictÃ­cia 2462,"81.312.304/0001-12",2026-08-03 08:38:00.000,
2463,Empresa FictÃ­cia 2463,"81.313.321/0001-13",2026-08-03 08:38:00.000,
2464,Empresa FictÃ­cia 2464,"81.314.338/0001-14",2026-08-03 08:38:00.000,
2465,Empresa FictÃ­cia 2465,"81.315.355/0001-15",2026-08-03 08:38:00.000,
2466,Empresa FictÃ­cia 2466,"81.316.372/0001-16",2026-08-03 08:38:00.000,
2467,Empresa FictÃ­cia 2467,"81.317.389/0001-17",2026-08-03 08:38:00.000,
2468,Empresa FictÃ­cia 2468,"81.318.406/0001-18",2026-08-03 08:38:00.000,
2469,Empresa FictÃ­cia 2469,"81.319.423/0001-19",2026-08-03 08:38:00.000,
2470,Empresa FictÃ­cia 2470,"81.320.440/0001-20",2026-08-03 08:38:00.000,
2471,Empresa FictÃ­cia 2471,"81.321.457/0001-21",2026-08-03 08:38:00.000,
2472,Empresa FictÃ­cia 2472,"81.322.474/0001-22",2026-08-03 08:38:00.000,
2473,Empresa FictÃ­cia 2473,"81.323.491/0001-23",2026-08-03 08:38:00.000,
2474,Empresa FictÃ­cia 2474,"81.324.508/0001-24",2026-08-03 08:38:00.000,
2475,Empresa FictÃ­cia 2475,"81.325.525/0001-25",2026-08-03 08:38:00.000,
2476,Empresa FictÃ­cia 2476,"81.326.542/0001-26",2026-08-03 08:38:00.000,
2477,Empresa FictÃ­cia 2477,"81.327.559/0001-27",2026-08-03 08:38:00.000,
2478,Empresa FictÃ­cia 2478,"81.328.576/0001-28",2026-08-03 08:38:00.000,
2479,Empresa FictÃ­cia 2479,"81.329.593/0001-29",2026-08-03 08:38:00.000,
2480,Empresa FictÃ­cia 2480,"81.330.610/0001-30",2026-08-03 08:38:00.000,
2481,Empresa FictÃ­cia 2481,"81.331.627/0001-31",2026-08-03 08:38:00.000,
2482,Empresa FictÃ­cia 2482,"81.332.644/0001-32",2026-08-03 08:38:00.000,
2483,Empresa FictÃ­cia 2483,"81.333.661/0001-33",2026-08-03 08:38:00.000,
2484,Empresa FictÃ­cia 2484,"81.334.678/0001-34",2026-08-03 08:38:00.000,
2485,Empresa FictÃ­cia 2485,"81.335.695/0001-35",2026-08-03 08:38:00.000,
2486,Empresa FictÃ­cia 2486,"81.336.712/0001-36",2026-08-03 08:38:00.000,
2487,Empresa FictÃ­cia 2487,"81.337.729/0001-37",2026-08-03 08:38:00.000,
2488,Empresa FictÃ­cia 2488,"81.338.746/0001-38",2026-08-03 08:38:00.000,
2489,Empresa FictÃ­cia 2489,"81.339.763/0001-39",2026-08-03 08:38:00.000,
2490,Empresa FictÃ­cia 2490,"81.340.780/0001-40",2026-08-03 08:38:00.000,
2491,Empresa FictÃ­cia 2491,"81.341.797/0001-41",2026-08-03 08:38:00.000,
2492,Empresa FictÃ­cia 2492,"81.342.814/0001-42",2026-08-03 08:38:00.000,
2493,Empresa FictÃ­cia 2493,"81.343.831/0001-43",2026-08-03 08:38:00.000,
2494,Empresa FictÃ­cia 2494,"81.344.848/0001-44",2026-08-03 08:38:00.000,
2495,Empresa FictÃ­cia 2495,"81.345.865/0001-45",2026-08-03 08:38:00.000,
2496,Empresa FictÃ­cia 2496,"81.346.882/0001-46",2026-08-03 08:38:00.000,
2497,Empresa FictÃ­cia 2497,"81.347.899/0001-47",2026-08-03 08:38:00.000,
2498,Empresa FictÃ­cia 2498,"81.348.916/0001-48",2026-08-03 08:38:00.000,
2499,Empresa FictÃ­cia 2499,"81.349.933/0001-49",2026-08-03 08:38:00.000,
2500,Empresa FictÃ­cia 2500,"81.350.950/0001-50",2026-08-03 08:38:00.000,
2501,Empresa FictÃ­cia 2501,"81.351.967/0001-51",2026-08-03 08:38:00.000,
2502,Empresa FictÃ­cia 2502,"81.352.984/0001-52",2026-08-03 08:38:00.000,
2503,Empresa FictÃ­cia 2503,"81.353.001/0001-53",2026-08-03 08:38:00.000,
2504,Empresa FictÃ­cia 2504,"81.354.018/0001-54",2026-08-03 08:38:00.000,
2505,Empresa FictÃ­cia 2505,"81.355.035/0001-55",2026-08-03 08:38:00.000,
2506,Empresa FictÃ­cia 2506,"81.356.052/0001-56",2026-08-03 08:38:00.000,
2507,Empresa FictÃ­cia 2507,"81.357.069/0001-57",2026-08-03 08:38:00.000,
2508,Empresa FictÃ­cia 2508,"81.358.086/0001-58",2026-08-03 08:38:00.000,
2509,Empresa FictÃ­cia 2509,"81.359.103/0001-59",2026-08-03 08:38:00.000,
2510,Empresa FictÃ­cia 2510,"81.360.120/0001-60",2026-08-03 08:38:00.000,
2511,Empresa FictÃ­cia 2511,"81.361.137/0001-61",2026-08-03 08:38:00.000,
2512,Empresa FictÃ­cia 2512,"81.362.154/0001-62",2026-08-03 08:38:00.000,
2513,Empresa FictÃ­cia 2513,"81.363.171/0001-63",2026-08-03 08:38:00.000,
2514,Empresa FictÃ­cia 2514,"81.364.188/0001-64",2026-08-03 08:38:00.000,
2515,Empresa FictÃ­cia 2515,"81.365.205/0001-65",2026-08-03 08:38:00.000,
2516,Empresa FictÃ­cia 2516,"81.366.222/0001-66",2026-08-03 08:38:00.000,
2517,Empresa FictÃ­cia 2517,"81.367.239/0001-67",2026-08-03 08:38:00.000,
2518,Empresa FictÃ­cia 2518,"81.368.256/0001-68",2026-08-03 08:38:00.000,
2519,Empresa FictÃ­cia 2519,"81.369.273/0001-69",2026-08-03 08:38:00.000,
2520,Empresa FictÃ­cia 2520,"81.370.290/0001-70",2026-08-03 08:38:00.000,
2521,Empresa FictÃ­cia 2521,"81.371.307/0001-71",2026-08-03 08:38:00.000,
2522,Empresa FictÃ­cia 2522,"81.372.324/0001-72",2026-08-03 08:38:00.000,
2523,Empresa FictÃ­cia 2523,"81.373.341/0001-73",2026-08-03 08:38:00.000,
2524,Empresa FictÃ­cia 2524,"81.374.358/0001-74",2026-08-03 08:38:00.000,
2525,Empresa FictÃ­cia 2525,"81.375.375/0001-75",2026-08-03 08:38:00.000,
2526,Empresa FictÃ­cia 2526,"81.376.392/0001-76",2026-08-03 08:38:00.000,
2527,Empresa FictÃ­cia 2527,"81.377.409/0001-77",2026-08-03 08:38:00.000,
2528,Empresa FictÃ­cia 2528,"81.378.426/0001-78",2026-08-03 08:38:00.000,
2529,Empresa FictÃ­cia 2529,"81.379.443/0001-79",2026-08-03 08:38:00.000,
2530,Empresa FictÃ­cia 2530,"81.380.460/0001-80",2026-08-03 08:38:00.000,
2531,Empresa FictÃ­cia 2531,"81.381.477/0001-81",2026-08-03 08:38:00.000,
2532,Empresa FictÃ­cia 2532,"81.382.494/0001-82",2026-08-03 08:38:00.000,
2533,Empresa FictÃ­cia 2533,"81.383.511/0001-83",2026-08-03 08:38:00.000,
2534,Empresa FictÃ­cia 2534,"81.384.528/0001-84",2026-08-03 08:38:00.000,
2535,Empresa FictÃ­cia 2535,"81.385.545/0001-85",2026-08-03 08:38:00.000,
2536,Empresa FictÃ­cia 2536,"81.386.562/0001-86",2026-08-03 08:38:00.000,
2537,Empresa FictÃ­cia 2537,"81.387.579/0001-87",2026-08-03 08:38:00.000,
2538,Empresa FictÃ­cia 2538,"81.388.596/0001-88",2026-08-03 08:38:00.000,
2539,Empresa FictÃ­cia 2539,"81.389.613/0001-89",2026-08-03 08:38:00.000,
2540,Empresa FictÃ­cia 2540,"81.390.630/0001-90",2026-08-03 08:38:00.000,
2541,Empresa FictÃ­cia 2541,"81.391.647/0001-91",2026-08-03 08:38:00.000,
2542,Empresa FictÃ­cia 2542,"81.392.664/0001-92",2026-08-03 08:38:00.000,
2543,Empresa FictÃ­cia 2543,"81.393.681/0001-93",2026-08-03 08:38:00.000,
2544,Empresa FictÃ­cia 2544,"81.394.698/0001-94",2026-08-03 08:38:00.000,
2545,Empresa FictÃ­cia 2545,"81.395.715/0001-95",2026-08-03 08:38:00.000,
2546,Empresa FictÃ­cia 2546,"81.396.732/0001-96",2026-08-03 08:38:00.000,
2547,Empresa FictÃ­cia 2547,"81.397.749/0001-97",2026-08-03 08:38:00.000,
2548,Empresa FictÃ­cia 2548,"81.398.766/0001-98",2026-08-03 08:38:00.000,
2549,Empresa FictÃ­cia 2549,"81.399.783/0001-99",2026-08-03 08:38:00.000,
2550,Empresa FictÃ­cia 2550,"81.400.800/0001-00",2026-08-03 08:38:00.000,
2551,Empresa FictÃ­cia 2551,"81.401.817/0001-01",2026-08-03 08:38:00.000,
2552,Empresa FictÃ­cia 2552,"81.402.834/0001-02",2026-08-03 08:38:00.000,
2553,Empresa FictÃ­cia 2553,"81.403.851/0001-03",2026-08-03 08:38:00.000,
2554,Empresa FictÃ­cia 2554,"81.404.868/0001-04",2026-08-03 08:38:00.000,
2555,Empresa FictÃ­cia 2555,"81.405.885/0001-05",2026-08-03 08:38:00.000,
2556,Empresa FictÃ­cia 2556,"81.406.902/0001-06",2026-08-03 08:38:00.000,
2557,Empresa FictÃ­cia 2557,"81.407.919/0001-07",2026-08-03 08:38:00.000,
2558,Empresa FictÃ­cia 2558,"81.408.936/0001-08",2026-08-03 08:38:00.000,
2559,Empresa FictÃ­cia 2559,"81.409.953/0001-09",2026-08-03 08:38:00.000,
2560,Empresa FictÃ­cia 2560,"81.410.970/0001-10",2026-08-03 08:38:00.000,
2561,Empresa FictÃ­cia 2561,"81.411.987/0001-11",2026-08-03 08:38:00.000,
2562,Empresa FictÃ­cia 2562,"81.412.004/0001-12",2026-08-03 08:38:00.000,
2563,Empresa FictÃ­cia 2563,"81.413.021/0001-13",2026-08-03 08:38:00.000,
2564,Empresa FictÃ­cia 2564,"81.414.038/0001-14",2026-08-03 08:38:00.000,
2565,Empresa FictÃ­cia 2565,"81.415.055/0001-15",2026-08-03 08:38:00.000,
2566,Empresa FictÃ­cia 2566,"81.416.072/0001-16",2026-08-03 08:38:00.000,
2567,Empresa FictÃ­cia 2567,"81.417.089/0001-17",2026-08-03 08:38:00.000,
2568,Empresa FictÃ­cia 2568,"81.418.106/0001-18",2026-08-03 08:38:00.000,
2569,Empresa FictÃ­cia 2569,"81.419.123/0001-19",2026-08-03 08:38:00.000,
2570,Empresa FictÃ­cia 2570,"81.420.140/0001-20",2026-08-03 08:38:00.000,
2571,Empresa FictÃ­cia 2571,"81.421.157/0001-21",2026-08-03 08:38:00.000,
2572,Empresa FictÃ­cia 2572,"81.422.174/0001-22",2026-08-03 08:38:00.000,
2573,Empresa FictÃ­cia 2573,"81.423.191/0001-23",2026-08-03 08:38:00.000,
2574,Empresa FictÃ­cia 2574,"81.424.208/0001-24",2026-08-03 08:38:00.000,
2575,Empresa FictÃ­cia 2575,"81.425.225/0001-25",2026-08-03 08:38:00.000,
2576,Empresa FictÃ­cia 2576,"81.426.242/0001-26",2026-08-03 08:38:00.000,
2577,Empresa FictÃ­cia 2577,"81.427.259/0001-27",2026-08-03 08:38:00.000,
2578,Empresa FictÃ­cia 2578,"81.428.276/0001-28",2026-08-03 08:38:00.000,
2579,Empresa FictÃ­cia 2579,"81.429.293/0001-29",2026-08-03 08:38:00.000,
2580,Empresa FictÃ­cia 2580,"81.430.310/0001-30",2026-08-03 08:38:00.000,
2581,Empresa FictÃ­cia 2581,"81.431.327/0001-31",2026-08-03 08:38:00.000,
2582,Empresa FictÃ­cia 2582,"81.432.344/0001-32",2026-08-03 08:38:00.000,
2583,Empresa FictÃ­cia 2583,"81.433.361/0001-33",2026-08-03 08:38:00.000,
2584,Empresa FictÃ­cia 2584,"81.434.378/0001-34",2026-08-03 08:38:00.000,
2585,Empresa FictÃ­cia 2585,"81.435.395/0001-35",2026-08-03 08:38:00.000,
2586,Empresa FictÃ­cia 2586,"81.436.412/0001-36",2026-08-03 08:38:00.000,
2587,Empresa FictÃ­cia 2587,"81.437.429/0001-37",2026-08-03 08:38:00.000,
2588,Empresa FictÃ­cia 2588,"81.438.446/0001-38",2026-08-03 08:38:00.000,
2589,Empresa FictÃ­cia 2589,"81.439.463/0001-39",2026-08-03 08:38:00.000,
2590,Empresa FictÃ­cia 2590,"81.440.480/0001-40",2026-08-03 08:38:00.000,
2591,Empresa FictÃ­cia 2591,"81.441.497/0001-41",2026-08-03 08:38:00.000,
2592,Empresa FictÃ­cia 2592,"81.442.514/0001-42",2026-08-03 08:38:00.000,
2593,Empresa FictÃ­cia 2593,"81.443.531/0001-43",2026-08-03 08:38:00.000,
2594,Empresa FictÃ­cia 2594,"81.444.548/0001-44",2026-08-03 08:38:00.000,
2595,Empresa FictÃ­cia 2595,"81.445.565/0001-45",2026-08-03 08:38:00.000,
2596,Empresa FictÃ­cia 2596,"81.446.582/0001-46",2026-08-03 08:38:00.000,
2597,Empresa FictÃ­cia 2597,"81.447.599/0001-47",2026-08-03 08:38:00.000,
2598,Empresa FictÃ­cia 2598,"81.448.616/0001-48",2026-08-03 08:38:00.000,
2599,Empresa FictÃ­cia 2599,"81.449.633/0001-49",2026-08-03 08:38:00.000,
2600,Empresa FictÃ­cia 2600,"81.450.650/0001-50",2026-08-03 08:38:00.000,
2601,Empresa FictÃ­cia 2601,"81.451.667/0001-51",2026-08-03 08:38:00.000,
2602,Empresa FictÃ­cia 2602,"81.452.684/0001-52",2026-08-03 08:38:00.000,
2603,Empresa FictÃ­cia 2603,"81.453.701/0001-53",2026-08-03 08:38:00.000,
2604,Empresa FictÃ­cia 2604,"81.454.718/0001-54",2026-08-03 08:38:00.000,
2605,Empresa FictÃ­cia 2605,"81.455.735/0001-55",2026-08-03 08:38:00.000,
2606,Empresa FictÃ­cia 2606,"81.456.752/0001-56",2026-08-03 08:38:00.000,
2607,Empresa FictÃ­cia 2607,"81.457.769/0001-57",2026-08-03 08:38:00.000,
2608,Empresa FictÃ­cia 2608,"81.458.786/0001-58",2026-08-03 08:38:00.000,
2609,Empresa FictÃ­cia 2609,"81.459.803/0001-59",2026-08-03 08:38:00.000,
2610,Empresa FictÃ­cia 2610,"81.460.820/0001-60",2026-08-03 08:38:00.000,
2611,Empresa FictÃ­cia 2611,"81.461.837/0001-61",2026-08-03 08:38:00.000,
2612,Empresa FictÃ­cia 2612,"81.462.854/0001-62",2026-08-03 08:38:00.000,
2613,Empresa FictÃ­cia 2613,"81.463.871/0001-63",2026-08-03 08:38:00.000,
2614,Empresa FictÃ­cia 2614,"81.464.888/0001-64",2026-08-03 08:38:00.000,
2615,Empresa FictÃ­cia 2615,"81.465.905/0001-65",2026-08-03 08:38:00.000,
2616,Empresa FictÃ­cia 2616,"81.466.922/0001-66",2026-08-03 08:38:00.000,
2617,Empresa FictÃ­cia 2617,"81.467.939/0001-67",2026-08-03 08:38:00.000,
2618,Empresa FictÃ­cia 2618,"81.468.956/0001-68",2026-08-03 08:38:00.000,
2619,Empresa FictÃ­cia 2619,"81.469.973/0001-69",2026-08-03 08:38:00.000,
2620,Empresa FictÃ­cia 2620,"81.470.990/0001-70",2026-08-03 08:38:00.000,
2621,Empresa FictÃ­cia 2621,"81.471.007/0001-71",2026-08-03 08:38:00.000,
2622,Empresa FictÃ­cia 2622,"81.472.024/0001-72",2026-08-03 08:38:00.000,
2623,Empresa FictÃ­cia 2623,"81.473.041/0001-73",2026-08-03 08:38:00.000,
2624,Empresa FictÃ­cia 2624,"81.474.058/0001-74",2026-08-03 08:38:00.000,
2625,Empresa FictÃ­cia 2625,"81.475.075/0001-75",2026-08-03 08:38:00.000,
2626,Empresa FictÃ­cia 2626,"81.476.092/0001-76",2026-08-03 08:38:00.000,
2627,Empresa FictÃ­cia 2627,"81.477.109/0001-77",2026-08-03 08:38:00.000,
2628,Empresa FictÃ­cia 2628,"81.478.126/0001-78",2026-08-03 08:38:00.000,
2629,Empresa FictÃ­cia 2629,"81.479.143/0001-79",2026-08-03 08:38:00.000,
2630,Empresa FictÃ­cia 2630,"81.480.160/0001-80",2026-08-03 08:38:00.000,
2631,Empresa FictÃ­cia 2631,"81.481.177/0001-81",2026-08-03 08:38:00.000,
2632,Empresa FictÃ­cia 2632,"81.482.194/0001-82",2026-08-03 08:38:00.000,
2633,Empresa FictÃ­cia 2633,"81.483.211/0001-83",2026-08-03 08:38:00.000,
2634,Empresa FictÃ­cia 2634,"81.484.228/0001-84",2026-08-03 08:38:00.000,
2635,Empresa FictÃ­cia 2635,"81.485.245/0001-85",2026-08-03 08:38:00.000,
2636,Empresa FictÃ­cia 2636,"81.486.262/0001-86",2026-08-03 08:38:00.000,
2637,Empresa FictÃ­cia 2637,"81.487.279/0001-87",2026-08-03 08:38:00.000,
2638,Empresa FictÃ­cia 2638,"81.488.296/0001-88",2026-08-03 08:38:00.000,
2639,Empresa FictÃ­cia 2639,"81.489.313/0001-89",2026-08-03 08:38:00.000,
2640,Empresa FictÃ­cia 2640,"81.490.330/0001-90",2026-08-03 08:38:00.000,
2641,Empresa FictÃ­cia 2641,"81.491.347/0001-91",2026-08-03 08:38:00.000,
2642,Empresa FictÃ­cia 2642,"81.492.364/0001-92",2026-08-03 08:38:00.000,
2643,Empresa FictÃ­cia 2643,"81.493.381/0001-93",2026-08-03 08:38:00.000,
2644,Empresa FictÃ­cia 2644,"81.494.398/0001-94",2026-08-03 08:38:00.000,
2645,Empresa FictÃ­cia 2645,"81.495.415/0001-95",2026-08-03 08:38:00.000,
2646,Empresa FictÃ­cia 2646,"81.496.432/0001-96",2026-08-03 08:38:00.000,
2647,Empresa FictÃ­cia 2647,"81.497.449/0001-97",2026-08-03 08:38:00.000,
2648,Empresa FictÃ­cia 2648,"81.498.466/0001-98",2026-08-03 08:38:00.000,
2649,Empresa FictÃ­cia 2649,"81.499.483/0001-99",2026-08-03 08:38:00.000,
2650,Empresa FictÃ­cia 2650,"81.500.500/0001-00",2026-08-03 08:38:00.000,
2651,Empresa FictÃ­cia 2651,"81.501.517/0001-01",2026-08-03 08:38:00.000,
2652,Empresa FictÃ­cia 2652,"81.502.534/0001-02",2026-08-03 08:38:00.000,
2653,Empresa FictÃ­cia 2653,"81.503.551/0001-03",2026-08-03 08:38:00.000,
2654,Empresa FictÃ­cia 2654,"81.504.568/0001-04",2026-08-03 08:38:00.000,
2655,Empresa FictÃ­cia 2655,"81.505.585/0001-05",2026-08-03 08:38:00.000,
2656,Empresa FictÃ­cia 2656,"81.506.602/0001-06",2026-08-03 08:38:00.000,
2657,Empresa FictÃ­cia 2657,"81.507.619/0001-07",2026-08-03 08:38:00.000,
2658,Empresa FictÃ­cia 2658,"81.508.636/0001-08",2026-08-03 08:38:00.000,
2659,Empresa FictÃ­cia 2659,"81.509.653/0001-09",2026-08-03 08:38:00.000,
2660,Empresa FictÃ­cia 2660,"81.510.670/0001-10",2026-08-03 08:38:00.000,
2661,Empresa FictÃ­cia 2661,"81.511.687/0001-11",2026-08-03 08:38:00.000,
2662,Empresa FictÃ­cia 2662,"81.512.704/0001-12",2026-08-03 08:38:00.000,
2663,Empresa FictÃ­cia 2663,"81.513.721/0001-13",2026-08-03 08:38:00.000,
2664,Empresa FictÃ­cia 2664,"81.514.738/0001-14",2026-08-03 08:38:00.000,
2665,Empresa FictÃ­cia 2665,"81.515.755/0001-15",2026-08-03 08:38:00.000,
2666,Empresa FictÃ­cia 2666,"81.516.772/0001-16",2026-08-03 08:38:00.000,
2667,Empresa FictÃ­cia 2667,"81.517.789/0001-17",2026-08-03 08:38:00.000,
2668,Empresa FictÃ­cia 2668,"81.518.806/0001-18",2026-08-03 08:38:00.000,
2669,Empresa FictÃ­cia 2669,"81.519.823/0001-19",2026-08-03 08:38:00.000,
2670,Empresa FictÃ­cia 2670,"81.520.840/0001-20",2026-08-03 08:38:00.000,
2671,Empresa FictÃ­cia 2671,"81.521.857/0001-21",2026-08-03 08:38:00.000,
2672,Empresa FictÃ­cia 2672,"81.522.874/0001-22",2026-08-03 08:38:00.000,
2673,Empresa FictÃ­cia 2673,"81.523.891/0001-23",2026-08-03 08:38:00.000,
2674,Empresa FictÃ­cia 2674,"81.524.908/0001-24",2026-08-03 08:38:00.000,
2675,Empresa FictÃ­cia 2675,"81.525.925/0001-25",2026-08-03 08:38:00.000,
2676,Empresa FictÃ­cia 2676,"81.526.942/0001-26",2026-08-03 08:38:00.000,
2677,Empresa FictÃ­cia 2677,"81.527.959/0001-27",2026-08-03 08:38:00.000,
2678,Empresa FictÃ­cia 2678,"81.528.976/0001-28",2026-08-03 08:38:00.000,
2679,Empresa FictÃ­cia 2679,"81.529.993/0001-29",2026-08-03 08:38:00.000,
2680,Empresa FictÃ­cia 2680,"81.530.010/0001-30",2026-08-03 08:38:00.000,
2681,Empresa FictÃ­cia 2681,"81.531.027/0001-31",2026-08-03 08:38:00.000,
2682,Empresa FictÃ­cia 2682,"81.532.044/0001-32",2026-08-03 08:38:00.000,
2683,Empresa FictÃ­cia 2683,"81.533.061/0001-33",2026-08-03 08:38:00.000,
2684,Empresa FictÃ­cia 2684,"81.534.078/0001-34",2026-08-03 08:38:00.000,
2685,Empresa FictÃ­cia 2685,"81.535.095/0001-35",2026-08-03 08:38:00.000,
2686,Empresa FictÃ­cia 2686,"81.536.112/0001-36",2026-08-03 08:38:00.000,
2687,Empresa FictÃ­cia 2687,"81.537.129/0001-37",2026-08-03 08:38:00.000,
2688,Empresa FictÃ­cia 2688,"81.538.146/0001-38",2026-08-03 08:38:00.000,
2689,Empresa FictÃ­cia 2689,"81.539.163/0001-39",2026-08-03 08:38:00.000,
2690,Empresa FictÃ­cia 2690,"81.540.180/0001-40",2026-08-03 08:38:00.000,
2691,Empresa FictÃ­cia 2691,"81.541.197/0001-41",2026-08-03 08:38:00.000,
2692,Empresa FictÃ­cia 2692,"81.542.214/0001-42",2026-08-03 08:38:00.000,
2693,Empresa FictÃ­cia 2693,"81.543.231/0001-43",2026-08-03 08:38:00.000,
2694,Empresa FictÃ­cia 2694,"81.544.248/0001-44",2026-08-03 08:38:00.000,
2695,Empresa FictÃ­cia 2695,"81.545.265/0001-45",2026-08-03 08:38:00.000,
2696,Empresa FictÃ­cia 2696,"81.546.282/0001-46",2026-08-03 08:38:00.000,
2697,Empresa FictÃ­cia 2697,"81.547.299/0001-47",2026-08-03 08:38:00.000,
2698,Empresa FictÃ­cia 2698,"81.548.316/0001-48",2026-08-03 08:38:00.000,
2699,Empresa FictÃ­cia 2699,"81.549.333/0001-49",2026-08-03 08:38:00.000,
2700,Empresa FictÃ­cia 2700,"81.550.350/0001-50",2026-08-03 08:38:00.000,
2701,Empresa FictÃ­cia 2701,"81.551.367/0001-51",2026-08-03 08:38:00.000,
2702,Empresa FictÃ­cia 2702,"81.552.384/0001-52",2026-08-03 08:38:00.000,
2703,Empresa FictÃ­cia 2703,"81.553.401/0001-53",2026-08-03 08:38:00.000,
2704,Empresa FictÃ­cia 2704,"81.554.418/0001-54",2026-08-03 08:38:00.000,
2705,Empresa FictÃ­cia 2705,"81.555.435/0001-55",2026-08-03 08:38:00.000,
2706,Empresa FictÃ­cia 2706,"81.556.452/0001-56",2026-08-03 08:38:00.000,
2707,Empresa FictÃ­cia 2707,"81.557.469/0001-57",2026-08-03 08:38:00.000,
2708,Empresa FictÃ­cia 2708,"81.558.486/0001-58",2026-08-03 08:38:00.000,
2709,Empresa FictÃ­cia 2709,"81.559.503/0001-59",2026-08-03 08:38:00.000,
2710,Empresa FictÃ­cia 2710,"81.560.520/0001-60",2026-08-03 08:38:00.000,
2711,Empresa FictÃ­cia 2711,"81.561.537/0001-61",2026-08-03 08:38:00.000,
2712,Empresa FictÃ­cia 2712,"81.562.554/0001-62",2026-08-03 08:38:00.000,
2713,Empresa FictÃ­cia 2713,"81.563.571/0001-63",2026-08-03 08:38:00.000,
2714,Empresa FictÃ­cia 2714,"81.564.588/0001-64",2026-08-03 08:38:00.000,
2715,Empresa FictÃ­cia 2715,"81.565.605/0001-65",2026-08-03 08:38:00.000,
2716,Empresa FictÃ­cia 2716,"81.566.622/0001-66",2026-08-03 08:38:00.000,
2717,Empresa FictÃ­cia 2717,"81.567.639/0001-67",2026-08-03 08:38:00.000,
2718,Empresa FictÃ­cia 2718,"81.568.656/0001-68",2026-08-03 08:38:00.000,
2719,Empresa FictÃ­cia 2719,"81.569.673/0001-69",2026-08-03 08:38:00.000,
2720,Empresa FictÃ­cia 2720,"81.570.690/0001-70",2026-08-03 08:38:00.000,
2721,Empresa FictÃ­cia 2721,"81.571.707/0001-71",2026-08-03 08:38:00.000,
2722,Empresa FictÃ­cia 2722,"81.572.724/0001-72",2026-08-03 08:38:00.000,
2723,Empresa FictÃ­cia 2723,"81.573.741/0001-73",2026-08-03 08:38:00.000,
2724,Empresa FictÃ­cia 2724,"81.574.758/0001-74",2026-08-03 08:38:00.000,
2725,Empresa FictÃ­cia 2725,"81.575.775/0001-75",2026-08-03 08:38:00.000,
2726,Empresa FictÃ­cia 2726,"81.576.792/0001-76",2026-08-03 08:38:00.000,
2727,Empresa FictÃ­cia 2727,"81.577.809/0001-77",2026-08-03 08:38:00.000,
2728,Empresa FictÃ­cia 2728,"81.578.826/0001-78",2026-08-03 08:38:00.000,
2729,Empresa FictÃ­cia 2729,"81.579.843/0001-79",2026-08-03 08:38:00.000,
2730,Empresa FictÃ­cia 2730,"81.580.860/0001-80",2026-08-03 08:38:00.000,
2731,Empresa FictÃ­cia 2731,"81.581.877/0001-81",2026-08-03 08:38:00.000,
2732,Empresa FictÃ­cia 2732,"81.582.894/0001-82",2026-08-03 08:38:00.000,
2733,Empresa FictÃ­cia 2733,"81.583.911/0001-83",2026-08-03 08:38:00.000,
2734,Empresa FictÃ­cia 2734,"81.584.928/0001-84",2026-08-03 08:38:00.000,
2735,Empresa FictÃ­cia 2735,"81.585.945/0001-85",2026-08-03 08:38:00.000,
2736,Empresa FictÃ­cia 2736,"81.586.962/0001-86",2026-08-03 08:38:00.000,
2737,Empresa FictÃ­cia 2737,"81.587.979/0001-87",2026-08-03 08:38:00.000,
2738,Empresa FictÃ­cia 2738,"81.588.996/0001-88",2026-08-03 08:38:00.000,
2739,Empresa FictÃ­cia 2739,"81.589.013/0001-89",2026-08-03 08:38:00.000,
2740,Empresa FictÃ­cia 2740,"81.590.030/0001-90",2026-08-03 08:38:00.000,
2741,Empresa FictÃ­cia 2741,"81.591.047/0001-91",2026-08-03 08:38:00.000,
2742,Empresa FictÃ­cia 2742,"81.592.064/0001-92",2026-08-03 08:38:00.000,
2743,Empresa FictÃ­cia 2743,"81.593.081/0001-93",2026-08-03 08:38:00.000,
2744,Empresa FictÃ­cia 2744,"81.594.098/0001-94",2026-08-03 08:38:00.000,
2745,Empresa FictÃ­cia 2745,"81.595.115/0001-95",2026-08-03 08:38:00.000,
2746,Empresa FictÃ­cia 2746,"81.596.132/0001-96",2026-08-03 08:38:00.000,
2747,Empresa FictÃ­cia 2747,"81.597.149/0001-97",2026-08-03 08:38:00.000,
2748,Empresa FictÃ­cia 2748,"81.598.166/0001-98",2026-08-03 08:38:00.000,
2749,Empresa FictÃ­cia 2749,"81.599.183/0001-99",2026-08-03 08:38:00.000,
2750,Empresa FictÃ­cia 2750,"81.600.200/0001-00",2026-08-03 08:38:00.000,
2751,Empresa FictÃ­cia 2751,"81.601.217/0001-01",2026-08-03 08:38:00.000,
2752,Empresa FictÃ­cia 2752,"81.602.234/0001-02",2026-08-03 08:38:00.000,
2753,Empresa FictÃ­cia 2753,"81.603.251/0001-03",2026-08-03 08:38:00.000,
2754,Empresa FictÃ­cia 2754,"81.604.268/0001-04",2026-08-03 08:38:00.000,
2755,Empresa FictÃ­cia 2755,"81.605.285/0001-05",2026-08-03 08:38:00.000,
2756,Empresa FictÃ­cia 2756,"81.606.302/0001-06",2026-08-03 08:38:00.000,
2757,Empresa FictÃ­cia 2757,"81.607.319/0001-07",2026-08-03 08:38:00.000,
2758,Empresa FictÃ­cia 2758,"81.608.336/0001-08",2026-08-03 08:38:00.000,
2759,Empresa FictÃ­cia 2759,"81.609.353/0001-09",2026-08-03 08:38:00.000,
2760,Empresa FictÃ­cia 2760,"81.610.370/0001-10",2026-08-03 08:38:00.000,
2761,Empresa FictÃ­cia 2761,"81.611.387/0001-11",2026-08-03 08:38:00.000,
2762,Empresa FictÃ­cia 2762,"81.612.404/0001-12",2026-08-03 08:38:00.000,
2763,Empresa FictÃ­cia 2763,"81.613.421/0001-13",2026-08-03 08:38:00.000,
2764,Empresa FictÃ­cia 2764,"81.614.438/0001-14",2026-08-03 08:38:00.000,
2765,Empresa FictÃ­cia 2765,"81.615.455/0001-15",2026-08-03 08:38:00.000,
2766,Empresa FictÃ­cia 2766,"81.616.472/0001-16",2026-08-03 08:38:00.000,
2767,Empresa FictÃ­cia 2767,"81.617.489/0001-17",2026-08-03 08:38:00.000,
2768,Empresa FictÃ­cia 2768,"81.618.506/0001-18",2026-08-03 08:38:00.000,
2769,Empresa FictÃ­cia 2769,"81.619.523/0001-19",2026-08-03 08:38:00.000,
2770,Empresa FictÃ­cia 2770,"81.620.540/0001-20",2026-08-03 08:38:00.000,
2771,Empresa FictÃ­cia 2771,"81.621.557/0001-21",2026-08-03 08:38:00.000,
2772,Empresa FictÃ­cia 2772,"81.622.574/0001-22",2026-08-03 08:38:00.000,
2773,Empresa FictÃ­cia 2773,"81.623.591/0001-23",2026-08-03 08:38:00.000,
2774,Empresa FictÃ­cia 2774,"81.624.608/0001-24",2026-08-03 08:38:00.000,
2775,Empresa FictÃ­cia 2775,"81.625.625/0001-25",2026-08-03 08:38:00.000,
2776,Empresa FictÃ­cia 2776,"81.626.642/0001-26",2026-08-03 08:38:00.000,
2777,Empresa FictÃ­cia 2777,"81.627.659/0001-27",2026-08-03 08:38:00.000,
2778,Empresa FictÃ­cia 2778,"81.628.676/0001-28",2026-08-03 08:38:00.000,
2779,Empresa FictÃ­cia 2779,"81.629.693/0001-29",2026-08-03 08:38:00.000,
2780,Empresa FictÃ­cia 2780,"81.630.710/0001-30",2026-08-03 08:38:00.000,
2781,Empresa FictÃ­cia 2781,"81.631.727/0001-31",2026-08-03 08:38:00.000,
2782,Empresa FictÃ­cia 2782,"81.632.744/0001-32",2026-08-03 08:38:00.000,
2783,Empresa FictÃ­cia 2783,"81.633.761/0001-33",2026-08-03 08:38:00.000,
2784,Empresa FictÃ­cia 2784,"81.634.778/0001-34",2026-08-03 08:38:00.000,
2785,Empresa FictÃ­cia 2785,"81.635.795/0001-35",2026-08-03 08:38:00.000,
2786,Empresa FictÃ­cia 2786,"81.636.812/0001-36",2026-08-03 08:38:00.000,
2787,Empresa FictÃ­cia 2787,"81.637.829/0001-37",2026-08-03 08:38:00.000,
2788,Empresa FictÃ­cia 2788,"81.638.846/0001-38",2026-08-03 08:38:00.000,
2789,Empresa FictÃ­cia 2789,"81.639.863/0001-39",2026-08-03 08:38:00.000,
2790,Empresa FictÃ­cia 2790,"81.640.880/0001-40",2026-08-03 08:38:00.000,
2791,Empresa FictÃ­cia 2791,"81.641.897/0001-41",2026-08-03 08:38:00.000,
2792,Empresa FictÃ­cia 2792,"81.642.914/0001-42",2026-08-03 08:38:00.000,
2793,Empresa FictÃ­cia 2793,"81.643.931/0001-43",2026-08-03 08:38:00.000,
2794,Empresa FictÃ­cia 2794,"81.644.948/0001-44",2026-08-03 08:38:00.000,
2795,Empresa FictÃ­cia 2795,"81.645.965/0001-45",2026-08-03 08:38:00.000,
2796,Empresa FictÃ­cia 2796,"81.646.982/0001-46",2026-08-03 08:38:00.000,
2797,Empresa FictÃ­cia 2797,"81.647.999/0001-47",2026-08-03 08:38:00.000,
2798,Empresa FictÃ­cia 2798,"81.648.016/0001-48",2026-08-03 08:38:00.000,
2799,Empresa FictÃ­cia 2799,"81.649.033/0001-49",2026-08-03 08:38:00.000,
2800,Empresa FictÃ­cia 2800,"81.650.050/0001-50",2026-08-03 08:38:00.000,
2801,Empresa FictÃ­cia 2801,"81.651.067/0001-51",2026-08-03 08:38:00.000,
2802,Empresa FictÃ­cia 2802,"81.652.084/0001-52",2026-08-03 08:38:00.000,
2803,Empresa FictÃ­cia 2803,"81.653.101/0001-53",2026-08-03 08:38:00.000,
2804,Empresa FictÃ­cia 2804,"81.654.118/0001-54",2026-08-03 08:38:00.000,
2805,Empresa FictÃ­cia 2805,"81.655.135/0001-55",2026-08-03 08:38:00.000,
2806,Empresa FictÃ­cia 2806,"81.656.152/0001-56",2026-08-03 08:38:00.000,
2807,Empresa FictÃ­cia 2807,"81.657.169/0001-57",2026-08-03 08:38:00.000,
2808,Empresa FictÃ­cia 2808,"81.658.186/0001-58",2026-08-03 08:38:00.000,
2809,Empresa FictÃ­cia 2809,"81.659.203/0001-59",2026-08-03 08:38:00.000,
2810,Empresa FictÃ­cia 2810,"81.660.220/0001-60",2026-08-03 08:38:00.000,
2811,Empresa FictÃ­cia 2811,"81.661.237/0001-61",2026-08-03 08:38:00.000,
2812,Empresa FictÃ­cia 2812,"81.662.254/0001-62",2026-08-03 08:38:00.000,
2813,Empresa FictÃ­cia 2813,"81.663.271/0001-63",2026-08-03 08:38:00.000,
2814,Empresa FictÃ­cia 2814,"81.664.288/0001-64",2026-08-03 08:38:00.000,
2815,Empresa FictÃ­cia 2815,"81.665.305/0001-65",2026-08-03 08:38:00.000,
2816,Empresa FictÃ­cia 2816,"81.666.322/0001-66",2026-08-03 08:38:00.000,
2817,Empresa FictÃ­cia 2817,"81.667.339/0001-67",2026-08-03 08:38:00.000,
2818,Empresa FictÃ­cia 2818,"81.668.356/0001-68",2026-08-03 08:38:00.000,
2819,Empresa FictÃ­cia 2819,"81.669.373/0001-69",2026-08-03 08:38:00.000,
2820,Empresa FictÃ­cia 2820,"81.670.390/0001-70",2026-08-03 08:38:00.000,
2821,Empresa FictÃ­cia 2821,"81.671.407/0001-71",2026-08-03 08:38:00.000,
2822,Empresa FictÃ­cia 2822,"81.672.424/0001-72",2026-08-03 08:38:00.000,
2823,Empresa FictÃ­cia 2823,"81.673.441/0001-73",2026-08-03 08:38:00.000,
2824,Empresa FictÃ­cia 2824,"81.674.458/0001-74",2026-08-03 08:38:00.000,
2825,Empresa FictÃ­cia 2825,"81.675.475/0001-75",2026-08-03 08:38:00.000,
2826,Empresa FictÃ­cia 2826,"81.676.492/0001-76",2026-08-03 08:38:00.000,
2827,Empresa FictÃ­cia 2827,"81.677.509/0001-77",2026-08-03 08:38:00.000,
2828,Empresa FictÃ­cia 2828,"81.678.526/0001-78",2026-08-03 08:38:00.000,
2829,Empresa FictÃ­cia 2829,"81.679.543/0001-79",2026-08-03 08:38:00.000,
2830,Empresa FictÃ­cia 2830,"81.680.560/0001-80",2026-08-03 08:38:00.000,
2831,Empresa FictÃ­cia 2831,"81.681.577/0001-81",2026-08-03 08:38:00.000,
2832,Empresa FictÃ­cia 2832,"81.682.594/0001-82",2026-08-03 08:38:00.000,
2833,Empresa FictÃ­cia 2833,"81.683.611/0001-83",2026-08-03 08:38:00.000,
2834,Empresa FictÃ­cia 2834,"81.684.628/0001-84",2026-08-03 08:38:00.000,
2835,Empresa FictÃ­cia 2835,"81.685.645/0001-85",2026-08-03 08:38:00.000,
2836,Empresa FictÃ­cia 2836,"81.686.662/0001-86",2026-08-03 08:38:00.000,
2837,Empresa FictÃ­cia 2837,"81.687.679/0001-87",2026-08-03 08:38:00.000,
2838,Empresa FictÃ­cia 2838,"81.688.696/0001-88",2026-08-03 08:38:00.000,
2839,Empresa FictÃ­cia 2839,"81.689.713/0001-89",2026-08-03 08:38:00.000,
2840,Empresa FictÃ­cia 2840,"81.690.730/0001-90",2026-08-03 08:38:00.000,
2841,Empresa FictÃ­cia 2841,"81.691.747/0001-91",2026-08-03 08:38:00.000,
2842,Empresa FictÃ­cia 2842,"81.692.764/0001-92",2026-08-03 08:38:00.000,
2843,Empresa FictÃ­cia 2843,"81.693.781/0001-93",2026-08-03 08:38:00.000,
2844,Empresa FictÃ­cia 2844,"81.694.798/0001-94",2026-08-03 08:38:00.000,
2845,Empresa FictÃ­cia 2845,"81.695.815/0001-95",2026-08-03 08:38:00.000,
2846,Empresa FictÃ­cia 2846,"81.696.832/0001-96",2026-08-03 08:38:00.000,
2847,Empresa FictÃ­cia 2847,"81.697.849/0001-97",2026-08-03 08:38:00.000,
2848,Empresa FictÃ­cia 2848,"81.698.866/0001-98",2026-08-03 08:38:00.000,
2849,Empresa FictÃ­cia 2849,"81.699.883/0001-99",2026-08-03 08:38:00.000,
2850,Empresa FictÃ­cia 2850,"81.700.900/0001-00",2026-08-03 08:38:00.000,
2851,Empresa FictÃ­cia 2851,"81.701.917/0001-01",2026-08-03 08:38:00.000,
2852,Empresa FictÃ­cia 2852,"81.702.934/0001-02",2026-08-03 08:38:00.000,
2853,Empresa FictÃ­cia 2853,"81.703.951/0001-03",2026-08-03 08:38:00.000,
2854,Empresa FictÃ­cia 2854,"81.704.968/0001-04",2026-08-03 08:38:00.000,
2855,Empresa FictÃ­cia 2855,"81.705.985/0001-05",2026-08-03 08:38:00.000,
2856,Empresa FictÃ­cia 2856,"81.706.002/0001-06",2026-08-03 08:38:00.000,
2857,Empresa FictÃ­cia 2857,"81.707.019/0001-07",2026-08-03 08:38:00.000,
2858,Empresa FictÃ­cia 2858,"81.708.036/0001-08",2026-08-03 08:38:00.000,
2859,Empresa FictÃ­cia 2859,"81.709.053/0001-09",2026-08-03 08:38:00.000,
2860,Empresa FictÃ­cia 2860,"81.710.070/0001-10",2026-08-03 08:38:00.000,
2861,Empresa FictÃ­cia 2861,"81.711.087/0001-11",2026-08-03 08:38:00.000,
2862,Empresa FictÃ­cia 2862,"81.712.104/0001-12",2026-08-03 08:38:00.000,
2863,Empresa FictÃ­cia 2863,"81.713.121/0001-13",2026-08-03 08:38:00.000,
2864,Empresa FictÃ­cia 2864,"81.714.138/0001-14",2026-08-03 08:38:00.000,
2865,Empresa FictÃ­cia 2865,"81.715.155/0001-15",2026-08-03 08:38:00.000,
2866,Empresa FictÃ­cia 2866,"81.716.172/0001-16",2026-08-03 08:38:00.000,
2867,Empresa FictÃ­cia 2867,"81.717.189/0001-17",2026-08-03 08:38:00.000,
2868,Empresa FictÃ­cia 2868,"81.718.206/0001-18",2026-08-03 08:38:00.000,
2869,Empresa FictÃ­cia 2869,"81.719.223/0001-19",2026-08-03 08:38:00.000,
2870,Empresa FictÃ­cia 2870,"81.720.240/0001-20",2026-08-03 08:38:00.000,
2871,Empresa FictÃ­cia 2871,"81.721.257/0001-21",2026-08-03 08:38:00.000,
2872,Empresa FictÃ­cia 2872,"81.722.274/0001-22",2026-08-03 08:38:00.000,
2873,Empresa FictÃ­cia 2873,"81.723.291/0001-23",2026-08-03 08:38:00.000,
2874,Empresa FictÃ­cia 2874,"81.724.308/0001-24",2026-08-03 08:38:00.000,
2875,Empresa FictÃ­cia 2875,"81.725.325/0001-25",2026-08-03 08:38:00.000,
2876,Empresa FictÃ­cia 2876,"81.726.342/0001-26",2026-08-03 08:38:00.000,
2877,Empresa FictÃ­cia 2877,"81.727.359/0001-27",2026-08-03 08:38:00.000,
2878,Empresa FictÃ­cia 2878,"81.728.376/0001-28",2026-08-03 08:38:00.000,
2879,Empresa FictÃ­cia 2879,"81.729.393/0001-29",2026-08-03 08:38:00.000,
2880,Empresa FictÃ­cia 2880,"81.730.410/0001-30",2026-08-03 08:38:00.000,
2881,Empresa FictÃ­cia 2881,"81.731.427/0001-31",2026-08-03 08:38:00.000,
2882,Empresa FictÃ­cia 2882,"81.732.444/0001-32",2026-08-03 08:38:00.000,
2883,Empresa FictÃ­cia 2883,"81.733.461/0001-33",2026-08-03 08:38:00.000,
2884,Empresa FictÃ­cia 2884,"81.734.478/0001-34",2026-08-03 08:38:00.000,
2885,Empresa FictÃ­cia 2885,"81.735.495/0001-35",2026-08-03 08:38:00.000,
2886,Empresa FictÃ­cia 2886,"81.736.512/0001-36",2026-08-03 08:38:00.000,
2887,Empresa FictÃ­cia 2887,"81.737.529/0001-37",2026-08-03 08:38:00.000,
2888,Empresa FictÃ­cia 2888,"81.738.546/0001-38",2026-08-03 08:38:00.000,
2889,Empresa FictÃ­cia 2889,"81.739.563/0001-39",2026-08-03 08:38:00.000,
2890,Empresa FictÃ­cia 2890,"81.740.580/0001-40",2026-08-03 08:38:00.000,
2891,Empresa FictÃ­cia 2891,"81.741.597/0001-41",2026-08-03 08:38:00.000,
2892,Empresa FictÃ­cia 2892,"81.742.614/0001-42",2026-08-03 08:38:00.000,
2893,Empresa FictÃ­cia 2893,"81.743.631/0001-43",2026-08-03 08:38:00.000,
2894,Empresa FictÃ­cia 2894,"81.744.648/0001-44",2026-08-03 08:38:00.000,
2895,Empresa FictÃ­cia 2895,"81.745.665/0001-45",2026-08-03 08:38:00.000,
2896,Empresa FictÃ­cia 2896,"81.746.682/0001-46",2026-08-03 08:38:00.000,
2897,Empresa FictÃ­cia 2897,"81.747.699/0001-47",2026-08-03 08:38:00.000,
2898,Empresa FictÃ­cia 2898,"81.748.716/0001-48",2026-08-03 08:38:00.000,
2899,Empresa FictÃ­cia 2899,"81.749.733/0001-49",2026-08-03 08:38:00.000,
2900,Empresa FictÃ­cia 2900,"81.750.750/0001-50",2026-08-03 08:38:00.000,
2901,Empresa FictÃ­cia 2901,"81.751.767/0001-51",2026-08-03 08:38:00.000,
2902,Empresa FictÃ­cia 2902,"81.752.784/0001-52",2026-08-03 08:38:00.000,
2903,Empresa FictÃ­cia 2903,"81.753.801/0001-53",2026-08-03 08:38:00.000,
2904,Empresa FictÃ­cia 2904,"81.754.818/0001-54",2026-08-03 08:38:00.000,
2905,Empresa FictÃ­cia 2905,"81.755.835/0001-55",2026-08-03 08:38:00.000,
2906,Empresa FictÃ­cia 2906,"81.756.852/0001-56",2026-08-03 08:38:00.000,
2907,Empresa FictÃ­cia 2907,"81.757.869/0001-57",2026-08-03 08:38:00.000,
2908,Empresa FictÃ­cia 2908,"81.758.886/0001-58",2026-08-03 08:38:00.000,
2909,Empresa FictÃ­cia 2909,"81.759.903/0001-59",2026-08-03 08:38:00.000,
2910,Empresa FictÃ­cia 2910,"81.760.920/0001-60",2026-08-03 08:38:00.000,
2911,Empresa FictÃ­cia 2911,"81.761.937/0001-61",2026-08-03 08:38:00.000,
2912,Empresa FictÃ­cia 2912,"81.762.954/0001-62",2026-08-03 08:38:00.000,
2913,Empresa FictÃ­cia 2913,"81.763.971/0001-63",2026-08-03 08:38:00.000,
2914,Empresa FictÃ­cia 2914,"81.764.988/0001-64",2026-08-03 08:38:00.000,
2915,Empresa FictÃ­cia 2915,"81.765.005/0001-65",2026-08-03 08:38:00.000,
2916,Empresa FictÃ­cia 2916,"81.766.022/0001-66",2026-08-03 08:38:00.000,
2917,Empresa FictÃ­cia 2917,"81.767.039/0001-67",2026-08-03 08:38:00.000,
2918,Empresa FictÃ­cia 2918,"81.768.056/0001-68",2026-08-03 08:38:00.000,
2919,Empresa FictÃ­cia 2919,"81.769.073/0001-69",2026-08-03 08:38:00.000,
2920,Empresa FictÃ­cia 2920,"81.770.090/0001-70",2026-08-03 08:38:00.000,
2921,Empresa FictÃ­cia 2921,"81.771.107/0001-71",2026-08-03 08:38:00.000,
2922,Empresa FictÃ­cia 2922,"81.772.124/0001-72",2026-08-03 08:38:00.000,
2923,Empresa FictÃ­cia 2923,"81.773.141/0001-73",2026-08-03 08:38:00.000,
2924,Empresa FictÃ­cia 2924,"81.774.158/0001-74",2026-08-03 08:38:00.000,
2925,Empresa FictÃ­cia 2925,"81.775.175/0001-75",2026-08-03 08:38:00.000,
2926,Empresa FictÃ­cia 2926,"81.776.192/0001-76",2026-08-03 08:38:00.000,
2927,Empresa FictÃ­cia 2927,"81.777.209/0001-77",2026-08-03 08:38:00.000,
2928,Empresa FictÃ­cia 2928,"81.778.226/0001-78",2026-08-03 08:38:00.000,
2929,Empresa FictÃ­cia 2929,"81.779.243/0001-79",2026-08-03 08:38:00.000,
2930,Empresa FictÃ­cia 2930,"81.780.260/0001-80",2026-08-03 08:38:00.000,
2931,Empresa FictÃ­cia 2931,"81.781.277/0001-81",2026-08-03 08:38:00.000,
2932,Empresa FictÃ­cia 2932,"81.782.294/0001-82",2026-08-03 08:38:00.000,
2933,Empresa FictÃ­cia 2933,"81.783.311/0001-83",2026-08-03 08:38:00.000,
2934,Empresa FictÃ­cia 2934,"81.784.328/0001-84",2026-08-03 08:38:00.000,
2935,Empresa FictÃ­cia 2935,"81.785.345/0001-85",2026-08-03 08:38:00.000,
2936,Empresa FictÃ­cia 2936,"81.786.362/0001-86",2026-08-03 08:38:00.000,
2937,Empresa FictÃ­cia 2937,"81.787.379/0001-87",2026-08-03 08:38:00.000,
2938,Empresa FictÃ­cia 2938,"81.788.396/0001-88",2026-08-03 08:38:00.000,
2939,Empresa FictÃ­cia 2939,"81.789.413/0001-89",2026-08-03 08:38:00.000,
2940,Empresa FictÃ­cia 2940,"81.790.430/0001-90",2026-08-03 08:38:00.000,
2941,Empresa FictÃ­cia 2941,"81.791.447/0001-91",2026-08-03 08:38:00.000,
2942,Empresa FictÃ­cia 2942,"81.792.464/0001-92",2026-08-03 08:38:00.000,
2943,Empresa FictÃ­cia 2943,"81.793.481/0001-93",2026-08-03 08:38:00.000,
2944,Empresa FictÃ­cia 2944,"81.794.498/0001-94",2026-08-03 08:38:00.000,
2945,Empresa FictÃ­cia 2945,"81.795.515/0001-95",2026-08-03 08:38:00.000,
2946,Empresa FictÃ­cia 2946,"81.796.532/0001-96",2026-08-03 08:38:00.000,
2947,Empresa FictÃ­cia 2947,"81.797.549/0001-97",2026-08-03 08:38:00.000,
2948,Empresa FictÃ­cia 2948,"81.798.566/0001-98",2026-08-03 08:38:00.000,
2949,Empresa FictÃ­cia 2949,"81.799.583/0001-99",2026-08-03 08:38:00.000,
2950,Empresa FictÃ­cia 2950,"81.800.600/0001-00",2026-08-03 08:38:00.000,
2951,Empresa FictÃ­cia 2951,"81.801.617/0001-01",2026-08-03 08:38:00.000,
2952,Empresa FictÃ­cia 2952,"81.802.634/0001-02",2026-08-03 08:38:00.000,
2953,Empresa FictÃ­cia 2953,"81.803.651/0001-03",2026-08-03 08:38:00.000,
2954,Empresa FictÃ­cia 2954,"81.804.668/0001-04",2026-08-03 08:38:00.000,
2955,Empresa FictÃ­cia 2955,"81.805.685/0001-05",2026-08-03 08:38:00.000,
2956,Empresa FictÃ­cia 2956,"81.806.702/0001-06",2026-08-03 08:38:00.000,
2957,Empresa FictÃ­cia 2957,"81.807.719/0001-07",2026-08-03 08:38:00.000,
2958,Empresa FictÃ­cia 2958,"81.808.736/0001-08",2026-08-03 08:38:00.000,
2959,Empresa FictÃ­cia 2959,"81.809.753/0001-09",2026-08-03 08:38:00.000,
2960,Empresa FictÃ­cia 2960,"81.810.770/0001-10",2026-08-03 08:38:00.000,
2961,Empresa FictÃ­cia 2961,"81.811.787/0001-11",2026-08-03 08:38:00.000,
2962,Empresa FictÃ­cia 2962,"81.812.804/0001-12",2026-08-03 08:38:00.000,
2963,Empresa FictÃ­cia 2963,"81.813.821/0001-13",2026-08-03 08:38:00.000,
2964,Empresa FictÃ­cia 2964,"81.814.838/0001-14",2026-08-03 08:38:00.000,
2965,Empresa FictÃ­cia 2965,"81.815.855/0001-15",2026-08-03 08:38:00.000,
2966,Empresa FictÃ­cia 2966,"81.816.872/0001-16",2026-08-03 08:38:00.000,
2967,Empresa FictÃ­cia 2967,"81.817.889/0001-17",2026-08-03 08:38:00.000,
2968,Empresa FictÃ­cia 2968,"81.818.906/0001-18",2026-08-03 08:38:00.000,
2969,Empresa FictÃ­cia 2969,"81.819.923/0001-19",2026-08-03 08:38:00.000,
2970,Empresa FictÃ­cia 2970,"81.820.940/0001-20",2026-08-03 08:38:00.000,
2971,Empresa FictÃ­cia 2971,"81.821.957/0001-21",2026-08-03 08:38:00.000,
2972,Empresa FictÃ­cia 2972,"81.822.974/0001-22",2026-08-03 08:38:00.000,
2973,Empresa FictÃ­cia 2973,"81.823.991/0001-23",2026-08-03 08:38:00.000,
2974,Empresa FictÃ­cia 2974,"81.824.008/0001-24",2026-08-03 08:38:00.000,
2975,Empresa FictÃ­cia 2975,"81.825.025/0001-25",2026-08-03 08:38:00.000,
2976,Empresa FictÃ­cia 2976,"81.826.042/0001-26",2026-08-03 08:38:00.000,
2977,Empresa FictÃ­cia 2977,"81.827.059/0001-27",2026-08-03 08:38:00.000,
2978,Empresa FictÃ­cia 2978,"81.828.076/0001-28",2026-08-03 08:38:00.000,
2979,Empresa FictÃ­cia 2979,"81.829.093/0001-29",2026-08-03 08:38:00.000,
2980,Empresa FictÃ­cia 2980,"81.830.110/0001-30",2026-08-03 08:38:00.000,
2981,Empresa FictÃ­cia 2981,"81.831.127/0001-31",2026-08-03 08:38:00.000,
2982,Empresa FictÃ­cia 2982,"81.832.144/0001-32",2026-08-03 08:38:00.000,
2983,Empresa FictÃ­cia 2983,"81.833.161/0001-33",2026-08-03 08:38:00.000,
2984,Empresa FictÃ­cia 2984,"81.834.178/0001-34",2026-08-03 08:38:00.000,
2985,Empresa FictÃ­cia 2985,"81.835.195/0001-35",2026-08-03 08:38:00.000,
2986,Empresa FictÃ­cia 2986,"81.836.212/0001-36",2026-08-03 08:38:00.000,
2987,Empresa FictÃ­cia 2987,"81.837.229/0001-37",2026-08-03 08:38:00.000,
2988,Empresa FictÃ­cia 2988,"81.838.246/0001-38",2026-08-03 08:38:00.000,
2989,Empresa FictÃ­cia 2989,"81.839.263/0001-39",2026-08-03 08:38:00.000,
2990,Empresa FictÃ­cia 2990,"81.840.280/0001-40",2026-08-03 08:38:00.000,
2991,Empresa FictÃ­cia 2991,"81.841.297/0001-41",2026-08-03 08:38:00.000,
2992,Empresa FictÃ­cia 2992,"81.842.314/0001-42",2026-08-03 08:38:00.000,
2993,Empresa FictÃ­cia 2993,"81.843.331/0001-43",2026-08-03 08:38:00.000,
2994,Empresa FictÃ­cia 2994,"81.844.348/0001-44",2026-08-03 08:38:00.000,
2995,Empresa FictÃ­cia 2995,"81.845.365/0001-45",2026-08-03 08:38:00.000,
2996,Empresa FictÃ­cia 2996,"81.846.382/0001-46",2026-08-03 08:38:00.000,
2997,Empresa FictÃ­cia 2997,"81.847.399/0001-47",2026-08-03 08:38:00.000,
2998,Empresa FictÃ­cia 2998,"81.848.416/0001-48",2026-08-03 08:38:00.000,
2999,Empresa FictÃ­cia 2999,"81.849.433/0001-49",2026-08-03 08:38:00.000,
3000,Empresa FictÃ­cia 3000,"81.850.450/0001-50",2026-08-03 08:38:00.000,
3001,Empresa FictÃ­cia 3001,"81.851.467/0001-51",2026-08-03 08:38:00.000,
3002,Empresa FictÃ­cia 3002,"81.852.484/0001-52",2026-08-03 08:38:00.000,
3003,Empresa FictÃ­cia 3003,"81.853.501/0001-53",2026-08-03 08:38:00.000,
3004,Empresa FictÃ­cia 3004,"81.854.518/0001-54",2026-08-03 08:38:00.000,
3005,Empresa FictÃ­cia 3005,"81.855.535/0001-55",2026-08-03 08:38:00.000,
3006,Empresa FictÃ­cia 3006,"81.856.552/0001-56",2026-08-03 08:38:00.000,
3007,Empresa FictÃ­cia 3007,"81.857.569/0001-57",2026-08-03 08:38:00.000,
3008,Empresa FictÃ­cia 3008,"81.858.586/0001-58",2026-08-03 08:38:00.000,
3009,Empresa FictÃ­cia 3009,"81.859.603/0001-59",2026-08-03 08:38:00.000,
3010,Empresa FictÃ­cia 3010,"81.860.620/0001-60",2026-08-03 08:38:00.000,
3011,Empresa FictÃ­cia 3011,"81.861.637/0001-61",2026-08-03 08:38:00.000,
3012,Empresa FictÃ­cia 3012,"81.862.654/0001-62",2026-08-03 08:38:00.000,
3013,Empresa FictÃ­cia 3013,"81.863.671/0001-63",2026-08-03 08:38:00.000,
3014,Empresa FictÃ­cia 3014,"81.864.688/0001-64",2026-08-03 08:38:00.000,
3015,Empresa FictÃ­cia 3015,"81.865.705/0001-65",2026-08-03 08:38:00.000,
3016,Empresa FictÃ­cia 3016,"81.866.722/0001-66",2026-08-03 08:38:00.000,
3017,Empresa FictÃ­cia 3017,"81.867.739/0001-67",2026-08-03 08:38:00.000,
3018,Empresa FictÃ­cia 3018,"81.868.756/0001-68",2026-08-03 08:38:00.000,
3019,Empresa FictÃ­cia 3019,"81.869.773/0001-69",2026-08-03 08:38:00.000,
3020,Empresa FictÃ­cia 3020,"81.870.790/0001-70",2026-08-03 08:38:00.000,
3021,Empresa FictÃ­cia 3021,"81.871.807/0001-71",2026-08-03 08:38:00.000,
3022,Empresa FictÃ­cia 3022,"81.872.824/0001-72",2026-08-03 08:38:00.000,
3023,Empresa FictÃ­cia 3023,"81.873.841/0001-73",2026-08-03 08:38:00.000,
3024,Empresa FictÃ­cia 3024,"81.874.858/0001-74",2026-08-03 08:38:00.000,
3025,Empresa FictÃ­cia 3025,"81.875.875/0001-75",2026-08-03 08:38:00.000,
3026,Empresa FictÃ­cia 3026,"81.876.892/0001-76",2026-08-03 08:38:00.000,
3027,Empresa FictÃ­cia 3027,"81.877.909/0001-77",2026-08-03 08:38:00.000,
3028,Empresa FictÃ­cia 3028,"81.878.926/0001-78",2026-08-03 08:38:00.000,
3029,Empresa FictÃ­cia 3029,"81.879.943/0001-79",2026-08-03 08:38:00.000,
3030,Empresa FictÃ­cia 3030,"81.880.960/0001-80",2026-08-03 08:38:00.000,
3031,Empresa FictÃ­cia 3031,"81.881.977/0001-81",2026-08-03 08:38:00.000,
3032,Empresa FictÃ­cia 3032,"81.882.994/0001-82",2026-08-03 08:38:00.000,
3033,Empresa FictÃ­cia 3033,"81.883.011/0001-83",2026-08-03 08:38:00.000,
3034,Empresa FictÃ­cia 3034,"81.884.028/0001-84",2026-08-03 08:38:00.000,
3035,Empresa FictÃ­cia 3035,"81.885.045/0001-85",2026-08-03 08:38:00.000,
3036,Empresa FictÃ­cia 3036,"81.886.062/0001-86",2026-08-03 08:38:00.000,
3037,Empresa FictÃ­cia 3037,"81.887.079/0001-87",2026-08-03 08:38:00.000,
3038,Empresa FictÃ­cia 3038,"81.888.096/0001-88",2026-08-03 08:38:00.000,
3039,Empresa FictÃ­cia 3039,"81.889.113/0001-89",2026-08-03 08:38:00.000,
3040,Empresa FictÃ­cia 3040,"81.890.130/0001-90",2026-08-03 08:38:00.000,
3041,Empresa FictÃ­cia 3041,"81.891.147/0001-91",2026-08-03 08:38:00.000,
3042,Empresa FictÃ­cia 3042,"81.892.164/0001-92",2026-08-03 08:38:00.000,
3043,Empresa FictÃ­cia 3043,"81.893.181/0001-93",2026-08-03 08:38:00.000,
3044,Empresa FictÃ­cia 3044,"81.894.198/0001-94",2026-08-03 08:38:00.000,
3045,Empresa FictÃ­cia 3045,"81.895.215/0001-95",2026-08-03 08:38:00.000,
3046,Empresa FictÃ­cia 3046,"81.896.232/0001-96",2026-08-03 08:38:00.000,
3047,Empresa FictÃ­cia 3047,"81.897.249/0001-97",2026-08-03 08:38:00.000,
3048,Empresa FictÃ­cia 3048,"81.898.266/0001-98",2026-08-03 08:38:00.000,
3049,Empresa FictÃ­cia 3049,"81.899.283/0001-99",2026-08-03 08:38:00.000,
3050,Empresa FictÃ­cia 3050,"81.900.300/0001-00",2026-08-03 08:38:00.000,
3051,Empresa FictÃ­cia 3051,"81.901.317/0001-01",2026-08-03 08:38:00.000,
3052,Empresa FictÃ­cia 3052,"81.902.334/0001-02",2026-08-03 08:38:00.000,
3053,Empresa FictÃ­cia 3053,"81.903.351/0001-03",2026-08-03 08:38:00.000,
3054,Empresa FictÃ­cia 3054,"81.904.368/0001-04",2026-08-03 08:38:00.000,
3055,Empresa FictÃ­cia 3055,"81.905.385/0001-05",2026-08-03 08:38:00.000,
3056,Empresa FictÃ­cia 3056,"81.906.402/0001-06",2026-08-03 08:38:00.000,
3057,Empresa FictÃ­cia 3057,"81.907.419/0001-07",2026-08-03 08:38:00.000,
3058,Empresa FictÃ­cia 3058,"81.908.436/0001-08",2026-08-03 08:38:00.000,
3059,Empresa FictÃ­cia 3059,"81.909.453/0001-09",2026-08-03 08:38:00.000,
3060,Empresa FictÃ­cia 3060,"81.910.470/0001-10",2026-08-03 08:38:00.000,
3061,Empresa FictÃ­cia 3061,"81.911.487/0001-11",2026-08-03 08:38:00.000,
3062,Empresa FictÃ­cia 3062,"81.912.504/0001-12",2026-08-03 08:38:00.000,
3063,Empresa FictÃ­cia 3063,"81.913.521/0001-13",2026-08-03 08:38:00.000,
3064,Empresa FictÃ­cia 3064,"81.914.538/0001-14",2026-08-03 08:38:00.000,
3065,Empresa FictÃ­cia 3065,"81.915.555/0001-15",2026-08-03 08:38:00.000,
3066,Empresa FictÃ­cia 3066,"81.916.572/0001-16",2026-08-03 08:38:00.000,
3067,Empresa FictÃ­cia 3067,"81.917.589/0001-17",2026-08-03 08:38:00.000,
3068,Empresa FictÃ­cia 3068,"81.918.606/0001-18",2026-08-03 08:38:00.000,
3069,Empresa FictÃ­cia 3069,"81.919.623/0001-19",2026-08-03 08:38:00.000,
3070,Empresa FictÃ­cia 3070,"81.920.640/0001-20",2026-08-03 08:38:00.000,
3071,Empresa FictÃ­cia 3071,"81.921.657/0001-21",2026-08-03 08:38:00.000,
3072,Empresa FictÃ­cia 3072,"81.922.674/0001-22",2026-08-03 08:38:00.000,
3073,Empresa FictÃ­cia 3073,"81.923.691/0001-23",2026-08-03 08:38:00.000,
3074,Empresa FictÃ­cia 3074,"81.924.708/0001-24",2026-08-03 08:38:00.000,
3075,Empresa FictÃ­cia 3075,"81.925.725/0001-25",2026-08-03 08:38:00.000,
3076,Empresa FictÃ­cia 3076,"81.926.742/0001-26",2026-08-03 08:38:00.000,
3077,Empresa FictÃ­cia 3077,"81.927.759/0001-27",2026-08-03 08:38:00.000,
3078,Empresa FictÃ­cia 3078,"81.928.776/0001-28",2026-08-03 08:38:00.000,
3079,Empresa FictÃ­cia 3079,"81.929.793/0001-29",2026-08-03 08:38:00.000,
3080,Empresa FictÃ­cia 3080,"81.930.810/0001-30",2026-08-03 08:38:00.000,
3081,Empresa FictÃ­cia 3081,"81.931.827/0001-31",2026-08-03 08:38:00.000,
3082,Empresa FictÃ­cia 3082,"81.932.844/0001-32",2026-08-03 08:38:00.000,
3083,Empresa FictÃ­cia 3083,"81.933.861/0001-33",2026-08-03 08:38:00.000,
3084,Empresa FictÃ­cia 3084,"81.934.878/0001-34",2026-08-03 08:38:00.000,
3085,Empresa FictÃ­cia 3085,"81.935.895/0001-35",2026-08-03 08:38:00.000,
3086,Empresa FictÃ­cia 3086,"81.936.912/0001-36",2026-08-03 08:38:00.000,
3087,Empresa FictÃ­cia 3087,"81.937.929/0001-37",2026-08-03 08:38:00.000,
3088,Empresa FictÃ­cia 3088,"81.938.946/0001-38",2026-08-03 08:38:00.000,
3089,Empresa FictÃ­cia 3089,"81.939.963/0001-39",2026-08-03 08:38:00.000,
3090,Empresa FictÃ­cia 3090,"81.940.980/0001-40",2026-08-03 08:38:00.000,
3091,Empresa FictÃ­cia 3091,"81.941.997/0001-41",2026-08-03 08:38:00.000,
3092,Empresa FictÃ­cia 3092,"81.942.014/0001-42",2026-08-03 08:38:00.000,
3093,Empresa FictÃ­cia 3093,"81.943.031/0001-43",2026-08-03 08:38:00.000,
3094,Empresa FictÃ­cia 3094,"81.944.048/0001-44",2026-08-03 08:38:00.000,
3095,Empresa FictÃ­cia 3095,"81.945.065/0001-45",2026-08-03 08:38:00.000,
3096,Empresa FictÃ­cia 3096,"81.946.082/0001-46",2026-08-03 08:38:00.000,
3097,Empresa FictÃ­cia 3097,"81.947.099/0001-47",2026-08-03 08:38:00.000,
3098,Empresa FictÃ­cia 3098,"81.948.116/0001-48",2026-08-03 08:38:00.000,
3099,Empresa FictÃ­cia 3099,"81.949.133/0001-49",2026-08-03 08:38:00.000,
3100,Empresa FictÃ­cia 3100,"81.950.150/0001-50",2026-08-03 08:38:00.000,
3101,Empresa FictÃ­cia 3101,"81.951.167/0001-51",2026-08-03 08:38:00.000,
3102,Empresa FictÃ­cia 3102,"81.952.184/0001-52",2026-08-03 08:38:00.000,
3103,Empresa FictÃ­cia 3103,"81.953.201/0001-53",2026-08-03 08:38:00.000,
3104,Empresa FictÃ­cia 3104,"81.954.218/0001-54",2026-08-03 08:38:00.000,
3105,Empresa FictÃ­cia 3105,"81.955.235/0001-55",2026-08-03 08:38:00.000,
3106,Empresa FictÃ­cia 3106,"81.956.252/0001-56",2026-08-03 08:38:00.000,
3107,Empresa FictÃ­cia 3107,"81.957.269/0001-57",2026-08-03 08:38:00.000,
3108,Empresa FictÃ­cia 3108,"81.958.286/0001-58",2026-08-03 08:38:00.000,
3109,Empresa FictÃ­cia 3109,"81.959.303/0001-59",2026-08-03 08:38:00.000,
3110,Empresa FictÃ­cia 3110,"81.960.320/0001-60",2026-08-03 08:38:00.000,
3111,Empresa FictÃ­cia 3111,"81.961.337/0001-61",2026-08-03 08:38:00.000,
3112,Empresa FictÃ­cia 3112,"81.962.354/0001-62",2026-08-03 08:38:00.000,
3113,Empresa FictÃ­cia 3113,"81.963.371/0001-63",2026-08-03 08:38:00.000,
3114,Empresa FictÃ­cia 3114,"81.964.388/0001-64",2026-08-03 08:38:00.000,
3115,Empresa FictÃ­cia 3115,"81.965.405/0001-65",2026-08-03 08:38:00.000,
3116,Empresa FictÃ­cia 3116,"81.966.422/0001-66",2026-08-03 08:38:00.000,
3117,Empresa FictÃ­cia 3117,"81.967.439/0001-67",2026-08-03 08:38:00.000,
3118,Empresa FictÃ­cia 3118,"81.968.456/0001-68",2026-08-03 08:38:00.000,
3119,Empresa FictÃ­cia 3119,"81.969.473/0001-69",2026-08-03 08:38:00.000,
3120,Empresa FictÃ­cia 3120,"81.970.490/0001-70",2026-08-03 08:38:00.000,
3121,Empresa FictÃ­cia 3121,"81.971.507/0001-71",2026-08-03 08:38:00.000,
3122,Empresa FictÃ­cia 3122,"81.972.524/0001-72",2026-08-03 08:38:00.000,
3123,Empresa FictÃ­cia 3123,"81.973.541/0001-73",2026-08-03 08:38:00.000,
3124,Empresa FictÃ­cia 3124,"81.974.558/0001-74",2026-08-03 08:38:00.000,
3125,Empresa FictÃ­cia 3125,"81.975.575/0001-75",2026-08-03 08:38:00.000,
3126,Empresa FictÃ­cia 3126,"81.976.592/0001-76",2026-08-03 08:38:00.000,
3127,Empresa FictÃ­cia 3127,"81.977.609/0001-77",2026-08-03 08:38:00.000,
3128,Empresa FictÃ­cia 3128,"81.978.626/0001-78",2026-08-03 08:38:00.000,
3129,Empresa FictÃ­cia 3129,"81.979.643/0001-79",2026-08-03 08:38:00.000,
3130,Empresa FictÃ­cia 3130,"81.980.660/0001-80",2026-08-03 08:38:00.000,
3131,Empresa FictÃ­cia 3131,"81.981.677/0001-81",2026-08-03 08:38:00.000,
3132,Empresa FictÃ­cia 3132,"81.982.694/0001-82",2026-08-03 08:38:00.000,
3133,Empresa FictÃ­cia 3133,"81.983.711/0001-83",2026-08-03 08:38:00.000,
3134,Empresa FictÃ­cia 3134,"81.984.728/0001-84",2026-08-03 08:38:00.000,
3135,Empresa FictÃ­cia 3135,"81.985.745/0001-85",2026-08-03 08:38:00.000,
3136,Empresa FictÃ­cia 3136,"81.986.762/0001-86",2026-08-03 08:38:00.000,
3137,Empresa FictÃ­cia 3137,"81.987.779/0001-87",2026-08-03 08:38:00.000,
3138,Empresa FictÃ­cia 3138,"81.988.796/0001-88",2026-08-03 08:38:00.000,
3139,Empresa FictÃ­cia 3139,"81.989.813/0001-89",2026-08-03 08:38:00.000,
3140,Empresa FictÃ­cia 3140,"81.990.830/0001-90",2026-08-03 08:38:00.000,
3141,Empresa FictÃ­cia 3141,"81.991.847/0001-91",2026-08-03 08:38:00.000,
3142,Empresa FictÃ­cia 3142,"81.992.864/0001-92",2026-08-03 08:38:00.000,
3143,Empresa FictÃ­cia 3143,"81.993.881/0001-93",2026-08-03 08:38:00.000,
3144,Empresa FictÃ­cia 3144,"81.994.898/0001-94",2026-08-03 08:38:00.000,
3145,Empresa FictÃ­cia 3145,"81.995.915/0001-95",2026-08-03 08:38:00.000,
3146,Empresa FictÃ­cia 3146,"81.996.932/0001-96",2026-08-03 08:38:00.000,
3147,Empresa FictÃ­cia 3147,"81.997.949/0001-97",2026-08-03 08:38:00.000,
3148,Empresa FictÃ­cia 3148,"81.998.966/0001-98",2026-08-03 08:38:00.000,
3149,Empresa FictÃ­cia 3149,"81.999.983/0001-99",2026-08-03 08:38:00.000,
3150,Empresa FictÃ­cia 3150,"82.000.000/0001-00",2026-08-03 08:38:00.000,
3151,Empresa FictÃ­cia 3151,"82.001.017/0001-01",2026-08-03 08:38:00.000,
3152,Empresa FictÃ­cia 3152,"82.002.034/0001-02",2026-08-03 08:38:00.000,
3153,Empresa FictÃ­cia 3153,"82.003.051/0001-03",2026-08-03 08:38:00.000,
3154,Empresa FictÃ­cia 3154,"82.004.068/0001-04",2026-08-03 08:38:00.000,
3155,Empresa FictÃ­cia 3155,"82.005.085/0001-05",2026-08-03 08:38:00.000,
3156,Empresa FictÃ­cia 3156,"82.006.102/0001-06",2026-08-03 08:38:00.000,
3157,Empresa FictÃ­cia 3157,"82.007.119/0001-07",2026-08-03 08:38:00.000,
3158,Empresa FictÃ­cia 3158,"82.008.136/0001-08",2026-08-03 08:38:00.000,
3159,Empresa FictÃ­cia 3159,"82.009.153/0001-09",2026-08-03 08:38:00.000,
3160,Empresa FictÃ­cia 3160,"82.010.170/0001-10",2026-08-03 08:38:00.000,
3161,Empresa FictÃ­cia 3161,"82.011.187/0001-11",2026-08-03 08:38:00.000,
3162,Empresa FictÃ­cia 3162,"82.012.204/0001-12",2026-08-03 08:38:00.000,
3163,Empresa FictÃ­cia 3163,"82.013.221/0001-13",2026-08-03 08:38:00.000,
3164,Empresa FictÃ­cia 3164,"82.014.238/0001-14",2026-08-03 08:38:00.000,
3165,Empresa FictÃ­cia 3165,"82.015.255/0001-15",2026-08-03 08:38:00.000,
3166,Empresa FictÃ­cia 3166,"82.016.272/0001-16",2026-08-03 08:38:00.000,
3167,Empresa FictÃ­cia 3167,"82.017.289/0001-17",2026-08-03 08:38:00.000,
3168,Empresa FictÃ­cia 3168,"82.018.306/0001-18",2026-08-03 08:38:00.000,
3169,Empresa FictÃ­cia 3169,"82.019.323/0001-19",2026-08-03 08:38:00.000,
3170,Empresa FictÃ­cia 3170,"82.020.340/0001-20",2026-08-03 08:38:00.000,
3171,Empresa FictÃ­cia 3171,"82.021.357/0001-21",2026-08-03 08:38:00.000,
3172,Empresa FictÃ­cia 3172,"82.022.374/0001-22",2026-08-03 08:38:00.000,
3173,Empresa FictÃ­cia 3173,"82.023.391/0001-23",2026-08-03 08:38:00.000,
3174,Empresa FictÃ­cia 3174,"82.024.408/0001-24",2026-08-03 08:38:00.000,
3175,Empresa FictÃ­cia 3175,"82.025.425/0001-25",2026-08-03 08:38:00.000,
3176,Empresa FictÃ­cia 3176,"82.026.442/0001-26",2026-08-03 08:38:00.000,
3177,Empresa FictÃ­cia 3177,"82.027.459/0001-27",2026-08-03 08:38:00.000,
3178,Empresa FictÃ­cia 3178,"82.028.476/0001-28",2026-08-03 08:38:00.000,
3179,Empresa FictÃ­cia 3179,"82.029.493/0001-29",2026-08-03 08:38:00.000,
3180,Empresa FictÃ­cia 3180,"82.030.510/0001-30",2026-08-03 08:38:00.000,
3181,Empresa FictÃ­cia 3181,"82.031.527/0001-31",2026-08-03 08:38:00.000,
3182,Empresa FictÃ­cia 3182,"82.032.544/0001-32",2026-08-03 08:38:00.000,
3183,Empresa FictÃ­cia 3183,"82.033.561/0001-33",2026-08-03 08:38:00.000,
3184,Empresa FictÃ­cia 3184,"82.034.578/0001-34",2026-08-03 08:38:00.000,
3185,Empresa FictÃ­cia 3185,"82.035.595/0001-35",2026-08-03 08:38:00.000,
3186,Empresa FictÃ­cia 3186,"82.036.612/0001-36",2026-08-03 08:38:00.000,
3187,Empresa FictÃ­cia 3187,"82.037.629/0001-37",2026-08-03 08:38:00.000,
3188,Empresa FictÃ­cia 3188,"82.038.646/0001-38",2026-08-03 08:38:00.000,
3189,Empresa FictÃ­cia 3189,"82.039.663/0001-39",2026-08-03 08:38:00.000,
3190,Empresa FictÃ­cia 3190,"82.040.680/0001-40",2026-08-03 08:38:00.000,
3191,Empresa FictÃ­cia 3191,"82.041.697/0001-41",2026-08-03 08:38:00.000,
3192,Empresa FictÃ­cia 3192,"82.042.714/0001-42",2026-08-03 08:38:00.000,
3193,Empresa FictÃ­cia 3193,"82.043.731/0001-43",2026-08-03 08:38:00.000,
3194,Empresa FictÃ­cia 3194,"82.044.748/0001-44",2026-08-03 08:38:00.000,
3195,Empresa FictÃ­cia 3195,"82.045.765/0001-45",2026-08-03 08:38:00.000,
3196,Empresa FictÃ­cia 3196,"82.046.782/0001-46",2026-08-03 08:38:00.000,
3197,Empresa FictÃ­cia 3197,"82.047.799/0001-47",2026-08-03 08:38:00.000,
3198,Empresa FictÃ­cia 3198,"82.048.816/0001-48",2026-08-03 08:38:00.000,
3199,Empresa FictÃ­cia 3199,"82.049.833/0001-49",2026-08-03 08:38:00.000,
3200,Empresa FictÃ­cia 3200,"82.050.850/0001-50",2026-08-03 08:38:00.000,
3201,Empresa FictÃ­cia 3201,"82.051.867/0001-51",2026-08-03 08:38:00.000,
3202,Empresa FictÃ­cia 3202,"82.052.884/0001-52",2026-08-03 08:38:00.000,
3203,Empresa FictÃ­cia 3203,"82.053.901/0001-53",2026-08-03 08:38:00.000,
3204,Empresa FictÃ­cia 3204,"82.054.918/0001-54",2026-08-03 08:38:00.000,
3205,Empresa FictÃ­cia 3205,"82.055.935/0001-55",2026-08-03 08:38:00.000,
3206,Empresa FictÃ­cia 3206,"82.056.952/0001-56",2026-08-03 08:38:00.000,
3207,Empresa FictÃ­cia 3207,"82.057.969/0001-57",2026-08-03 08:38:00.000,
3208,Empresa FictÃ­cia 3208,"82.058.986/0001-58",2026-08-03 08:38:00.000,
3209,Empresa FictÃ­cia 3209,"82.059.003/0001-59",2026-08-03 08:38:00.000,
3210,Empresa FictÃ­cia 3210,"82.060.020/0001-60",2026-08-03 08:38:00.000,
3211,Empresa FictÃ­cia 3211,"82.061.037/0001-61",2026-08-03 08:38:00.000,
3212,Empresa FictÃ­cia 3212,"82.062.054/0001-62",2026-08-03 08:38:00.000,
3213,Empresa FictÃ­cia 3213,"82.063.071/0001-63",2026-08-03 08:38:00.000,
3214,Empresa FictÃ­cia 3214,"82.064.088/0001-64",2026-08-03 08:38:00.000,
3215,Empresa FictÃ­cia 3215,"82.065.105/0001-65",2026-08-03 08:38:00.000,
3216,Empresa FictÃ­cia 3216,"82.066.122/0001-66",2026-08-03 08:38:00.000,
3217,Empresa FictÃ­cia 3217,"82.067.139/0001-67",2026-08-03 08:38:00.000,
3218,Empresa FictÃ­cia 3218,"82.068.156/0001-68",2026-08-03 08:38:00.000,
3219,Empresa FictÃ­cia 3219,"82.069.173/0001-69",2026-08-03 08:38:00.000,
3220,Empresa FictÃ­cia 3220,"82.070.190/0001-70",2026-08-03 08:38:00.000,
3221,Empresa FictÃ­cia 3221,"82.071.207/0001-71",2026-08-03 08:38:00.000,
3222,Empresa FictÃ­cia 3222,"82.072.224/0001-72",2026-08-03 08:38:00.000,
3223,Empresa FictÃ­cia 3223,"82.073.241/0001-73",2026-08-03 08:38:00.000,
3224,Empresa FictÃ­cia 3224,"82.074.258/0001-74",2026-08-03 08:38:00.000,
3225,Empresa FictÃ­cia 3225,"82.075.275/0001-75",2026-08-03 08:38:00.000,
3226,Empresa FictÃ­cia 3226,"82.076.292/0001-76",2026-08-03 08:38:00.000,
3227,Empresa FictÃ­cia 3227,"82.077.309/0001-77",2026-08-03 08:38:00.000,
3228,Empresa FictÃ­cia 3228,"82.078.326/0001-78",2026-08-03 08:38:00.000,
3229,Empresa FictÃ­cia 3229,"82.079.343/0001-79",2026-08-03 08:38:00.000,
3230,Empresa FictÃ­cia 3230,"82.080.360/0001-80",2026-08-03 08:38:00.000,
3231,Empresa FictÃ­cia 3231,"82.081.377/0001-81",2026-08-03 08:38:00.000,
3232,Empresa FictÃ­cia 3232,"82.082.394/0001-82",2026-08-03 08:38:00.000,
3233,Empresa FictÃ­cia 3233,"82.083.411/0001-83",2026-08-03 08:38:00.000,
3234,Empresa FictÃ­cia 3234,"82.084.428/0001-84",2026-08-03 08:38:00.000,
3235,Empresa FictÃ­cia 3235,"82.085.445/0001-85",2026-08-03 08:38:00.000,
3236,Empresa FictÃ­cia 3236,"82.086.462/0001-86",2026-08-03 08:38:00.000,
3237,Empresa FictÃ­cia 3237,"82.087.479/0001-87",2026-08-03 08:38:00.000,
3238,Empresa FictÃ­cia 3238,"82.088.496/0001-88",2026-08-03 08:38:00.000,
3239,Empresa FictÃ­cia 3239,"82.089.513/0001-89",2026-08-03 08:38:00.000,
3240,Empresa FictÃ­cia 3240,"82.090.530/0001-90",2026-08-03 08:38:00.000,
3241,Empresa FictÃ­cia 3241,"82.091.547/0001-91",2026-08-03 08:38:00.000,
3242,Empresa FictÃ­cia 3242,"82.092.564/0001-92",2026-08-03 08:38:00.000,
3243,Empresa FictÃ­cia 3243,"82.093.581/0001-93",2026-08-03 08:38:00.000,
3244,Empresa FictÃ­cia 3244,"82.094.598/0001-94",2026-08-03 08:38:00.000,
3245,Empresa FictÃ­cia 3245,"82.095.615/0001-95",2026-08-03 08:38:00.000,
3246,Empresa FictÃ­cia 3246,"82.096.632/0001-96",2026-08-03 08:38:00.000,
3247,Empresa FictÃ­cia 3247,"82.097.649/0001-97",2026-08-03 08:38:00.000,
3248,Empresa FictÃ­cia 3248,"82.098.666/0001-98",2026-08-03 08:38:00.000,
3249,Empresa FictÃ­cia 3249,"82.099.683/0001-99",2026-08-03 08:38:00.000,
3250,Empresa FictÃ­cia 3250,"82.100.700/0001-00",2026-08-03 08:38:00.000,
3251,Empresa FictÃ­cia 3251,"82.101.717/0001-01",2026-08-03 08:38:00.000,
3252,Empresa FictÃ­cia 3252,"82.102.734/0001-02",2026-08-03 08:38:00.000,
3253,Empresa FictÃ­cia 3253,"82.103.751/0001-03",2026-08-03 08:38:00.000,
3254,Empresa FictÃ­cia 3254,"82.104.768/0001-04",2026-08-03 08:38:00.000,
3255,Empresa FictÃ­cia 3255,"82.105.785/0001-05",2026-08-03 08:38:00.000,
3256,Empresa FictÃ­cia 3256,"82.106.802/0001-06",2026-08-03 08:38:00.000,
3257,Empresa FictÃ­cia 3257,"82.107.819/0001-07",2026-08-03 08:38:00.000,
3258,Empresa FictÃ­cia 3258,"82.108.836/0001-08",2026-08-03 08:38:00.000,
3259,Empresa FictÃ­cia 3259,"82.109.853/0001-09",2026-08-03 08:38:00.000,
3260,Empresa FictÃ­cia 3260,"82.110.870/0001-10",2026-08-03 08:38:00.000,
3261,Empresa FictÃ­cia 3261,"82.111.887/0001-11",2026-08-03 08:38:00.000,
3262,Empresa FictÃ­cia 3262,"82.112.904/0001-12",2026-08-03 08:38:00.000,
3263,Empresa FictÃ­cia 3263,"82.113.921/0001-13",2026-08-03 08:38:00.000,
3264,Empresa FictÃ­cia 3264,"82.114.938/0001-14",2026-08-03 08:38:00.000,
3265,Empresa FictÃ­cia 3265,"82.115.955/0001-15",2026-08-03 08:38:00.000,
3266,Empresa FictÃ­cia 3266,"82.116.972/0001-16",2026-08-03 08:38:00.000,
3267,Empresa FictÃ­cia 3267,"82.117.989/0001-17",2026-08-03 08:38:00.000,
3268,Empresa FictÃ­cia 3268,"82.118.006/0001-18",2026-08-03 08:38:00.000,
3269,Empresa FictÃ­cia 3269,"82.119.023/0001-19",2026-08-03 08:38:00.000,
3270,Empresa FictÃ­cia 3270,"82.120.040/0001-20",2026-08-03 08:38:00.000,
3271,Empresa FictÃ­cia 3271,"82.121.057/0001-21",2026-08-03 08:38:00.000,
3272,Empresa FictÃ­cia 3272,"82.122.074/0001-22",2026-08-03 08:38:00.000,
3273,Empresa FictÃ­cia 3273,"82.123.091/0001-23",2026-08-03 08:38:00.000,
3274,Empresa FictÃ­cia 3274,"82.124.108/0001-24",2026-08-03 08:38:00.000,
3275,Empresa FictÃ­cia 3275,"82.125.125/0001-25",2026-08-03 08:38:00.000,
3276,Empresa FictÃ­cia 3276,"82.126.142/0001-26",2026-08-03 08:38:00.000,
3277,Empresa FictÃ­cia 3277,"82.127.159/0001-27",2026-08-03 08:38:00.000,
3278,Empresa FictÃ­cia 3278,"82.128.176/0001-28",2026-08-03 08:38:00.000,
3279,Empresa FictÃ­cia 3279,"82.129.193/0001-29",2026-08-03 08:38:00.000,
3280,Empresa FictÃ­cia 3280,"82.130.210/0001-30",2026-08-03 08:38:00.000,
3281,Empresa FictÃ­cia 3281,"82.131.227/0001-31",2026-08-03 08:38:00.000,
3282,Empresa FictÃ­cia 3282,"82.132.244/0001-32",2026-08-03 08:38:00.000,
3283,Empresa FictÃ­cia 3283,"82.133.261/0001-33",2026-08-03 08:38:00.000,
3284,Empresa FictÃ­cia 3284,"82.134.278/0001-34",2026-08-03 08:38:00.000,
3285,Empresa FictÃ­cia 3285,"82.135.295/0001-35",2026-08-03 08:38:00.000,
3286,Empresa FictÃ­cia 3286,"82.136.312/0001-36",2026-08-03 08:38:00.000,
3287,Empresa FictÃ­cia 3287,"82.137.329/0001-37",2026-08-03 08:38:00.000,
3288,Empresa FictÃ­cia 3288,"82.138.346/0001-38",2026-08-03 08:38:00.000,
3289,Empresa FictÃ­cia 3289,"82.139.363/0001-39",2026-08-03 08:38:00.000,
3290,Empresa FictÃ­cia 3290,"82.140.380/0001-40",2026-08-03 08:38:00.000,
3291,Empresa FictÃ­cia 3291,"82.141.397/0001-41",2026-08-03 08:38:00.000,
3292,Empresa FictÃ­cia 3292,"82.142.414/0001-42",2026-08-03 08:38:00.000,
3293,Empresa FictÃ­cia 3293,"82.143.431/0001-43",2026-08-03 08:38:00.000,
3294,Empresa FictÃ­cia 3294,"82.144.448/0001-44",2026-08-03 08:38:00.000,
3295,Empresa FictÃ­cia 3295,"82.145.465/0001-45",2026-08-03 08:38:00.000,
3296,Empresa FictÃ­cia 3296,"82.146.482/0001-46",2026-08-03 08:38:00.000,
3297,Empresa FictÃ­cia 3297,"82.147.499/0001-47",2026-08-03 08:38:00.000,
3298,Empresa FictÃ­cia 3298,"82.148.516/0001-48",2026-08-03 08:38:00.000,
3299,Empresa FictÃ­cia 3299,"82.149.533/0001-49",2026-08-03 08:38:00.000,
3300,Empresa FictÃ­cia 3300,"82.150.550/0001-50",2026-08-03 08:38:00.000,
3301,Empresa FictÃ­cia 3301,"82.151.567/0001-51",2026-08-03 08:38:00.000,
3302,Empresa FictÃ­cia 3302,"82.152.584/0001-52",2026-08-03 08:38:00.000,
3303,Empresa FictÃ­cia 3303,"82.153.601/0001-53",2026-08-03 08:38:00.000,
3304,Empresa FictÃ­cia 3304,"82.154.618/0001-54",2026-08-03 08:38:00.000,
3305,Empresa FictÃ­cia 3305,"82.155.635/0001-55",2026-08-03 08:38:00.000,
3306,Empresa FictÃ­cia 3306,"82.156.652/0001-56",2026-08-03 08:38:00.000,
3307,Empresa FictÃ­cia 3307,"82.157.669/0001-57",2026-08-03 08:38:00.000,
3308,Empresa FictÃ­cia 3308,"82.158.686/0001-58",2026-08-03 08:38:00.000,
3309,Empresa FictÃ­cia 3309,"82.159.703/0001-59",2026-08-03 08:38:00.000,
3310,Empresa FictÃ­cia 3310,"82.160.720/0001-60",2026-08-03 08:38:00.000,
3311,Empresa FictÃ­cia 3311,"82.161.737/0001-61",2026-08-03 08:38:00.000,
3312,Empresa FictÃ­cia 3312,"82.162.754/0001-62",2026-08-03 08:38:00.000,
3313,Empresa FictÃ­cia 3313,"82.163.771/0001-63",2026-08-03 08:38:00.000,
3314,Empresa FictÃ­cia 3314,"82.164.788/0001-64",2026-08-03 08:38:00.000,
3315,Empresa FictÃ­cia 3315,"82.165.805/0001-65",2026-08-03 08:38:00.000,
3316,Empresa FictÃ­cia 3316,"82.166.822/0001-66",2026-08-03 08:38:00.000,
3317,Empresa FictÃ­cia 3317,"82.167.839/0001-67",2026-08-03 08:38:00.000,
3318,Empresa FictÃ­cia 3318,"82.168.856/0001-68",2026-08-03 08:38:00.000,
3319,Empresa FictÃ­cia 3319,"82.169.873/0001-69",2026-08-03 08:38:00.000,
3320,Empresa FictÃ­cia 3320,"82.170.890/0001-70",2026-08-03 08:38:00.000,
3321,Empresa FictÃ­cia 3321,"82.171.907/0001-71",2026-08-03 08:38:00.000,
3322,Empresa FictÃ­cia 3322,"82.172.924/0001-72",2026-08-03 08:38:00.000,
3323,Empresa FictÃ­cia 3323,"82.173.941/0001-73",2026-08-03 08:38:00.000,
3324,Empresa FictÃ­cia 3324,"82.174.958/0001-74",2026-08-03 08:38:00.000,
3325,Empresa FictÃ­cia 3325,"82.175.975/0001-75",2026-08-03 08:38:00.000,
3326,Empresa FictÃ­cia 3326,"82.176.992/0001-76",2026-08-03 08:38:00.000,
3327,Empresa FictÃ­cia 3327,"82.177.009/0001-77",2026-08-03 08:38:00.000,
3328,Empresa FictÃ­cia 3328,"82.178.026/0001-78",2026-08-03 08:38:00.000,
3329,Empresa FictÃ­cia 3329,"82.179.043/0001-79",2026-08-03 08:38:00.000,
3330,Empresa FictÃ­cia 3330,"82.180.060/0001-80",2026-08-03 08:38:00.000,
3331,Empresa FictÃ­cia 3331,"82.181.077/0001-81",2026-08-03 08:38:00.000,
3332,Empresa FictÃ­cia 3332,"82.182.094/0001-82",2026-08-03 08:38:00.000,
3333,Empresa FictÃ­cia 3333,"82.183.111/0001-83",2026-08-03 08:38:00.000,
3334,Empresa FictÃ­cia 3334,"82.184.128/0001-84",2026-08-03 08:38:00.000,
3335,Empresa FictÃ­cia 3335,"82.185.145/0001-85",2026-08-03 08:38:00.000,
3336,Empresa FictÃ­cia 3336,"82.186.162/0001-86",2026-08-03 08:38:00.000,
3337,Empresa FictÃ­cia 3337,"82.187.179/0001-87",2026-08-03 08:38:00.000,
3338,Empresa FictÃ­cia 3338,"82.188.196/0001-88",2026-08-03 08:38:00.000,
3339,Empresa FictÃ­cia 3339,"82.189.213/0001-89",2026-08-03 08:38:00.000,
3340,Empresa FictÃ­cia 3340,"82.190.230/0001-90",2026-08-03 08:38:00.000,
3341,Empresa FictÃ­cia 3341,"82.191.247/0001-91",2026-08-03 08:38:00.000,
3342,Empresa FictÃ­cia 3342,"82.192.264/0001-92",2026-08-03 08:38:00.000,
3343,Empresa FictÃ­cia 3343,"82.193.281/0001-93",2026-08-03 08:38:00.000,
3344,Empresa FictÃ­cia 3344,"82.194.298/0001-94",2026-08-03 08:38:00.000,
3345,Empresa FictÃ­cia 3345,"82.195.315/0001-95",2026-08-03 08:38:00.000,
3346,Empresa FictÃ­cia 3346,"82.196.332/0001-96",2026-08-03 08:38:00.000,
3347,Empresa FictÃ­cia 3347,"82.197.349/0001-97",2026-08-03 08:38:00.000,
3348,Empresa FictÃ­cia 3348,"82.198.366/0001-98",2026-08-03 08:38:00.000,
3349,Empresa FictÃ­cia 3349,"82.199.383/0001-99",2026-08-03 08:38:00.000,
3350,Empresa FictÃ­cia 3350,"82.200.400/0001-00",2026-08-03 08:38:00.000,
3351,Empresa FictÃ­cia 3351,"82.201.417/0001-01",2026-08-03 08:38:00.000,
3352,Empresa FictÃ­cia 3352,"82.202.434/0001-02",2026-08-03 08:38:00.000,
3353,Empresa FictÃ­cia 3353,"82.203.451/0001-03",2026-08-03 08:38:00.000,
3354,Empresa FictÃ­cia 3354,"82.204.468/0001-04",2026-08-03 08:38:00.000,
3355,Empresa FictÃ­cia 3355,"82.205.485/0001-05",2026-08-03 08:38:00.000,
3356,Empresa FictÃ­cia 3356,"82.206.502/0001-06",2026-08-03 08:38:00.000,
3357,Empresa FictÃ­cia 3357,"82.207.519/0001-07",2026-08-03 08:38:00.000,
3358,Empresa FictÃ­cia 3358,"82.208.536/0001-08",2026-08-03 08:38:00.000,
3359,Empresa FictÃ­cia 3359,"82.209.553/0001-09",2026-08-03 08:38:00.000,
3360,Empresa FictÃ­cia 3360,"82.210.570/0001-10",2026-08-03 08:38:00.000,
3361,Empresa FictÃ­cia 3361,"82.211.587/0001-11",2026-08-03 08:38:00.000,
3362,Empresa FictÃ­cia 3362,"82.212.604/0001-12",2026-08-03 08:38:00.000,
3363,Empresa FictÃ­cia 3363,"82.213.621/0001-13",2026-08-03 08:38:00.000,
3364,Empresa FictÃ­cia 3364,"82.214.638/0001-14",2026-08-03 08:38:00.000,
3365,Empresa FictÃ­cia 3365,"82.215.655/0001-15",2026-08-03 08:38:00.000,
3366,Empresa FictÃ­cia 3366,"82.216.672/0001-16",2026-08-03 08:38:00.000,
3367,Empresa FictÃ­cia 3367,"82.217.689/0001-17",2026-08-03 08:38:00.000,
3368,Empresa FictÃ­cia 3368,"82.218.706/0001-18",2026-08-03 08:38:00.000,
3369,Empresa FictÃ­cia 3369,"82.219.723/0001-19",2026-08-03 08:38:00.000,
3370,Empresa FictÃ­cia 3370,"82.220.740/0001-20",2026-08-03 08:38:00.000,
3371,Empresa FictÃ­cia 3371,"82.221.757/0001-21",2026-08-03 08:38:00.000,
3372,Empresa FictÃ­cia 3372,"82.222.774/0001-22",2026-08-03 08:38:00.000,
3373,Empresa FictÃ­cia 3373,"82.223.791/0001-23",2026-08-03 08:38:00.000,
3374,Empresa FictÃ­cia 3374,"82.224.808/0001-24",2026-08-03 08:38:00.000,
3375,Empresa FictÃ­cia 3375,"82.225.825/0001-25",2026-08-03 08:38:00.000,
3376,Empresa FictÃ­cia 3376,"82.226.842/0001-26",2026-08-03 08:38:00.000,
3377,Empresa FictÃ­cia 3377,"82.227.859/0001-27",2026-08-03 08:38:00.000,
3378,Empresa FictÃ­cia 3378,"82.228.876/0001-28",2026-08-03 08:38:00.000,
3379,Empresa FictÃ­cia 3379,"82.229.893/0001-29",2026-08-03 08:38:00.000,
3380,Empresa FictÃ­cia 3380,"82.230.910/0001-30",2026-08-03 08:38:00.000,
3381,Empresa FictÃ­cia 3381,"82.231.927/0001-31",2026-08-03 08:38:00.000,
3382,Empresa FictÃ­cia 3382,"82.232.944/0001-32",2026-08-03 08:38:00.000,
3383,Empresa FictÃ­cia 3383,"82.233.961/0001-33",2026-08-03 08:38:00.000,
3384,Empresa FictÃ­cia 3384,"82.234.978/0001-34",2026-08-03 08:38:00.000,
3385,Empresa FictÃ­cia 3385,"82.235.995/0001-35",2026-08-03 08:38:00.000,
3386,Empresa FictÃ­cia 3386,"82.236.012/0001-36",2026-08-03 08:38:00.000,
3387,Empresa FictÃ­cia 3387,"82.237.029/0001-37",2026-08-03 08:38:00.000,
3388,Empresa FictÃ­cia 3388,"82.238.046/0001-38",2026-08-03 08:38:00.000,
3389,Empresa FictÃ­cia 3389,"82.239.063/0001-39",2026-08-03 08:38:00.000,
3390,Empresa FictÃ­cia 3390,"82.240.080/0001-40",2026-08-03 08:38:00.000,
3391,Empresa FictÃ­cia 3391,"82.241.097/0001-41",2026-08-03 08:38:00.000,
3392,Empresa FictÃ­cia 3392,"82.242.114/0001-42",2026-08-03 08:38:00.000,
3393,Empresa FictÃ­cia 3393,"82.243.131/0001-43",2026-08-03 08:38:00.000,
3394,Empresa FictÃ­cia 3394,"82.244.148/0001-44",2026-08-03 08:38:00.000,
3395,Empresa FictÃ­cia 3395,"82.245.165/0001-45",2026-08-03 08:38:00.000,
3396,Empresa FictÃ­cia 3396,"82.246.182/0001-46",2026-08-03 08:38:00.000,
3397,Empresa FictÃ­cia 3397,"82.247.199/0001-47",2026-08-03 08:38:00.000,
3398,Empresa FictÃ­cia 3398,"82.248.216/0001-48",2026-08-03 08:38:00.000,
3399,Empresa FictÃ­cia 3399,"82.249.233/0001-49",2026-08-03 08:38:00.000,
3400,Empresa FictÃ­cia 3400,"82.250.250/0001-50",2026-08-03 08:38:00.000,
3401,Empresa FictÃ­cia 3401,"82.251.267/0001-51",2026-08-03 08:38:00.000,
3402,Empresa FictÃ­cia 3402,"82.252.284/0001-52",2026-08-03 08:38:00.000,
3403,Empresa FictÃ­cia 3403,"82.253.301/0001-53",2026-08-03 08:38:00.000,
3404,Empresa FictÃ­cia 3404,"82.254.318/0001-54",2026-08-03 08:38:00.000,
3405,Empresa FictÃ­cia 3405,"82.255.335/0001-55",2026-08-03 08:38:00.000,
3406,Empresa FictÃ­cia 3406,"82.256.352/0001-56",2026-08-03 08:38:00.000,
3407,Empresa FictÃ­cia 3407,"82.257.369/0001-57",2026-08-03 08:38:00.000,
3408,Empresa FictÃ­cia 3408,"82.258.386/0001-58",2026-08-03 08:38:00.000,
3409,Empresa FictÃ­cia 3409,"82.259.403/0001-59",2026-08-03 08:38:00.000,
3410,Empresa FictÃ­cia 3410,"82.260.420/0001-60",2026-08-03 08:38:00.000,
3411,Empresa FictÃ­cia 3411,"82.261.437/0001-61",2026-08-03 08:38:00.000,
3412,Empresa FictÃ­cia 3412,"82.262.454/0001-62",2026-08-03 08:38:00.000,
3413,Empresa FictÃ­cia 3413,"82.263.471/0001-63",2026-08-03 08:38:00.000,
3414,Empresa FictÃ­cia 3414,"82.264.488/0001-64",2026-08-03 08:38:00.000,
3415,Empresa FictÃ­cia 3415,"82.265.505/0001-65",2026-08-03 08:38:00.000,
3416,Empresa FictÃ­cia 3416,"82.266.522/0001-66",2026-08-03 08:38:00.000,
3417,Empresa FictÃ­cia 3417,"82.267.539/0001-67",2026-08-03 08:38:00.000,
3418,Empresa FictÃ­cia 3418,"82.268.556/0001-68",2026-08-03 08:38:00.000,
3419,Empresa FictÃ­cia 3419,"82.269.573/0001-69",2026-08-03 08:38:00.000,
3420,Empresa FictÃ­cia 3420,"82.270.590/0001-70",2026-08-03 08:38:00.000,
3421,Empresa FictÃ­cia 3421,"82.271.607/0001-71",2026-08-03 08:38:00.000,
3422,Empresa FictÃ­cia 3422,"82.272.624/0001-72",2026-08-03 08:38:00.000,
3423,Empresa FictÃ­cia 3423,"82.273.641/0001-73",2026-08-03 08:38:00.000,
3424,Empresa FictÃ­cia 3424,"82.274.658/0001-74",2026-08-03 08:38:00.000,
3425,Empresa FictÃ­cia 3425,"82.275.675/0001-75",2026-08-03 08:38:00.000,
3426,Empresa FictÃ­cia 3426,"82.276.692/0001-76",2026-08-03 08:38:00.000,
3427,Empresa FictÃ­cia 3427,"82.277.709/0001-77",2026-08-03 08:38:00.000,
3428,Empresa FictÃ­cia 3428,"82.278.726/0001-78",2026-08-03 08:38:00.000,
3429,Empresa FictÃ­cia 3429,"82.279.743/0001-79",2026-08-03 08:38:00.000,
3430,Empresa FictÃ­cia 3430,"82.280.760/0001-80",2026-08-03 08:38:00.000,
3431,Empresa FictÃ­cia 3431,"82.281.777/0001-81",2026-08-03 08:38:00.000,
3432,Empresa FictÃ­cia 3432,"82.282.794/0001-82",2026-08-03 08:38:00.000,
3433,Empresa FictÃ­cia 3433,"82.283.811/0001-83",2026-08-03 08:38:00.000,
3434,Empresa FictÃ­cia 3434,"82.284.828/0001-84",2026-08-03 08:38:00.000,
3435,Empresa FictÃ­cia 3435,"82.285.845/0001-85",2026-08-03 08:38:00.000,
3436,Empresa FictÃ­cia 3436,"82.286.862/0001-86",2026-08-03 08:38:00.000,
3437,Empresa FictÃ­cia 3437,"82.287.879/0001-87",2026-08-03 08:38:00.000,
3438,Empresa FictÃ­cia 3438,"82.288.896/0001-88",2026-08-03 08:38:00.000,
3439,Empresa FictÃ­cia 3439,"82.289.913/0001-89",2026-08-03 08:38:00.000,
3440,Empresa FictÃ­cia 3440,"82.290.930/0001-90",2026-08-03 08:38:00.000,
3441,Empresa FictÃ­cia 3441,"82.291.947/0001-91",2026-08-03 08:38:00.000,
3442,Empresa FictÃ­cia 3442,"82.292.964/0001-92",2026-08-03 08:38:00.000,
3443,Empresa FictÃ­cia 3443,"82.293.981/0001-93",2026-08-03 08:38:00.000,
3444,Empresa FictÃ­cia 3444,"82.294.998/0001-94",2026-08-03 08:38:00.000,
3445,Empresa FictÃ­cia 3445,"82.295.015/0001-95",2026-08-03 08:38:00.000,
3446,Empresa FictÃ­cia 3446,"82.296.032/0001-96",2026-08-03 08:38:00.000,
3447,Empresa FictÃ­cia 3447,"82.297.049/0001-97",2026-08-03 08:38:00.000,
3448,Empresa FictÃ­cia 3448,"82.298.066/0001-98",2026-08-03 08:38:00.000,
3449,Empresa FictÃ­cia 3449,"82.299.083/0001-99",2026-08-03 08:38:00.000,
3450,Empresa FictÃ­cia 3450,"82.300.100/0001-00",2026-08-03 08:38:00.000,
3451,Empresa FictÃ­cia 3451,"82.301.117/0001-01",2026-08-03 08:38:00.000,
3452,Empresa FictÃ­cia 3452,"82.302.134/0001-02",2026-08-03 08:38:00.000,
3453,Empresa FictÃ­cia 3453,"82.303.151/0001-03",2026-08-03 08:38:00.000,
3454,Empresa FictÃ­cia 3454,"82.304.168/0001-04",2026-08-03 08:38:00.000,
3455,Empresa FictÃ­cia 3455,"82.305.185/0001-05",2026-08-03 08:38:00.000,
3456,Empresa FictÃ­cia 3456,"82.306.202/0001-06",2026-08-03 08:38:00.000,
3457,Empresa FictÃ­cia 3457,"82.307.219/0001-07",2026-08-03 08:38:00.000,
3458,Empresa FictÃ­cia 3458,"82.308.236/0001-08",2026-08-03 08:38:00.000,
3459,Empresa FictÃ­cia 3459,"82.309.253/0001-09",2026-08-03 08:38:00.000,
3460,Empresa FictÃ­cia 3460,"82.310.270/0001-10",2026-08-03 08:38:00.000,
3461,Empresa FictÃ­cia 3461,"82.311.287/0001-11",2026-08-03 08:38:00.000,
3462,Empresa FictÃ­cia 3462,"82.312.304/0001-12",2026-08-03 08:38:00.000,
3463,Empresa FictÃ­cia 3463,"82.313.321/0001-13",2026-08-03 08:38:00.000,
3464,Empresa FictÃ­cia 3464,"82.314.338/0001-14",2026-08-03 08:38:00.000,
3465,Empresa FictÃ­cia 3465,"82.315.355/0001-15",2026-08-03 08:38:00.000,
3466,Empresa FictÃ­cia 3466,"82.316.372/0001-16",2026-08-03 08:38:00.000,
3467,Empresa FictÃ­cia 3467,"82.317.389/0001-17",2026-08-03 08:38:00.000,
3468,Empresa FictÃ­cia 3468,"82.318.406/0001-18",2026-08-03 08:38:00.000,
3469,Empresa FictÃ­cia 3469,"82.319.423/0001-19",2026-08-03 08:38:00.000,
3470,Empresa FictÃ­cia 3470,"82.320.440/0001-20",2026-08-03 08:38:00.000,
3471,Empresa FictÃ­cia 3471,"82.321.457/0001-21",2026-08-03 08:38:00.000,
3472,Empresa FictÃ­cia 3472,"82.322.474/0001-22",2026-08-03 08:38:00.000,
3473,Empresa FictÃ­cia 3473,"82.323.491/0001-23",2026-08-03 08:38:00.000,
3474,Empresa FictÃ­cia 3474,"82.324.508/0001-24",2026-08-03 08:38:00.000,
3475,Empresa FictÃ­cia 3475,"82.325.525/0001-25",2026-08-03 08:38:00.000,
3476,Empresa FictÃ­cia 3476,"82.326.542/0001-26",2026-08-03 08:38:00.000,
3477,Empresa FictÃ­cia 3477,"82.327.559/0001-27",2026-08-03 08:38:00.000,
3478,Empresa FictÃ­cia 3478,"82.328.576/0001-28",2026-08-03 08:38:00.000,
3479,Empresa FictÃ­cia 3479,"82.329.593/0001-29",2026-08-03 08:38:00.000,
3480,Empresa FictÃ­cia 3480,"82.330.610/0001-30",2026-08-03 08:38:00.000,
3481,Empresa FictÃ­cia 3481,"82.331.627/0001-31",2026-08-03 08:38:00.000,
3482,Empresa FictÃ­cia 3482,"82.332.644/0001-32",2026-08-03 08:38:00.000,
3483,Empresa FictÃ­cia 3483,"82.333.661/0001-33",2026-08-03 08:38:00.000,
3484,Empresa FictÃ­cia 3484,"82.334.678/0001-34",2026-08-03 08:38:00.000,
3485,Empresa FictÃ­cia 3485,"82.335.695/0001-35",2026-08-03 08:38:00.000,
3486,Empresa FictÃ­cia 3486,"82.336.712/0001-36",2026-08-03 08:38:00.000,
3487,Empresa FictÃ­cia 3487,"82.337.729/0001-37",2026-08-03 08:38:00.000,
3488,Empresa FictÃ­cia 3488,"82.338.746/0001-38",2026-08-03 08:38:00.000,
3489,Empresa FictÃ­cia 3489,"82.339.763/0001-39",2026-08-03 08:38:00.000,
3490,Empresa FictÃ­cia 3490,"82.340.780/0001-40",2026-08-03 08:38:00.000,
3491,Empresa FictÃ­cia 3491,"82.341.797/0001-41",2026-08-03 08:38:00.000,
3492,Empresa FictÃ­cia 3492,"82.342.814/0001-42",2026-08-03 08:38:00.000,
3493,Empresa FictÃ­cia 3493,"82.343.831/0001-43",2026-08-03 08:38:00.000,
3494,Empresa FictÃ­cia 3494,"82.344.848/0001-44",2026-08-03 08:38:00.000,
3495,Empresa FictÃ­cia 3495,"82.345.865/0001-45",2026-08-03 08:38:00.000,
3496,Empresa FictÃ­cia 3496,"82.346.882/0001-46",2026-08-03 08:38:00.000,
3497,Empresa FictÃ­cia 3497,"82.347.899/0001-47",2026-08-03 08:38:00.000,
3498,Empresa FictÃ­cia 3498,"82.348.916/0001-48",2026-08-03 08:38:00.000,
3499,Empresa FictÃ­cia 3499,"82.349.933/0001-49",2026-08-03 08:38:00.000,
3500,Empresa FictÃ­cia 3500,"82.350.950/0001-50",2026-08-03 08:38:00.000,
3501,Empresa FictÃ­cia 3501,"82.351.967/0001-51",2026-08-03 08:38:00.000,
3502,Empresa FictÃ­cia 3502,"82.352.984/0001-52",2026-08-03 08:38:00.000,
3503,Empresa FictÃ­cia 3503,"82.353.001/0001-53",2026-08-03 08:38:00.000,
3504,Empresa FictÃ­cia 3504,"82.354.018/0001-54",2026-08-03 08:38:00.000,
3505,Empresa FictÃ­cia 3505,"82.355.035/0001-55",2026-08-03 08:38:00.000,
3506,Empresa FictÃ­cia 3506,"82.356.052/0001-56",2026-08-03 08:38:00.000,
3507,Empresa FictÃ­cia 3507,"82.357.069/0001-57",2026-08-03 08:38:00.000,
3508,Empresa FictÃ­cia 3508,"82.358.086/0001-58",2026-08-03 08:38:00.000,
3509,Empresa FictÃ­cia 3509,"82.359.103/0001-59",2026-08-03 08:38:00.000,
3510,Empresa FictÃ­cia 3510,"82.360.120/0001-60",2026-08-03 08:38:00.000,
3511,Empresa FictÃ­cia 3511,"82.361.137/0001-61",2026-08-03 08:38:00.000,
3512,Empresa FictÃ­cia 3512,"82.362.154/0001-62",2026-08-03 08:38:00.000,
3513,Empresa FictÃ­cia 3513,"82.363.171/0001-63",2026-08-03 08:38:00.000,
3514,Empresa FictÃ­cia 3514,"82.364.188/0001-64",2026-08-03 08:38:00.000,
3515,Empresa FictÃ­cia 3515,"82.365.205/0001-65",2026-08-03 08:38:00.000,
3516,Empresa FictÃ­cia 3516,"82.366.222/0001-66",2026-08-03 08:38:00.000,
3517,Empresa FictÃ­cia 3517,"82.367.239/0001-67",2026-08-03 08:38:00.000,
3518,Empresa FictÃ­cia 3518,"82.368.256/0001-68",2026-08-03 08:38:00.000,
3519,Empresa FictÃ­cia 3519,"82.369.273/0001-69",2026-08-03 08:38:00.000,
3520,Empresa FictÃ­cia 3520,"82.370.290/0001-70",2026-08-03 08:38:00.000,
3521,Empresa FictÃ­cia 3521,"82.371.307/0001-71",2026-08-03 08:38:00.000,
3522,Empresa FictÃ­cia 3522,"82.372.324/0001-72",2026-08-03 08:38:00.000,
3523,Empresa FictÃ­cia 3523,"82.373.341/0001-73",2026-08-03 08:38:00.000,
3524,Empresa FictÃ­cia 3524,"82.374.358/0001-74",2026-08-03 08:38:00.000,
3525,Empresa FictÃ­cia 3525,"82.375.375/0001-75",2026-08-03 08:38:00.000,
3526,Empresa FictÃ­cia 3526,"82.376.392/0001-76",2026-08-03 08:38:00.000,
3527,Empresa FictÃ­cia 3527,"82.377.409/0001-77",2026-08-03 08:38:00.000,
3528,Empresa FictÃ­cia 3528,"82.378.426/0001-78",2026-08-03 08:38:00.000,
3529,Empresa FictÃ­cia 3529,"82.379.443/0001-79",2026-08-03 08:38:00.000,
3530,Empresa FictÃ­cia 3530,"82.380.460/0001-80",2026-08-03 08:38:00.000,
3531,Empresa FictÃ­cia 3531,"82.381.477/0001-81",2026-08-03 08:38:00.000,
3532,Empresa FictÃ­cia 3532,"82.382.494/0001-82",2026-08-03 08:38:00.000,
3533,Empresa FictÃ­cia 3533,"82.383.511/0001-83",2026-08-03 08:38:00.000,
3534,Empresa FictÃ­cia 3534,"82.384.528/0001-84",2026-08-03 08:38:00.000,
3535,Empresa FictÃ­cia 3535,"82.385.545/0001-85",2026-08-03 08:38:00.000,
3536,Empresa FictÃ­cia 3536,"82.386.562/0001-86",2026-08-03 08:38:00.000,
3537,Empresa FictÃ­cia 3537,"82.387.579/0001-87",2026-08-03 08:38:00.000,
3538,Empresa FictÃ­cia 3538,"82.388.596/0001-88",2026-08-03 08:38:00.000,
3539,Empresa FictÃ­cia 3539,"82.389.613/0001-89",2026-08-03 08:38:00.000,
3540,Empresa FictÃ­cia 3540,"82.390.630/0001-90",2026-08-03 08:38:00.000,
3541,Empresa FictÃ­cia 3541,"82.391.647/0001-91",2026-08-03 08:38:00.000,
3542,Empresa FictÃ­cia 3542,"82.392.664/0001-92",2026-08-03 08:38:00.000,
3543,Empresa FictÃ­cia 3543,"82.393.681/0001-93",2026-08-03 08:38:00.000,
3544,Empresa FictÃ­cia 3544,"82.394.698/0001-94",2026-08-03 08:38:00.000,
3545,Empresa FictÃ­cia 3545,"82.395.715/0001-95",2026-08-03 08:38:00.000,
3546,Empresa FictÃ­cia 3546,"82.396.732/0001-96",2026-08-03 08:38:00.000,
3547,Empresa FictÃ­cia 3547,"82.397.749/0001-97",2026-08-03 08:38:00.000,
3548,Empresa FictÃ­cia 3548,"82.398.766/0001-98",2026-08-03 08:38:00.000,
3549,Empresa FictÃ­cia 3549,"82.399.783/0001-99",2026-08-03 08:38:00.000,
3550,Empresa FictÃ­cia 3550,"82.400.800/0001-00",2026-08-03 08:38:00.000,
3551,Empresa FictÃ­cia 3551,"82.401.817/0001-01",2026-08-03 08:38:00.000,
3552,Empresa FictÃ­cia 3552,"82.402.834/0001-02",2026-08-03 08:38:00.000,
3553,Empresa FictÃ­cia 3553,"82.403.851/0001-03",2026-08-03 08:38:00.000,
3554,Empresa FictÃ­cia 3554,"82.404.868/0001-04",2026-08-03 08:38:00.000,
3555,Empresa FictÃ­cia 3555,"82.405.885/0001-05",2026-08-03 08:38:00.000,
3556,Empresa FictÃ­cia 3556,"82.406.902/0001-06",2026-08-03 08:38:00.000,
3557,Empresa FictÃ­cia 3557,"82.407.919/0001-07",2026-08-03 08:38:00.000,
3558,Empresa FictÃ­cia 3558,"82.408.936/0001-08",2026-08-03 08:38:00.000,
3559,Empresa FictÃ­cia 3559,"82.409.953/0001-09",2026-08-03 08:38:00.000,
3560,Empresa FictÃ­cia 3560,"82.410.970/0001-10",2026-08-03 08:38:00.000,
3561,Empresa FictÃ­cia 3561,"82.411.987/0001-11",2026-08-03 08:38:00.000,
3562,Empresa FictÃ­cia 3562,"82.412.004/0001-12",2026-08-03 08:38:00.000,
3563,Empresa FictÃ­cia 3563,"82.413.021/0001-13",2026-08-03 08:38:00.000,
3564,Empresa FictÃ­cia 3564,"82.414.038/0001-14",2026-08-03 08:38:00.000,
3565,Empresa FictÃ­cia 3565,"82.415.055/0001-15",2026-08-03 08:38:00.000,
3566,Empresa FictÃ­cia 3566,"82.416.072/0001-16",2026-08-03 08:38:00.000,
3567,Empresa FictÃ­cia 3567,"82.417.089/0001-17",2026-08-03 08:38:00.000,
3568,Empresa FictÃ­cia 3568,"82.418.106/0001-18",2026-08-03 08:38:00.000,
3569,Empresa FictÃ­cia 3569,"82.419.123/0001-19",2026-08-03 08:38:00.000,
3570,Empresa FictÃ­cia 3570,"82.420.140/0001-20",2026-08-03 08:38:00.000,
3571,Empresa FictÃ­cia 3571,"82.421.157/0001-21",2026-08-03 08:38:00.000,
3572,Empresa FictÃ­cia 3572,"82.422.174/0001-22",2026-08-03 08:38:00.000,
3573,Empresa FictÃ­cia 3573,"82.423.191/0001-23",2026-08-03 08:38:00.000,
3574,Empresa FictÃ­cia 3574,"82.424.208/0001-24",2026-08-03 08:38:00.000,
3575,Empresa FictÃ­cia 3575,"82.425.225/0001-25",2026-08-03 08:38:00.000,
3576,Empresa FictÃ­cia 3576,"82.426.242/0001-26",2026-08-03 08:38:00.000,
3577,Empresa FictÃ­cia 3577,"82.427.259/0001-27",2026-08-03 08:38:00.000,
3578,Empresa FictÃ­cia 3578,"82.428.276/0001-28",2026-08-03 08:38:00.000,
3579,Empresa FictÃ­cia 3579,"82.429.293/0001-29",2026-08-03 08:38:00.000,
3580,Empresa FictÃ­cia 3580,"82.430.310/0001-30",2026-08-03 08:38:00.000,
3581,Empresa FictÃ­cia 3581,"82.431.327/0001-31",2026-08-03 08:38:00.000,
3582,Empresa FictÃ­cia 3582,"82.432.344/0001-32",2026-08-03 08:38:00.000,
3583,Empresa FictÃ­cia 3583,"82.433.361/0001-33",2026-08-03 08:38:00.000,
3584,Empresa FictÃ­cia 3584,"82.434.378/0001-34",2026-08-03 08:38:00.000,
3585,Empresa FictÃ­cia 3585,"82.435.395/0001-35",2026-08-03 08:38:00.000,
3586,Empresa FictÃ­cia 3586,"82.436.412/0001-36",2026-08-03 08:38:00.000,
3587,Empresa FictÃ­cia 3587,"82.437.429/0001-37",2026-08-03 08:38:00.000,
3588,Empresa FictÃ­cia 3588,"82.438.446/0001-38",2026-08-03 08:38:00.000,
3589,Empresa FictÃ­cia 3589,"82.439.463/0001-39",2026-08-03 08:38:00.000,
3590,Empresa FictÃ­cia 3590,"82.440.480/0001-40",2026-08-03 08:38:00.000,
3591,Empresa FictÃ­cia 3591,"82.441.497/0001-41",2026-08-03 08:38:00.000,
3592,Empresa FictÃ­cia 3592,"82.442.514/0001-42",2026-08-03 08:38:00.000,
3593,Empresa FictÃ­cia 3593,"82.443.531/0001-43",2026-08-03 08:38:00.000,
3594,Empresa FictÃ­cia 3594,"82.444.548/0001-44",2026-08-03 08:38:00.000,
3595,Empresa FictÃ­cia 3595,"82.445.565/0001-45",2026-08-03 08:38:00.000,
3596,Empresa FictÃ­cia 3596,"82.446.582/0001-46",2026-08-03 08:38:00.000,
3597,Empresa FictÃ­cia 3597,"82.447.599/0001-47",2026-08-03 08:38:00.000,
3598,Empresa FictÃ­cia 3598,"82.448.616/0001-48",2026-08-03 08:38:00.000,
3599,Empresa FictÃ­cia 3599,"82.449.633/0001-49",2026-08-03 08:38:00.000,
3600,Empresa FictÃ­cia 3600,"82.450.650/0001-50",2026-08-03 08:38:00.000,
3601,Empresa FictÃ­cia 3601,"82.451.667/0001-51",2026-08-03 08:38:00.000,
3602,Empresa FictÃ­cia 3602,"82.452.684/0001-52",2026-08-03 08:38:00.000,
3603,Empresa FictÃ­cia 3603,"82.453.701/0001-53",2026-08-03 08:38:00.000,
3604,Empresa FictÃ­cia 3604,"82.454.718/0001-54",2026-08-03 08:38:00.000,
3605,Empresa FictÃ­cia 3605,"82.455.735/0001-55",2026-08-03 08:38:00.000,
3606,Empresa FictÃ­cia 3606,"82.456.752/0001-56",2026-08-03 08:38:00.000,
3607,Empresa FictÃ­cia 3607,"82.457.769/0001-57",2026-08-03 08:38:00.000,
3608,Empresa FictÃ­cia 3608,"82.458.786/0001-58",2026-08-03 08:38:00.000,
3609,Empresa FictÃ­cia 3609,"82.459.803/0001-59",2026-08-03 08:38:00.000,
3610,Empresa FictÃ­cia 3610,"82.460.820/0001-60",2026-08-03 08:38:00.000,
3611,Empresa FictÃ­cia 3611,"82.461.837/0001-61",2026-08-03 08:38:00.000,
3612,Empresa FictÃ­cia 3612,"82.462.854/0001-62",2026-08-03 08:38:00.000,
3613,Empresa FictÃ­cia 3613,"82.463.871/0001-63",2026-08-03 08:38:00.000,
3614,Empresa FictÃ­cia 3614,"82.464.888/0001-64",2026-08-03 08:38:00.000,
3615,Empresa FictÃ­cia 3615,"82.465.905/0001-65",2026-08-03 08:38:00.000,
3616,Empresa FictÃ­cia 3616,"82.466.922/0001-66",2026-08-03 08:38:00.000,
3617,Empresa FictÃ­cia 3617,"82.467.939/0001-67",2026-08-03 08:38:00.000,
3618,Empresa FictÃ­cia 3618,"82.468.956/0001-68",2026-08-03 08:38:00.000,
3619,Empresa FictÃ­cia 3619,"82.469.973/0001-69",2026-08-03 08:38:00.000,
3620,Empresa FictÃ­cia 3620,"82.470.990/0001-70",2026-08-03 08:38:00.000,
3621,Empresa FictÃ­cia 3621,"82.471.007/0001-71",2026-08-03 08:38:00.000,
3622,Empresa FictÃ­cia 3622,"82.472.024/0001-72",2026-08-03 08:38:00.000,
3623,Empresa FictÃ­cia 3623,"82.473.041/0001-73",2026-08-03 08:38:00.000,
3624,Empresa FictÃ­cia 3624,"82.474.058/0001-74",2026-08-03 08:38:00.000,
3625,Empresa FictÃ­cia 3625,"82.475.075/0001-75",2026-08-03 08:38:00.000,
3626,Empresa FictÃ­cia 3626,"82.476.092/0001-76",2026-08-03 08:38:00.000,
3627,Empresa FictÃ­cia 3627,"82.477.109/0001-77",2026-08-03 08:38:00.000,
3628,Empresa FictÃ­cia 3628,"82.478.126/0001-78",2026-08-03 08:38:00.000,
3629,Empresa FictÃ­cia 3629,"82.479.143/0001-79",2026-08-03 08:38:00.000,
3630,Empresa FictÃ­cia 3630,"82.480.160/0001-80",2026-08-03 08:38:00.000,
3631,Empresa FictÃ­cia 3631,"82.481.177/0001-81",2026-08-03 08:38:00.000,
3632,Empresa FictÃ­cia 3632,"82.482.194/0001-82",2026-08-03 08:38:00.000,
3633,Empresa FictÃ­cia 3633,"82.483.211/0001-83",2026-08-03 08:38:00.000,
3634,Empresa FictÃ­cia 3634,"82.484.228/0001-84",2026-08-03 08:38:00.000,
3635,Empresa FictÃ­cia 3635,"82.485.245/0001-85",2026-08-03 08:38:00.000,
3636,Empresa FictÃ­cia 3636,"82.486.262/0001-86",2026-08-03 08:38:00.000,
3637,Empresa FictÃ­cia 3637,"82.487.279/0001-87",2026-08-03 08:38:00.000,
3638,Empresa FictÃ­cia 3638,"82.488.296/0001-88",2026-08-03 08:38:00.000,
3639,Empresa FictÃ­cia 3639,"82.489.313/0001-89",2026-08-03 08:38:00.000,
3640,Empresa FictÃ­cia 3640,"82.490.330/0001-90",2026-08-03 08:38:00.000,
3641,Empresa FictÃ­cia 3641,"82.491.347/0001-91",2026-08-03 08:38:00.000,
3642,Empresa FictÃ­cia 3642,"82.492.364/0001-92",2026-08-03 08:38:00.000,
3643,Empresa FictÃ­cia 3643,"82.493.381/0001-93",2026-08-03 08:38:00.000,
3644,Empresa FictÃ­cia 3644,"82.494.398/0001-94",2026-08-03 08:38:00.000,
3645,Empresa FictÃ­cia 3645,"82.495.415/0001-95",2026-08-03 08:38:00.000,
3646,Empresa FictÃ­cia 3646,"82.496.432/0001-96",2026-08-03 08:38:00.000,
3647,Empresa FictÃ­cia 3647,"82.497.449/0001-97",2026-08-03 08:38:00.000,
3648,Empresa FictÃ­cia 3648,"82.498.466/0001-98",2026-08-03 08:38:00.000,
3649,Empresa FictÃ­cia 3649,"82.499.483/0001-99",2026-08-03 08:38:00.000,
3650,Empresa FictÃ­cia 3650,"82.500.500/0001-00",2026-08-03 08:38:00.000,
3651,Empresa FictÃ­cia 3651,"82.501.517/0001-01",2026-08-03 08:38:00.000,
3652,Empresa FictÃ­cia 3652,"82.502.534/0001-02",2026-08-03 08:38:00.000,
3653,Empresa FictÃ­cia 3653,"82.503.551/0001-03",2026-08-03 08:38:00.000,
3654,Empresa FictÃ­cia 3654,"82.504.568/0001-04",2026-08-03 08:38:00.000,
3655,Empresa FictÃ­cia 3655,"82.505.585/0001-05",2026-08-03 08:38:00.000,
3656,Empresa FictÃ­cia 3656,"82.506.602/0001-06",2026-08-03 08:38:00.000,
3657,Empresa FictÃ­cia 3657,"82.507.619/0001-07",2026-08-03 08:38:00.000,
3658,Empresa FictÃ­cia 3658,"82.508.636/0001-08",2026-08-03 08:38:00.000,
3659,Empresa FictÃ­cia 3659,"82.509.653/0001-09",2026-08-03 08:38:00.000,
3660,Empresa FictÃ­cia 3660,"82.510.670/0001-10",2026-08-03 08:38:00.000,
3661,Empresa FictÃ­cia 3661,"82.511.687/0001-11",2026-08-03 08:38:00.000,
3662,Empresa FictÃ­cia 3662,"82.512.704/0001-12",2026-08-03 08:38:00.000,
3663,Empresa FictÃ­cia 3663,"82.513.721/0001-13",2026-08-03 08:38:00.000,
3664,Empresa FictÃ­cia 3664,"82.514.738/0001-14",2026-08-03 08:38:00.000,
3665,Empresa FictÃ­cia 3665,"82.515.755/0001-15",2026-08-03 08:38:00.000,
3666,Empresa FictÃ­cia 3666,"82.516.772/0001-16",2026-08-03 08:38:00.000,
3667,Empresa FictÃ­cia 3667,"82.517.789/0001-17",2026-08-03 08:38:00.000,
3668,Empresa FictÃ­cia 3668,"82.518.806/0001-18",2026-08-03 08:38:00.000,
3669,Empresa FictÃ­cia 3669,"82.519.823/0001-19",2026-08-03 08:38:00.000,
3670,Empresa FictÃ­cia 3670,"82.520.840/0001-20",2026-08-03 08:38:00.000,
3671,Empresa FictÃ­cia 3671,"82.521.857/0001-21",2026-08-03 08:38:00.000,
3672,Empresa FictÃ­cia 3672,"82.522.874/0001-22",2026-08-03 08:38:00.000,
3673,Empresa FictÃ­cia 3673,"82.523.891/0001-23",2026-08-03 08:38:00.000,
3674,Empresa FictÃ­cia 3674,"82.524.908/0001-24",2026-08-03 08:38:00.000,
3675,Empresa FictÃ­cia 3675,"82.525.925/0001-25",2026-08-03 08:38:00.000,
3676,Empresa FictÃ­cia 3676,"82.526.942/0001-26",2026-08-03 08:38:00.000,
3677,Empresa FictÃ­cia 3677,"82.527.959/0001-27",2026-08-03 08:38:00.000,
3678,Empresa FictÃ­cia 3678,"82.528.976/0001-28",2026-08-03 08:38:00.000,
3679,Empresa FictÃ­cia 3679,"82.529.993/0001-29",2026-08-03 08:38:00.000,
3680,Empresa FictÃ­cia 3680,"82.530.010/0001-30",2026-08-03 08:38:00.000,
3681,Empresa FictÃ­cia 3681,"82.531.027/0001-31",2026-08-03 08:38:00.000,
3682,Empresa FictÃ­cia 3682,"82.532.044/0001-32",2026-08-03 08:38:00.000,
3683,Empresa FictÃ­cia 3683,"82.533.061/0001-33",2026-08-03 08:38:00.000,
3684,Empresa FictÃ­cia 3684,"82.534.078/0001-34",2026-08-03 08:38:00.000,
3685,Empresa FictÃ­cia 3685,"82.535.095/0001-35",2026-08-03 08:38:00.000,
3686,Empresa FictÃ­cia 3686,"82.536.112/0001-36",2026-08-03 08:38:00.000,
3687,Empresa FictÃ­cia 3687,"82.537.129/0001-37",2026-08-03 08:38:00.000,
3688,Empresa FictÃ­cia 3688,"82.538.146/0001-38",2026-08-03 08:38:00.000,
3689,Empresa FictÃ­cia 3689,"82.539.163/0001-39",2026-08-03 08:38:00.000,
3690,Empresa FictÃ­cia 3690,"82.540.180/0001-40",2026-08-03 08:38:00.000,
3691,Empresa FictÃ­cia 3691,"82.541.197/0001-41",2026-08-03 08:38:00.000,
3692,Empresa FictÃ­cia 3692,"82.542.214/0001-42",2026-08-03 08:38:00.000,
3693,Empresa FictÃ­cia 3693,"82.543.231/0001-43",2026-08-03 08:38:00.000,
3694,Empresa FictÃ­cia 3694,"82.544.248/0001-44",2026-08-03 08:38:00.000,
3695,Empresa FictÃ­cia 3695,"82.545.265/0001-45",2026-08-03 08:38:00.000,
3696,Empresa FictÃ­cia 3696,"82.546.282/0001-46",2026-08-03 08:38:00.000,
3697,Empresa FictÃ­cia 3697,"82.547.299/0001-47",2026-08-03 08:38:00.000,
3698,Empresa FictÃ­cia 3698,"82.548.316/0001-48",2026-08-03 08:38:00.000,
3699,Empresa FictÃ­cia 3699,"82.549.333/0001-49",2026-08-03 08:38:00.000,
3700,Empresa FictÃ­cia 3700,"82.550.350/0001-50",2026-08-03 08:38:00.000,
3701,Empresa FictÃ­cia 3701,"82.551.367/0001-51",2026-08-03 08:38:00.000,
3702,Empresa FictÃ­cia 3702,"82.552.384/0001-52",2026-08-03 08:38:00.000,
3703,Empresa FictÃ­cia 3703,"82.553.401/0001-53",2026-08-03 08:38:00.000,
3704,Empresa FictÃ­cia 3704,"82.554.418/0001-54",2026-08-03 08:38:00.000,
3705,Empresa FictÃ­cia 3705,"82.555.435/0001-55",2026-08-03 08:38:00.000,
3706,Empresa FictÃ­cia 3706,"82.556.452/0001-56",2026-08-03 08:38:00.000,
3707,Empresa FictÃ­cia 3707,"82.557.469/0001-57",2026-08-03 08:38:00.000,
3708,Empresa FictÃ­cia 3708,"82.558.486/0001-58",2026-08-03 08:38:00.000,
3709,Empresa FictÃ­cia 3709,"82.559.503/0001-59",2026-08-03 08:38:00.000,
3710,Empresa FictÃ­cia 3710,"82.560.520/0001-60",2026-08-03 08:38:00.000,
3711,Empresa FictÃ­cia 3711,"82.561.537/0001-61",2026-08-03 08:38:00.000,
3712,Empresa FictÃ­cia 3712,"82.562.554/0001-62",2026-08-03 08:38:00.000,
3713,Empresa FictÃ­cia 3713,"82.563.571/0001-63",2026-08-03 08:38:00.000,
3714,Empresa FictÃ­cia 3714,"82.564.588/0001-64",2026-08-03 08:38:00.000,
3715,Empresa FictÃ­cia 3715,"82.565.605/0001-65",2026-08-03 08:38:00.000,
3716,Empresa FictÃ­cia 3716,"82.566.622/0001-66",2026-08-03 08:38:00.000,
3717,Empresa FictÃ­cia 3717,"82.567.639/0001-67",2026-08-03 08:38:00.000,
3718,Empresa FictÃ­cia 3718,"82.568.656/0001-68",2026-08-03 08:38:00.000,
3719,Empresa FictÃ­cia 3719,"82.569.673/0001-69",2026-08-03 08:38:00.000,
3720,Empresa FictÃ­cia 3720,"82.570.690/0001-70",2026-08-03 08:38:00.000,
3721,Empresa FictÃ­cia 3721,"82.571.707/0001-71",2026-08-03 08:38:00.000,
3722,Empresa FictÃ­cia 3722,"82.572.724/0001-72",2026-08-03 08:38:00.000,
3723,Empresa FictÃ­cia 3723,"82.573.741/0001-73",2026-08-03 08:38:00.000,
3724,Empresa FictÃ­cia 3724,"82.574.758/0001-74",2026-08-03 08:38:00.000,
3725,Empresa FictÃ­cia 3725,"82.575.775/0001-75",2026-08-03 08:38:00.000,
3726,Empresa FictÃ­cia 3726,"82.576.792/0001-76",2026-08-03 08:38:00.000,
3727,Empresa FictÃ­cia 3727,"82.577.809/0001-77",2026-08-03 08:38:00.000,
3728,Empresa FictÃ­cia 3728,"82.578.826/0001-78",2026-08-03 08:38:00.000,
3729,Empresa FictÃ­cia 3729,"82.579.843/0001-79",2026-08-03 08:38:00.000,
3730,Empresa FictÃ­cia 3730,"82.580.860/0001-80",2026-08-03 08:38:00.000,
3731,Empresa FictÃ­cia 3731,"82.581.877/0001-81",2026-08-03 08:38:00.000,
3732,Empresa FictÃ­cia 3732,"82.582.894/0001-82",2026-08-03 08:38:00.000,
3733,Empresa FictÃ­cia 3733,"82.583.911/0001-83",2026-08-03 08:38:00.000,
3734,Empresa FictÃ­cia 3734,"82.584.928/0001-84",2026-08-03 08:38:00.000,
3735,Empresa FictÃ­cia 3735,"82.585.945/0001-85",2026-08-03 08:38:00.000,
3736,Empresa FictÃ­cia 3736,"82.586.962/0001-86",2026-08-03 08:38:00.000,
3737,Empresa FictÃ­cia 3737,"82.587.979/0001-87",2026-08-03 08:38:00.000,
3738,Empresa FictÃ­cia 3738,"82.588.996/0001-88",2026-08-03 08:38:00.000,
3739,Empresa FictÃ­cia 3739,"82.589.013/0001-89",2026-08-03 08:38:00.000,
3740,Empresa FictÃ­cia 3740,"82.590.030/0001-90",2026-08-03 08:38:00.000,
3741,Empresa FictÃ­cia 3741,"82.591.047/0001-91",2026-08-03 08:38:00.000,
3742,Empresa FictÃ­cia 3742,"82.592.064/0001-92",2026-08-03 08:38:00.000,
3743,Empresa FictÃ­cia 3743,"82.593.081/0001-93",2026-08-03 08:38:00.000,
3744,Empresa FictÃ­cia 3744,"82.594.098/0001-94",2026-08-03 08:38:00.000,
3745,Empresa FictÃ­cia 3745,"82.595.115/0001-95",2026-08-03 08:38:00.000,
3746,Empresa FictÃ­cia 3746,"82.596.132/0001-96",2026-08-03 08:38:00.000,
3747,Empresa FictÃ­cia 3747,"82.597.149/0001-97",2026-08-03 08:38:00.000,
3748,Empresa FictÃ­cia 3748,"82.598.166/0001-98",2026-08-03 08:38:00.000,
3749,Empresa FictÃ­cia 3749,"82.599.183/0001-99",2026-08-03 08:38:00.000,
3750,Empresa FictÃ­cia 3750,"82.600.200/0001-00",2026-08-03 08:38:00.000,
3751,Empresa FictÃ­cia 3751,"82.601.217/0001-01",2026-08-03 08:38:00.000,
3752,Empresa FictÃ­cia 3752,"82.602.234/0001-02",2026-08-03 08:38:00.000,
3753,Empresa FictÃ­cia 3753,"82.603.251/0001-03",2026-08-03 08:38:00.000,
3754,Empresa FictÃ­cia 3754,"82.604.268/0001-04",2026-08-03 08:38:00.000,
3755,Empresa FictÃ­cia 3755,"82.605.285/0001-05",2026-08-03 08:38:00.000,
3756,Empresa FictÃ­cia 3756,"82.606.302/0001-06",2026-08-03 08:38:00.000,
3757,Empresa FictÃ­cia 3757,"82.607.319/0001-07",2026-08-03 08:38:00.000,
3758,Empresa FictÃ­cia 3758,"82.608.336/0001-08",2026-08-03 08:38:00.000,
3759,Empresa FictÃ­cia 3759,"82.609.353/0001-09",2026-08-03 08:38:00.000,
3760,Empresa FictÃ­cia 3760,"82.610.370/0001-10",2026-08-03 08:38:00.000,
3761,Empresa FictÃ­cia 3761,"82.611.387/0001-11",2026-08-03 08:38:00.000,
3762,Empresa FictÃ­cia 3762,"82.612.404/0001-12",2026-08-03 08:38:00.000,
3763,Empresa FictÃ­cia 3763,"82.613.421/0001-13",2026-08-03 08:38:00.000,
3764,Empresa FictÃ­cia 3764,"82.614.438/0001-14",2026-08-03 08:38:00.000,
3765,Empresa FictÃ­cia 3765,"82.615.455/0001-15",2026-08-03 08:38:00.000,
3766,Empresa FictÃ­cia 3766,"82.616.472/0001-16",2026-08-03 08:38:00.000,
3767,Empresa FictÃ­cia 3767,"82.617.489/0001-17",2026-08-03 08:38:00.000,
3768,Empresa FictÃ­cia 3768,"82.618.506/0001-18",2026-08-03 08:38:00.000,
3769,Empresa FictÃ­cia 3769,"82.619.523/0001-19",2026-08-03 08:38:00.000,
3770,Empresa FictÃ­cia 3770,"82.620.540/0001-20",2026-08-03 08:38:00.000,
3771,Empresa FictÃ­cia 3771,"82.621.557/0001-21",2026-08-03 08:38:00.000,
3772,Empresa FictÃ­cia 3772,"82.622.574/0001-22",2026-08-03 08:38:00.000,
3773,Empresa FictÃ­cia 3773,"82.623.591/0001-23",2026-08-03 08:38:00.000,
3774,Empresa FictÃ­cia 3774,"82.624.608/0001-24",2026-08-03 08:38:00.000,
3775,Empresa FictÃ­cia 3775,"82.625.625/0001-25",2026-08-03 08:38:00.000,
3776,Empresa FictÃ­cia 3776,"82.626.642/0001-26",2026-08-03 08:38:00.000,
3777,Empresa FictÃ­cia 3777,"82.627.659/0001-27",2026-08-03 08:38:00.000,
3778,Empresa FictÃ­cia 3778,"82.628.676/0001-28",2026-08-03 08:38:00.000,
3779,Empresa FictÃ­cia 3779,"82.629.693/0001-29",2026-08-03 08:38:00.000,
3780,Empresa FictÃ­cia 3780,"82.630.710/0001-30",2026-08-03 08:38:00.000,
3781,Empresa FictÃ­cia 3781,"82.631.727/0001-31",2026-08-03 08:38:00.000,
3782,Empresa FictÃ­cia 3782,"82.632.744/0001-32",2026-08-03 08:38:00.000,
3783,Empresa FictÃ­cia 3783,"82.633.761/0001-33",2026-08-03 08:38:00.000,
3784,Empresa FictÃ­cia 3784,"82.634.778/0001-34",2026-08-03 08:38:00.000,
3785,Empresa FictÃ­cia 3785,"82.635.795/0001-35",2026-08-03 08:38:00.000,
3786,Empresa FictÃ­cia 3786,"82.636.812/0001-36",2026-08-03 08:38:00.000,
3787,Empresa FictÃ­cia 3787,"82.637.829/0001-37",2026-08-03 08:38:00.000,
3788,Empresa FictÃ­cia 3788,"82.638.846/0001-38",2026-08-03 08:38:00.000,
3789,Empresa FictÃ­cia 3789,"82.639.863/0001-39",2026-08-03 08:38:00.000,
3790,Empresa FictÃ­cia 3790,"82.640.880/0001-40",2026-08-03 08:38:00.000,
3791,Empresa FictÃ­cia 3791,"82.641.897/0001-41",2026-08-03 08:38:00.000,
3792,Empresa FictÃ­cia 3792,"82.642.914/0001-42",2026-08-03 08:38:00.000,
3793,Empresa FictÃ­cia 3793,"82.643.931/0001-43",2026-08-03 08:38:00.000,
3794,Empresa FictÃ­cia 3794,"82.644.948/0001-44",2026-08-03 08:38:00.000,
3795,Empresa FictÃ­cia 3795,"82.645.965/0001-45",2026-08-03 08:38:00.000,
3796,Empresa FictÃ­cia 3796,"82.646.982/0001-46",2026-08-03 08:38:00.000,
3797,Empresa FictÃ­cia 3797,"82.647.999/0001-47",2026-08-03 08:38:00.000,
3798,Empresa FictÃ­cia 3798,"82.648.016/0001-48",2026-08-03 08:38:00.000,
3799,Empresa FictÃ­cia 3799,"82.649.033/0001-49",2026-08-03 08:38:00.000,
3800,Empresa FictÃ­cia 3800,"82.650.050/0001-50",2026-08-03 08:38:00.000,
3801,Empresa FictÃ­cia 3801,"82.651.067/0001-51",2026-08-03 08:38:00.000,
3802,Empresa FictÃ­cia 3802,"82.652.084/0001-52",2026-08-03 08:38:00.000,
3803,Empresa FictÃ­cia 3803,"82.653.101/0001-53",2026-08-03 08:38:00.000,
3804,Empresa FictÃ­cia 3804,"82.654.118/0001-54",2026-08-03 08:38:00.000,
3805,Empresa FictÃ­cia 3805,"82.655.135/0001-55",2026-08-03 08:38:00.000,
3806,Empresa FictÃ­cia 3806,"82.656.152/0001-56",2026-08-03 08:38:00.000,
3807,Empresa FictÃ­cia 3807,"82.657.169/0001-57",2026-08-03 08:38:00.000,
3808,Empresa FictÃ­cia 3808,"82.658.186/0001-58",2026-08-03 08:38:00.000,
3809,Empresa FictÃ­cia 3809,"82.659.203/0001-59",2026-08-03 08:38:00.000,
3810,Empresa FictÃ­cia 3810,"82.660.220/0001-60",2026-08-03 08:38:00.000,
3811,Empresa FictÃ­cia 3811,"82.661.237/0001-61",2026-08-03 08:38:00.000,
3812,Empresa FictÃ­cia 3812,"82.662.254/0001-62",2026-08-03 08:38:00.000,
3813,Empresa FictÃ­cia 3813,"82.663.271/0001-63",2026-08-03 08:38:00.000,
3814,Empresa FictÃ­cia 3814,"82.664.288/0001-64",2026-08-03 08:38:00.000,
3815,Empresa FictÃ­cia 3815,"82.665.305/0001-65",2026-08-03 08:38:00.000,
3816,Empresa FictÃ­cia 3816,"82.666.322/0001-66",2026-08-03 08:38:00.000,
3817,Empresa FictÃ­cia 3817,"82.667.339/0001-67",2026-08-03 08:38:00.000,
3818,Empresa FictÃ­cia 3818,"82.668.356/0001-68",2026-08-03 08:38:00.000,
3819,Empresa FictÃ­cia 3819,"82.669.373/0001-69",2026-08-03 08:38:00.000,
3820,Empresa FictÃ­cia 3820,"82.670.390/0001-70",2026-08-03 08:38:00.000,
3821,Empresa FictÃ­cia 3821,"82.671.407/0001-71",2026-08-03 08:38:00.000,
3822,Empresa FictÃ­cia 3822,"82.672.424/0001-72",2026-08-03 08:38:00.000,
3823,Empresa FictÃ­cia 3823,"82.673.441/0001-73",2026-08-03 08:38:00.000,
3824,Empresa FictÃ­cia 3824,"82.674.458/0001-74",2026-08-03 08:38:00.000,
3825,Empresa FictÃ­cia 3825,"82.675.475/0001-75",2026-08-03 08:38:00.000,
3826,Empresa FictÃ­cia 3826,"82.676.492/0001-76",2026-08-03 08:38:00.000,
3827,Empresa FictÃ­cia 3827,"82.677.509/0001-77",2026-08-03 08:38:00.000,
3828,Empresa FictÃ­cia 3828,"82.678.526/0001-78",2026-08-03 08:38:00.000,
3829,Empresa FictÃ­cia 3829,"82.679.543/0001-79",2026-08-03 08:38:00.000,
3830,Empresa FictÃ­cia 3830,"82.680.560/0001-80",2026-08-03 08:38:00.000,
3831,Empresa FictÃ­cia 3831,"82.681.577/0001-81",2026-08-03 08:38:00.000,
3832,Empresa FictÃ­cia 3832,"82.682.594/0001-82",2026-08-03 08:38:00.000,
3833,Empresa FictÃ­cia 3833,"82.683.611/0001-83",2026-08-03 08:38:00.000,
3834,Empresa FictÃ­cia 3834,"82.684.628/0001-84",2026-08-03 08:38:00.000,
3835,Empresa FictÃ­cia 3835,"82.685.645/0001-85",2026-08-03 08:38:00.000,
3836,Empresa FictÃ­cia 3836,"82.686.662/0001-86",2026-08-03 08:38:00.000,
3837,Empresa FictÃ­cia 3837,"82.687.679/0001-87",2026-08-03 08:38:00.000,
3838,Empresa FictÃ­cia 3838,"82.688.696/0001-88",2026-08-03 08:38:00.000,
3839,Empresa FictÃ­cia 3839,"82.689.713/0001-89",2026-08-03 08:38:00.000,
3840,Empresa FictÃ­cia 3840,"82.690.730/0001-90",2026-08-03 08:38:00.000,
3841,Empresa FictÃ­cia 3841,"82.691.747/0001-91",2026-08-03 08:38:00.000,
3842,Empresa FictÃ­cia 3842,"82.692.764/0001-92",2026-08-03 08:38:00.000,
3843,Empresa FictÃ­cia 3843,"82.693.781/0001-93",2026-08-03 08:38:00.000,
3844,Empresa FictÃ­cia 3844,"82.694.798/0001-94",2026-08-03 08:38:00.000,
3845,Empresa FictÃ­cia 3845,"82.695.815/0001-95",2026-08-03 08:38:00.000,
3846,Empresa FictÃ­cia 3846,"82.696.832/0001-96",2026-08-03 08:38:00.000,
3847,Empresa FictÃ­cia 3847,"82.697.849/0001-97",2026-08-03 08:38:00.000,
3848,Empresa FictÃ­cia 3848,"82.698.866/0001-98",2026-08-03 08:38:00.000,
3849,Empresa FictÃ­cia 3849,"82.699.883/0001-99",2026-08-03 08:38:00.000,
3850,Empresa FictÃ­cia 3850,"82.700.900/0001-00",2026-08-03 08:38:00.000,
3851,Empresa FictÃ­cia 3851,"82.701.917/0001-01",2026-08-03 08:38:00.000,
3852,Empresa FictÃ­cia 3852,"82.702.934/0001-02",2026-08-03 08:38:00.000,
3853,Empresa FictÃ­cia 3853,"82.703.951/0001-03",2026-08-03 08:38:00.000,
3854,Empresa FictÃ­cia 3854,"82.704.968/0001-04",2026-08-03 08:38:00.000,
3855,Empresa FictÃ­cia 3855,"82.705.985/0001-05",2026-08-03 08:38:00.000,
3856,Empresa FictÃ­cia 3856,"82.706.002/0001-06",2026-08-03 08:38:00.000,
3857,Empresa FictÃ­cia 3857,"82.707.019/0001-07",2026-08-03 08:38:00.000,
3858,Empresa FictÃ­cia 3858,"82.708.036/0001-08",2026-08-03 08:38:00.000,
3859,Empresa FictÃ­cia 3859,"82.709.053/0001-09",2026-08-03 08:38:00.000,
3860,Empresa FictÃ­cia 3860,"82.710.070/0001-10",2026-08-03 08:38:00.000,
3861,Empresa FictÃ­cia 3861,"82.711.087/0001-11",2026-08-03 08:38:00.000,
3862,Empresa FictÃ­cia 3862,"82.712.104/0001-12",2026-08-03 08:38:00.000,
3863,Empresa FictÃ­cia 3863,"82.713.121/0001-13",2026-08-03 08:38:00.000,
3864,Empresa FictÃ­cia 3864,"82.714.138/0001-14",2026-08-03 08:38:00.000,
3865,Empresa FictÃ­cia 3865,"82.715.155/0001-15",2026-08-03 08:38:00.000,
3866,Empresa FictÃ­cia 3866,"82.716.172/0001-16",2026-08-03 08:38:00.000,
3867,Empresa FictÃ­cia 3867,"82.717.189/0001-17",2026-08-03 08:38:00.000,
3868,Empresa FictÃ­cia 3868,"82.718.206/0001-18",2026-08-03 08:38:00.000,
3869,Empresa FictÃ­cia 3869,"82.719.223/0001-19",2026-08-03 08:38:00.000,
3870,Empresa FictÃ­cia 3870,"82.720.240/0001-20",2026-08-03 08:38:00.000,
3871,Empresa FictÃ­cia 3871,"82.721.257/0001-21",2026-08-03 08:38:00.000,
3872,Empresa FictÃ­cia 3872,"82.722.274/0001-22",2026-08-03 08:38:00.000,
3873,Empresa FictÃ­cia 3873,"82.723.291/0001-23",2026-08-03 08:38:00.000,
3874,Empresa FictÃ­cia 3874,"82.724.308/0001-24",2026-08-03 08:38:00.000,
3875,Empresa FictÃ­cia 3875,"82.725.325/0001-25",2026-08-03 08:38:00.000,
3876,Empresa FictÃ­cia 3876,"82.726.342/0001-26",2026-08-03 08:38:00.000,
3877,Empresa FictÃ­cia 3877,"82.727.359/0001-27",2026-08-03 08:38:00.000,
3878,Empresa FictÃ­cia 3878,"82.728.376/0001-28",2026-08-03 08:38:00.000,
3879,Empresa FictÃ­cia 3879,"82.729.393/0001-29",2026-08-03 08:38:00.000,
3880,Empresa FictÃ­cia 3880,"82.730.410/0001-30",2026-08-03 08:38:00.000,
3881,Empresa FictÃ­cia 3881,"82.731.427/0001-31",2026-08-03 08:38:00.000,
3882,Empresa FictÃ­cia 3882,"82.732.444/0001-32",2026-08-03 08:38:00.000,
3883,Empresa FictÃ­cia 3883,"82.733.461/0001-33",2026-08-03 08:38:00.000,
3884,Empresa FictÃ­cia 3884,"82.734.478/0001-34",2026-08-03 08:38:00.000,
3885,Empresa FictÃ­cia 3885,"82.735.495/0001-35",2026-08-03 08:38:00.000,
3886,Empresa FictÃ­cia 3886,"82.736.512/0001-36",2026-08-03 08:38:00.000,
3887,Empresa FictÃ­cia 3887,"82.737.529/0001-37",2026-08-03 08:38:00.000,
3888,Empresa FictÃ­cia 3888,"82.738.546/0001-38",2026-08-03 08:38:00.000,
3889,Empresa FictÃ­cia 3889,"82.739.563/0001-39",2026-08-03 08:38:00.000,
3890,Empresa FictÃ­cia 3890,"82.740.580/0001-40",2026-08-03 08:38:00.000,
3891,Empresa FictÃ­cia 3891,"82.741.597/0001-41",2026-08-03 08:38:00.000,
3892,Empresa FictÃ­cia 3892,"82.742.614/0001-42",2026-08-03 08:38:00.000,
3893,Empresa FictÃ­cia 3893,"82.743.631/0001-43",2026-08-03 08:38:00.000,
3894,Empresa FictÃ­cia 3894,"82.744.648/0001-44",2026-08-03 08:38:00.000,
3895,Empresa FictÃ­cia 3895,"82.745.665/0001-45",2026-08-03 08:38:00.000,
3896,Empresa FictÃ­cia 3896,"82.746.682/0001-46",2026-08-03 08:38:00.000,
3897,Empresa FictÃ­cia 3897,"82.747.699/0001-47",2026-08-03 08:38:00.000,
3898,Empresa FictÃ­cia 3898,"82.748.716/0001-48",2026-08-03 08:38:00.000,
3899,Empresa FictÃ­cia 3899,"82.749.733/0001-49",2026-08-03 08:38:00.000,
3900,Empresa FictÃ­cia 3900,"82.750.750/0001-50",2026-08-03 08:38:00.000,
3901,Empresa FictÃ­cia 3901,"82.751.767/0001-51",2026-08-03 08:38:00.000,
3902,Empresa FictÃ­cia 3902,"82.752.784/0001-52",2026-08-03 08:38:00.000,
3903,Empresa FictÃ­cia 3903,"82.753.801/0001-53",2026-08-03 08:38:00.000,
3904,Empresa FictÃ­cia 3904,"82.754.818/0001-54",2026-08-03 08:38:00.000,
3905,Empresa FictÃ­cia 3905,"82.755.835/0001-55",2026-08-03 08:38:00.000,
3906,Empresa FictÃ­cia 3906,"82.756.852/0001-56",2026-08-03 08:38:00.000,
3907,Empresa FictÃ­cia 3907,"82.757.869/0001-57",2026-08-03 08:38:00.000,
3908,Empresa FictÃ­cia 3908,"82.758.886/0001-58",2026-08-03 08:38:00.000,
3909,Empresa FictÃ­cia 3909,"82.759.903/0001-59",2026-08-03 08:38:00.000,
3910,Empresa FictÃ­cia 3910,"82.760.920/0001-60",2026-08-03 08:38:00.000,
3911,Empresa FictÃ­cia 3911,"82.761.937/0001-61",2026-08-03 08:38:00.000,
3912,Empresa FictÃ­cia 3912,"82.762.954/0001-62",2026-08-03 08:38:00.000,
3913,Empresa FictÃ­cia 3913,"82.763.971/0001-63",2026-08-03 08:38:00.000,
3914,Empresa FictÃ­cia 3914,"82.764.988/0001-64",2026-08-03 08:38:00.000,
3915,Empresa FictÃ­cia 3915,"82.765.005/0001-65",2026-08-03 08:38:00.000,
3916,Empresa FictÃ­cia 3916,"82.766.022/0001-66",2026-08-03 08:38:00.000,
3917,Empresa FictÃ­cia 3917,"82.767.039/0001-67",2026-08-03 08:38:00.000,
3918,Empresa FictÃ­cia 3918,"82.768.056/0001-68",2026-08-03 08:38:00.000,
3919,Empresa FictÃ­cia 3919,"82.769.073/0001-69",2026-08-03 08:38:00.000,
3920,Empresa FictÃ­cia 3920,"82.770.090/0001-70",2026-08-03 08:38:00.000,
3921,Empresa FictÃ­cia 3921,"82.771.107/0001-71",2026-08-03 08:38:00.000,
3922,Empresa FictÃ­cia 3922,"82.772.124/0001-72",2026-08-03 08:38:00.000,
3923,Empresa FictÃ­cia 3923,"82.773.141/0001-73",2026-08-03 08:38:00.000,
3924,Empresa FictÃ­cia 3924,"82.774.158/0001-74",2026-08-03 08:38:00.000,
3925,Empresa FictÃ­cia 3925,"82.775.175/0001-75",2026-08-03 08:38:00.000,
3926,Empresa FictÃ­cia 3926,"82.776.192/0001-76",2026-08-03 08:38:00.000,
3927,Empresa FictÃ­cia 3927,"82.777.209/0001-77",2026-08-03 08:38:00.000,
3928,Empresa FictÃ­cia 3928,"82.778.226/0001-78",2026-08-03 08:38:00.000,
3929,Empresa FictÃ­cia 3929,"82.779.243/0001-79",2026-08-03 08:38:00.000,
3930,Empresa FictÃ­cia 3930,"82.780.260/0001-80",2026-08-03 08:38:00.000,
3931,Empresa FictÃ­cia 3931,"82.781.277/0001-81",2026-08-03 08:38:00.000,
3932,Empresa FictÃ­cia 3932,"82.782.294/0001-82",2026-08-03 08:38:00.000,
3933,Empresa FictÃ­cia 3933,"82.783.311/0001-83",2026-08-03 08:38:00.000,
3934,Empresa FictÃ­cia 3934,"82.784.328/0001-84",2026-08-03 08:38:00.000,
3935,Empresa FictÃ­cia 3935,"82.785.345/0001-85",2026-08-03 08:38:00.000,
3936,Empresa FictÃ­cia 3936,"82.786.362/0001-86",2026-08-03 08:38:00.000,
3937,Empresa FictÃ­cia 3937,"82.787.379/0001-87",2026-08-03 08:38:00.000,
3938,Empresa FictÃ­cia 3938,"82.788.396/0001-88",2026-08-03 08:38:00.000,
3939,Empresa FictÃ­cia 3939,"82.789.413/0001-89",2026-08-03 08:38:00.000,
3940,Empresa FictÃ­cia 3940,"82.790.430/0001-90",2026-08-03 08:38:00.000,
3941,Empresa FictÃ­cia 3941,"82.791.447/0001-91",2026-08-03 08:38:00.000,
3942,Empresa FictÃ­cia 3942,"82.792.464/0001-92",2026-08-03 08:38:00.000,
3943,Empresa FictÃ­cia 3943,"82.793.481/0001-93",2026-08-03 08:38:00.000,
3944,Empresa FictÃ­cia 3944,"82.794.498/0001-94",2026-08-03 08:38:00.000,
3945,Empresa FictÃ­cia 3945,"82.795.515/0001-95",2026-08-03 08:38:00.000,
3946,Empresa FictÃ­cia 3946,"82.796.532/0001-96",2026-08-03 08:38:00.000,
3947,Empresa FictÃ­cia 3947,"82.797.549/0001-97",2026-08-03 08:38:00.000,
3948,Empresa FictÃ­cia 3948,"82.798.566/0001-98",2026-08-03 08:38:00.000,
3949,Empresa FictÃ­cia 3949,"82.799.583/0001-99",2026-08-03 08:38:00.000,
3950,Empresa FictÃ­cia 3950,"82.800.600/0001-00",2026-08-03 08:38:00.000,
3951,Empresa FictÃ­cia 3951,"82.801.617/0001-01",2026-08-03 08:38:00.000,
3952,Empresa FictÃ­cia 3952,"82.802.634/0001-02",2026-08-03 08:38:00.000,
3953,Empresa FictÃ­cia 3953,"82.803.651/0001-03",2026-08-03 08:38:00.000,
3954,Empresa FictÃ­cia 3954,"82.804.668/0001-04",2026-08-03 08:38:00.000,
3955,Empresa FictÃ­cia 3955,"82.805.685/0001-05",2026-08-03 08:38:00.000,
3956,Empresa FictÃ­cia 3956,"82.806.702/0001-06",2026-08-03 08:38:00.000,
3957,Empresa FictÃ­cia 3957,"82.807.719/0001-07",2026-08-03 08:38:00.000,
3958,Empresa FictÃ­cia 3958,"82.808.736/0001-08",2026-08-03 08:38:00.000,
3959,Empresa FictÃ­cia 3959,"82.809.753/0001-09",2026-08-03 08:38:00.000,
3960,Empresa FictÃ­cia 3960,"82.810.770/0001-10",2026-08-03 08:38:00.000,
3961,Empresa FictÃ­cia 3961,"82.811.787/0001-11",2026-08-03 08:38:00.000,
3962,Empresa FictÃ­cia 3962,"82.812.804/0001-12",2026-08-03 08:38:00.000,
3963,Empresa FictÃ­cia 3963,"82.813.821/0001-13",2026-08-03 08:38:00.000,
3964,Empresa FictÃ­cia 3964,"82.814.838/0001-14",2026-08-03 08:38:00.000,
3965,Empresa FictÃ­cia 3965,"82.815.855/0001-15",2026-08-03 08:38:00.000,
3966,Empresa FictÃ­cia 3966,"82.816.872/0001-16",2026-08-03 08:38:00.000,
3967,Empresa FictÃ­cia 3967,"82.817.889/0001-17",2026-08-03 08:38:00.000,
3968,Empresa FictÃ­cia 3968,"82.818.906/0001-18",2026-08-03 08:38:00.000,
3969,Empresa FictÃ­cia 3969,"82.819.923/0001-19",2026-08-03 08:38:00.000,
3970,Empresa FictÃ­cia 3970,"82.820.940/0001-20",2026-08-03 08:38:00.000,
3971,Empresa FictÃ­cia 3971,"82.821.957/0001-21",2026-08-03 08:38:00.000,
3972,Empresa FictÃ­cia 3972,"82.822.974/0001-22",2026-08-03 08:38:00.000,
3973,Empresa FictÃ­cia 3973,"82.823.991/0001-23",2026-08-03 08:38:00.000,
3974,Empresa FictÃ­cia 3974,"82.824.008/0001-24",2026-08-03 08:38:00.000,
3975,Empresa FictÃ­cia 3975,"82.825.025/0001-25",2026-08-03 08:38:00.000,
3976,Empresa FictÃ­cia 3976,"82.826.042/0001-26",2026-08-03 08:38:00.000,
3977,Empresa FictÃ­cia 3977,"82.827.059/0001-27",2026-08-03 08:38:00.000,
3978,Empresa FictÃ­cia 3978,"82.828.076/0001-28",2026-08-03 08:38:00.000,
3979,Empresa FictÃ­cia 3979,"82.829.093/0001-29",2026-08-03 08:38:00.000,
3980,Empresa FictÃ­cia 3980,"82.830.110/0001-30",2026-08-03 08:38:00.000,
3981,Empresa FictÃ­cia 3981,"82.831.127/0001-31",2026-08-03 08:38:00.000,
3982,Empresa FictÃ­cia 3982,"82.832.144/0001-32",2026-08-03 08:38:00.000,
3983,Empresa FictÃ­cia 3983,"82.833.161/0001-33",2026-08-03 08:38:00.000,
3984,Empresa FictÃ­cia 3984,"82.834.178/0001-34",2026-08-03 08:38:00.000,
3985,Empresa FictÃ­cia 3985,"82.835.195/0001-35",2026-08-03 08:38:00.000,
3986,Empresa FictÃ­cia 3986,"82.836.212/0001-36",2026-08-03 08:38:00.000,
3987,Empresa FictÃ­cia 3987,"82.837.229/0001-37",2026-08-03 08:38:00.000,
3988,Empresa FictÃ­cia 3988,"82.838.246/0001-38",2026-08-03 08:38:00.000,
3989,Empresa FictÃ­cia 3989,"82.839.263/0001-39",2026-08-03 08:38:00.000,
3990,Empresa FictÃ­cia 3990,"82.840.280/0001-40",2026-08-03 08:38:00.000,
3991,Empresa FictÃ­cia 3991,"82.841.297/0001-41",2026-08-03 08:38:00.000,
3992,Empresa FictÃ­cia 3992,"82.842.314/0001-42",2026-08-03 08:38:00.000,
3993,Empresa FictÃ­cia 3993,"82.843.331/0001-43",2026-08-03 08:38:00.000,
3994,Empresa FictÃ­cia 3994,"82.844.348/0001-44",2026-08-03 08:38:00.000,
3995,Empresa FictÃ­cia 3995,"82.845.365/0001-45",2026-08-03 08:38:00.000,
3996,Empresa FictÃ­cia 3996,"82.846.382/0001-46",2026-08-03 08:38:00.000,
3997,Empresa FictÃ­cia 3997,"82.847.399/0001-47",2026-08-03 08:38:00.000,
3998,Empresa FictÃ­cia 3998,"82.848.416/0001-48",2026-08-03 08:38:00.000,
3999,Empresa FictÃ­cia 3999,"82.849.433/0001-49",2026-08-03 08:38:00.000,
4000,Empresa FictÃ­cia 4000,"82.850.450/0001-50",2026-08-03 08:38:00.000,
4001,Empresa FictÃ­cia 4001,"82.851.467/0001-51",2026-08-03 08:38:00.000,
4002,Empresa FictÃ­cia 4002,"82.852.484/0001-52",2026-08-03 08:38:00.000,
4003,Empresa FictÃ­cia 4003,"82.853.501/0001-53",2026-08-03 08:38:00.000,
4004,Empresa FictÃ­cia 4004,"82.854.518/0001-54",2026-08-03 08:38:00.000,
4005,Empresa FictÃ­cia 4005,"82.855.535/0001-55",2026-08-03 08:38:00.000,
4006,Empresa FictÃ­cia 4006,"82.856.552/0001-56",2026-08-03 08:38:00.000,
4007,Empresa FictÃ­cia 4007,"82.857.569/0001-57",2026-08-03 08:38:00.000,
4008,Empresa FictÃ­cia 4008,"82.858.586/0001-58",2026-08-03 08:38:00.000,
4009,Empresa FictÃ­cia 4009,"82.859.603/0001-59",2026-08-03 08:38:00.000,
4010,Empresa FictÃ­cia 4010,"82.860.620/0001-60",2026-08-03 08:38:00.000,
4011,Empresa FictÃ­cia 4011,"82.861.637/0001-61",2026-08-03 08:38:00.000,
4012,Empresa FictÃ­cia 4012,"82.862.654/0001-62",2026-08-03 08:38:00.000,
4013,Empresa FictÃ­cia 4013,"82.863.671/0001-63",2026-08-03 08:38:00.000,
4014,Empresa FictÃ­cia 4014,"82.864.688/0001-64",2026-08-03 08:38:00.000,
4015,Empresa FictÃ­cia 4015,"82.865.705/0001-65",2026-08-03 08:38:00.000,
4016,Empresa FictÃ­cia 4016,"82.866.722/0001-66",2026-08-03 08:38:00.000,
4017,Empresa FictÃ­cia 4017,"82.867.739/0001-67",2026-08-03 08:38:00.000,
4018,Empresa FictÃ­cia 4018,"82.868.756/0001-68",2026-08-03 08:38:00.000,
4019,Empresa FictÃ­cia 4019,"82.869.773/0001-69",2026-08-03 08:38:00.000,
4020,Empresa FictÃ­cia 4020,"82.870.790/0001-70",2026-08-03 08:38:00.000,
4021,Empresa FictÃ­cia 4021,"82.871.807/0001-71",2026-08-03 08:38:00.000,
4022,Empresa FictÃ­cia 4022,"82.872.824/0001-72",2026-08-03 08:38:00.000,
4023,Empresa FictÃ­cia 4023,"82.873.841/0001-73",2026-08-03 08:38:00.000,
4024,Empresa FictÃ­cia 4024,"82.874.858/0001-74",2026-08-03 08:38:00.000,
4025,Empresa FictÃ­cia 4025,"82.875.875/0001-75",2026-08-03 08:38:00.000,
4026,Empresa FictÃ­cia 4026,"82.876.892/0001-76",2026-08-03 08:38:00.000,
4027,Empresa FictÃ­cia 4027,"82.877.909/0001-77",2026-08-03 08:38:00.000,
4028,Empresa FictÃ­cia 4028,"82.878.926/0001-78",2026-08-03 08:38:00.000,
4029,Empresa FictÃ­cia 4029,"82.879.943/0001-79",2026-08-03 08:38:00.000,
4030,Empresa FictÃ­cia 4030,"82.880.960/0001-80",2026-08-03 08:38:00.000,
4031,Empresa FictÃ­cia 4031,"82.881.977/0001-81",2026-08-03 08:38:00.000,
4032,Empresa FictÃ­cia 4032,"82.882.994/0001-82",2026-08-03 08:38:00.000,
4033,Empresa FictÃ­cia 4033,"82.883.011/0001-83",2026-08-03 08:38:00.000,
4034,Empresa FictÃ­cia 4034,"82.884.028/0001-84",2026-08-03 08:38:00.000,
4035,Empresa FictÃ­cia 4035,"82.885.045/0001-85",2026-08-03 08:38:00.000,
4036,Empresa FictÃ­cia 4036,"82.886.062/0001-86",2026-08-03 08:38:00.000,
4037,Empresa FictÃ­cia 4037,"82.887.079/0001-87",2026-08-03 08:38:00.000,
4038,Empresa FictÃ­cia 4038,"82.888.096/0001-88",2026-08-03 08:38:00.000,
4039,Empresa FictÃ­cia 4039,"82.889.113/0001-89",2026-08-03 08:38:00.000,
4040,Empresa FictÃ­cia 4040,"82.890.130/0001-90",2026-08-03 08:38:00.000,
4041,Empresa FictÃ­cia 4041,"82.891.147/0001-91",2026-08-03 08:38:00.000,
4042,Empresa FictÃ­cia 4042,"82.892.164/0001-92",2026-08-03 08:38:00.000,
4043,Empresa FictÃ­cia 4043,"82.893.181/0001-93",2026-08-03 08:38:00.000,
4044,Empresa FictÃ­cia 4044,"82.894.198/0001-94",2026-08-03 08:38:00.000,
4045,Empresa FictÃ­cia 4045,"82.895.215/0001-95",2026-08-03 08:38:00.000,
4046,Empresa FictÃ­cia 4046,"82.896.232/0001-96",2026-08-03 08:38:00.000,
4047,Empresa FictÃ­cia 4047,"82.897.249/0001-97",2026-08-03 08:38:00.000,
4048,Empresa FictÃ­cia 4048,"82.898.266/0001-98",2026-08-03 08:38:00.000,
4049,Empresa FictÃ­cia 4049,"82.899.283/0001-99",2026-08-03 08:38:00.000,
4050,Empresa FictÃ­cia 4050,"82.900.300/0001-00",2026-08-03 08:38:00.000,
4051,Empresa FictÃ­cia 4051,"82.901.317/0001-01",2026-08-03 08:38:00.000,
4052,Empresa FictÃ­cia 4052,"82.902.334/0001-02",2026-08-03 08:38:00.000,
4053,Empresa FictÃ­cia 4053,"82.903.351/0001-03",2026-08-03 08:38:00.000,
4054,Empresa FictÃ­cia 4054,"82.904.368/0001-04",2026-08-03 08:38:00.000,
4055,Empresa FictÃ­cia 4055,"82.905.385/0001-05",2026-08-03 08:38:00.000,
4056,Empresa FictÃ­cia 4056,"82.906.402/0001-06",2026-08-03 08:38:00.000,
4057,Empresa FictÃ­cia 4057,"82.907.419/0001-07",2026-08-03 08:38:00.000,
4058,Empresa FictÃ­cia 4058,"82.908.436/0001-08",2026-08-03 08:38:00.000,
4059,Empresa FictÃ­cia 4059,"82.909.453/0001-09",2026-08-03 08:38:00.000,
4060,Empresa FictÃ­cia 4060,"82.910.470/0001-10",2026-08-03 08:38:00.000,
4061,Empresa FictÃ­cia 4061,"82.911.487/0001-11",2026-08-03 08:38:00.000,
4062,Empresa FictÃ­cia 4062,"82.912.504/0001-12",2026-08-03 08:38:00.000,
4063,Empresa FictÃ­cia 4063,"82.913.521/0001-13",2026-08-03 08:38:00.000,
4064,Empresa FictÃ­cia 4064,"82.914.538/0001-14",2026-08-03 08:38:00.000,
4065,Empresa FictÃ­cia 4065,"82.915.555/0001-15",2026-08-03 08:38:00.000,
4066,Empresa FictÃ­cia 4066,"82.916.572/0001-16",2026-08-03 08:38:00.000,
4067,Empresa FictÃ­cia 4067,"82.917.589/0001-17",2026-08-03 08:38:00.000,
4068,Empresa FictÃ­cia 4068,"82.918.606/0001-18",2026-08-03 08:38:00.000,
4069,Empresa FictÃ­cia 4069,"82.919.623/0001-19",2026-08-03 08:38:00.000,
4070,Empresa FictÃ­cia 4070,"82.920.640/0001-20",2026-08-03 08:38:00.000,
4071,Empresa FictÃ­cia 4071,"82.921.657/0001-21",2026-08-03 08:38:00.000,
4072,Empresa FictÃ­cia 4072,"82.922.674/0001-22",2026-08-03 08:38:00.000,
4073,Empresa FictÃ­cia 4073,"82.923.691/0001-23",2026-08-03 08:38:00.000,
4074,Empresa FictÃ­cia 4074,"82.924.708/0001-24",2026-08-03 08:38:00.000,
4075,Empresa FictÃ­cia 4075,"82.925.725/0001-25",2026-08-03 08:38:00.000,
4076,Empresa FictÃ­cia 4076,"82.926.742/0001-26",2026-08-03 08:38:00.000,
4077,Empresa FictÃ­cia 4077,"82.927.759/0001-27",2026-08-03 08:38:00.000,
4078,Empresa FictÃ­cia 4078,"82.928.776/0001-28",2026-08-03 08:38:00.000,
4079,Empresa FictÃ­cia 4079,"82.929.793/0001-29",2026-08-03 08:38:00.000,
4080,Empresa FictÃ­cia 4080,"82.930.810/0001-30",2026-08-03 08:38:00.000,
4081,Empresa FictÃ­cia 4081,"82.931.827/0001-31",2026-08-03 08:38:00.000,
4082,Empresa FictÃ­cia 4082,"82.932.844/0001-32",2026-08-03 08:38:00.000,
4083,Empresa FictÃ­cia 4083,"82.933.861/0001-33",2026-08-03 08:38:00.000,
4084,Empresa FictÃ­cia 4084,"82.934.878/0001-34",2026-08-03 08:38:00.000,
4085,Empresa FictÃ­cia 4085,"82.935.895/0001-35",2026-08-03 08:38:00.000,
4086,Empresa FictÃ­cia 4086,"82.936.912/0001-36",2026-08-03 08:38:00.000,
4087,Empresa FictÃ­cia 4087,"82.937.929/0001-37",2026-08-03 08:38:00.000,
4088,Empresa FictÃ­cia 4088,"82.938.946/0001-38",2026-08-03 08:38:00.000,
4089,Empresa FictÃ­cia 4089,"82.939.963/0001-39",2026-08-03 08:38:00.000,
4090,Empresa FictÃ­cia 4090,"82.940.980/0001-40",2026-08-03 08:38:00.000,
4091,Empresa FictÃ­cia 4091,"82.941.997/0001-41",2026-08-03 08:38:00.000,
4092,Empresa FictÃ­cia 4092,"82.942.014/0001-42",2026-08-03 08:38:00.000,
4093,Empresa FictÃ­cia 4093,"82.943.031/0001-43",2026-08-03 08:38:00.000,
4094,Empresa FictÃ­cia 4094,"82.944.048/0001-44",2026-08-03 08:38:00.000,
4095,Empresa FictÃ­cia 4095,"82.945.065/0001-45",2026-08-03 08:38:00.000,
4096,Empresa FictÃ­cia 4096,"82.946.082/0001-46",2026-08-03 08:38:00.000,
4097,Empresa FictÃ­cia 4097,"82.947.099/0001-47",2026-08-03 08:38:00.000,
4098,Empresa FictÃ­cia 4098,"82.948.116/0001-48",2026-08-03 08:38:00.000,
4099,Empresa FictÃ­cia 4099,"82.949.133/0001-49",2026-08-03 08:38:00.000,
4100,Empresa FictÃ­cia 4100,"82.950.150/0001-50",2026-08-03 08:38:00.000,
4101,Empresa FictÃ­cia 4101,"82.951.167/0001-51",2026-08-03 08:38:00.000,
4102,Empresa FictÃ­cia 4102,"82.952.184/0001-52",2026-08-03 08:38:00.000,
4103,Empresa FictÃ­cia 4103,"82.953.201/0001-53",2026-08-03 08:38:00.000,
4104,Empresa FictÃ­cia 4104,"82.954.218/0001-54",2026-08-03 08:38:00.000,
4105,Empresa FictÃ­cia 4105,"82.955.235/0001-55",2026-08-03 08:38:00.000,
4106,Empresa FictÃ­cia 4106,"82.956.252/0001-56",2026-08-03 08:38:00.000,
4107,Empresa FictÃ­cia 4107,"82.957.269/0001-57",2026-08-03 08:38:00.000,
4108,Empresa FictÃ­cia 4108,"82.958.286/0001-58",2026-08-03 08:38:00.000,
4109,Empresa FictÃ­cia 4109,"82.959.303/0001-59",2026-08-03 08:38:00.000,
4110,Empresa FictÃ­cia 4110,"82.960.320/0001-60",2026-08-03 08:38:00.000,
4111,Empresa FictÃ­cia 4111,"82.961.337/0001-61",2026-08-03 08:38:00.000,
4112,Empresa FictÃ­cia 4112,"82.962.354/0001-62",2026-08-03 08:38:00.000,
4113,Empresa FictÃ­cia 4113,"82.963.371/0001-63",2026-08-03 08:38:00.000,
4114,Empresa FictÃ­cia 4114,"82.964.388/0001-64",2026-08-03 08:38:00.000,
4115,Empresa FictÃ­cia 4115,"82.965.405/0001-65",2026-08-03 08:38:00.000,
4116,Empresa FictÃ­cia 4116,"82.966.422/0001-66",2026-08-03 08:38:00.000,
4117,Empresa FictÃ­cia 4117,"82.967.439/0001-67",2026-08-03 08:38:00.000,
4118,Empresa FictÃ­cia 4118,"82.968.456/0001-68",2026-08-03 08:38:00.000,
4119,Empresa FictÃ­cia 4119,"82.969.473/0001-69",2026-08-03 08:38:00.000,
4120,Empresa FictÃ­cia 4120,"82.970.490/0001-70",2026-08-03 08:38:00.000,
4121,Empresa FictÃ­cia 4121,"82.971.507/0001-71",2026-08-03 08:38:00.000,
4122,Empresa FictÃ­cia 4122,"82.972.524/0001-72",2026-08-03 08:38:00.000,
4123,Empresa FictÃ­cia 4123,"82.973.541/0001-73",2026-08-03 08:38:00.000,
4124,Empresa FictÃ­cia 4124,"82.974.558/0001-74",2026-08-03 08:38:00.000,
4125,Empresa FictÃ­cia 4125,"82.975.575/0001-75",2026-08-03 08:38:00.000,
4126,Empresa FictÃ­cia 4126,"82.976.592/0001-76",2026-08-03 08:38:00.000,
4127,Empresa FictÃ­cia 4127,"82.977.609/0001-77",2026-08-03 08:38:00.000,
4128,Empresa FictÃ­cia 4128,"82.978.626/0001-78",2026-08-03 08:38:00.000,
4129,Empresa FictÃ­cia 4129,"82.979.643/0001-79",2026-08-03 08:38:00.000,
4130,Empresa FictÃ­cia 4130,"82.980.660/0001-80",2026-08-03 08:38:00.000,
4131,Empresa FictÃ­cia 4131,"82.981.677/0001-81",2026-08-03 08:38:00.000,
4132,Empresa FictÃ­cia 4132,"82.982.694/0001-82",2026-08-03 08:38:00.000,
4133,Empresa FictÃ­cia 4133,"82.983.711/0001-83",2026-08-03 08:38:00.000,
4134,Empresa FictÃ­cia 4134,"82.984.728/0001-84",2026-08-03 08:38:00.000,
4135,Empresa FictÃ­cia 4135,"82.985.745/0001-85",2026-08-03 08:38:00.000,
4136,Empresa FictÃ­cia 4136,"82.986.762/0001-86",2026-08-03 08:38:00.000,
4137,Empresa FictÃ­cia 4137,"82.987.779/0001-87",2026-08-03 08:38:00.000,
4138,Empresa FictÃ­cia 4138,"82.988.796/0001-88",2026-08-03 08:38:00.000,
4139,Empresa FictÃ­cia 4139,"82.989.813/0001-89",2026-08-03 08:38:00.000,
4140,Empresa FictÃ­cia 4140,"82.990.830/0001-90",2026-08-03 08:38:00.000,
4141,Empresa FictÃ­cia 4141,"82.991.847/0001-91",2026-08-03 08:38:00.000,
4142,Empresa FictÃ­cia 4142,"82.992.864/0001-92",2026-08-03 08:38:00.000,
4143,Empresa FictÃ­cia 4143,"82.993.881/0001-93",2026-08-03 08:38:00.000,
4144,Empresa FictÃ­cia 4144,"82.994.898/0001-94",2026-08-03 08:38:00.000,
4145,Empresa FictÃ­cia 4145,"82.995.915/0001-95",2026-08-03 08:38:00.000,
4146,Empresa FictÃ­cia 4146,"82.996.932/0001-96",2026-08-03 08:38:00.000,
4147,Empresa FictÃ­cia 4147,"82.997.949/0001-97",2026-08-03 08:38:00.000,
4148,Empresa FictÃ­cia 4148,"82.998.966/0001-98",2026-08-03 08:38:00.000,
4149,Empresa FictÃ­cia 4149,"82.999.983/0001-99",2026-08-03 08:38:00.000,
4150,Empresa FictÃ­cia 4150,"83.000.000/0001-00",2026-08-03 08:38:00.000,
4151,Empresa FictÃ­cia 4151,"83.001.017/0001-01",2026-08-03 08:38:00.000,
4152,Empresa FictÃ­cia 4152,"83.002.034/0001-02",2026-08-03 08:38:00.000,
4153,Empresa FictÃ­cia 4153,"83.003.051/0001-03",2026-08-03 08:38:00.000,
4154,Empresa FictÃ­cia 4154,"83.004.068/0001-04",2026-08-03 08:38:00.000,
4155,Empresa FictÃ­cia 4155,"83.005.085/0001-05",2026-08-03 08:38:00.000,
4156,Empresa FictÃ­cia 4156,"83.006.102/0001-06",2026-08-03 08:38:00.000,
4157,Empresa FictÃ­cia 4157,"83.007.119/0001-07",2026-08-03 08:38:00.000,
4158,Empresa FictÃ­cia 4158,"83.008.136/0001-08",2026-08-03 08:38:00.000,
4159,Empresa FictÃ­cia 4159,"83.009.153/0001-09",2026-08-03 08:38:00.000,
4160,Empresa FictÃ­cia 4160,"83.010.170/0001-10",2026-08-03 08:38:00.000,
4161,Empresa FictÃ­cia 4161,"83.011.187/0001-11",2026-08-03 08:38:00.000,
4162,Empresa FictÃ­cia 4162,"83.012.204/0001-12",2026-08-03 08:38:00.000,
4163,Empresa FictÃ­cia 4163,"83.013.221/0001-13",2026-08-03 08:38:00.000,
4164,Empresa FictÃ­cia 4164,"83.014.238/0001-14",2026-08-03 08:38:00.000,
4165,Empresa FictÃ­cia 4165,"83.015.255/0001-15",2026-08-03 08:38:00.000,
4166,Empresa FictÃ­cia 4166,"83.016.272/0001-16",2026-08-03 08:38:00.000,
4167,Empresa FictÃ­cia 4167,"83.017.289/0001-17",2026-08-03 08:38:00.000,
4168,Empresa FictÃ­cia 4168,"83.018.306/0001-18",2026-08-03 08:38:00.000,
4169,Empresa FictÃ­cia 4169,"83.019.323/0001-19",2026-08-03 08:38:00.000,
4170,Empresa FictÃ­cia 4170,"83.020.340/0001-20",2026-08-03 08:38:00.000,
4171,Empresa FictÃ­cia 4171,"83.021.357/0001-21",2026-08-03 08:38:00.000,
4172,Empresa FictÃ­cia 4172,"83.022.374/0001-22",2026-08-03 08:38:00.000,
4173,Empresa FictÃ­cia 4173,"83.023.391/0001-23",2026-08-03 08:38:00.000,
4174,Empresa FictÃ­cia 4174,"83.024.408/0001-24",2026-08-03 08:38:00.000,
4175,Empresa FictÃ­cia 4175,"83.025.425/0001-25",2026-08-03 08:38:00.000,
4176,Empresa FictÃ­cia 4176,"83.026.442/0001-26",2026-08-03 08:38:00.000,
4177,Empresa FictÃ­cia 4177,"83.027.459/0001-27",2026-08-03 08:38:00.000,
4178,Empresa FictÃ­cia 4178,"83.028.476/0001-28",2026-08-03 08:38:00.000,
4179,Empresa FictÃ­cia 4179,"83.029.493/0001-29",2026-08-03 08:38:00.000,
4180,Empresa FictÃ­cia 4180,"83.030.510/0001-30",2026-08-03 08:38:00.000,
4181,Empresa FictÃ­cia 4181,"83.031.527/0001-31",2026-08-03 08:38:00.000,
4182,Empresa FictÃ­cia 4182,"83.032.544/0001-32",2026-08-03 08:38:00.000,
4183,Empresa FictÃ­cia 4183,"83.033.561/0001-33",2026-08-03 08:38:00.000,
4184,Empresa FictÃ­cia 4184,"83.034.578/0001-34",2026-08-03 08:38:00.000,
4185,Empresa FictÃ­cia 4185,"83.035.595/0001-35",2026-08-03 08:38:00.000,
4186,Empresa FictÃ­cia 4186,"83.036.612/0001-36",2026-08-03 08:38:00.000,
4187,Empresa FictÃ­cia 4187,"83.037.629/0001-37",2026-08-03 08:38:00.000,
4188,Empresa FictÃ­cia 4188,"83.038.646/0001-38",2026-08-03 08:38:00.000,
4189,Empresa FictÃ­cia 4189,"83.039.663/0001-39",2026-08-03 08:38:00.000,
4190,Empresa FictÃ­cia 4190,"83.040.680/0001-40",2026-08-03 08:38:00.000,
4191,Empresa FictÃ­cia 4191,"83.041.697/0001-41",2026-08-03 08:38:00.000,
4192,Empresa FictÃ­cia 4192,"83.042.714/0001-42",2026-08-03 08:38:00.000,
4193,Empresa FictÃ­cia 4193,"83.043.731/0001-43",2026-08-03 08:38:00.000,
4194,Empresa FictÃ­cia 4194,"83.044.748/0001-44",2026-08-03 08:38:00.000,
4195,Empresa FictÃ­cia 4195,"83.045.765/0001-45",2026-08-03 08:38:00.000,
4196,Empresa FictÃ­cia 4196,"83.046.782/0001-46",2026-08-03 08:38:00.000,
4197,Empresa FictÃ­cia 4197,"83.047.799/0001-47",2026-08-03 08:38:00.000,
4198,Empresa FictÃ­cia 4198,"83.048.816/0001-48",2026-08-03 08:38:00.000,
4199,Empresa FictÃ­cia 4199,"83.049.833/0001-49",2026-08-03 08:38:00.000,
4200,Empresa FictÃ­cia 4200,"83.050.850/0001-50",2026-08-03 08:38:00.000,
4201,Empresa FictÃ­cia 4201,"83.051.867/0001-51",2026-08-03 08:38:00.000,
4202,Empresa FictÃ­cia 4202,"83.052.884/0001-52",2026-08-03 08:38:00.000,
4203,Empresa FictÃ­cia 4203,"83.053.901/0001-53",2026-08-03 08:38:00.000,
4204,Empresa FictÃ­cia 4204,"83.054.918/0001-54",2026-08-03 08:38:00.000,
4205,Empresa FictÃ­cia 4205,"83.055.935/0001-55",2026-08-03 08:38:00.000,
4206,Empresa FictÃ­cia 4206,"83.056.952/0001-56",2026-08-03 08:38:00.000,
4207,Empresa FictÃ­cia 4207,"83.057.969/0001-57",2026-08-03 08:38:00.000,
4208,Empresa FictÃ­cia 4208,"83.058.986/0001-58",2026-08-03 08:38:00.000,
4209,Empresa FictÃ­cia 4209,"83.059.003/0001-59",2026-08-03 08:38:00.000,
4210,Empresa FictÃ­cia 4210,"83.060.020/0001-60",2026-08-03 08:38:00.000,
4211,Empresa FictÃ­cia 4211,"83.061.037/0001-61",2026-08-03 08:38:00.000,
4212,Empresa FictÃ­cia 4212,"83.062.054/0001-62",2026-08-03 08:38:00.000,
4213,Empresa FictÃ­cia 4213,"83.063.071/0001-63",2026-08-03 08:38:00.000,
4214,Empresa FictÃ­cia 4214,"83.064.088/0001-64",2026-08-03 08:38:00.000,
4215,Empresa FictÃ­cia 4215,"83.065.105/0001-65",2026-08-03 08:38:00.000,
4216,Empresa FictÃ­cia 4216,"83.066.122/0001-66",2026-08-03 08:38:00.000,
4217,Empresa FictÃ­cia 4217,"83.067.139/0001-67",2026-08-03 08:38:00.000,
4218,Empresa FictÃ­cia 4218,"83.068.156/0001-68",2026-08-03 08:38:00.000,
4219,Empresa FictÃ­cia 4219,"83.069.173/0001-69",2026-08-03 08:38:00.000,
4220,Empresa FictÃ­cia 4220,"83.070.190/0001-70",2026-08-03 08:38:00.000,
4221,Empresa FictÃ­cia 4221,"83.071.207/0001-71",2026-08-03 08:38:00.000,
4222,Empresa FictÃ­cia 4222,"83.072.224/0001-72",2026-08-03 08:38:00.000,
4223,Empresa FictÃ­cia 4223,"83.073.241/0001-73",2026-08-03 08:38:00.000,
4224,Empresa FictÃ­cia 4224,"83.074.258/0001-74",2026-08-03 08:38:00.000,
4225,Empresa FictÃ­cia 4225,"83.075.275/0001-75",2026-08-03 08:38:00.000,
4226,Empresa FictÃ­cia 4226,"83.076.292/0001-76",2026-08-03 08:38:00.000,
4227,Empresa FictÃ­cia 4227,"83.077.309/0001-77",2026-08-03 08:38:00.000,
4228,Empresa FictÃ­cia 4228,"83.078.326/0001-78",2026-08-03 08:38:00.000,
4229,Empresa FictÃ­cia 4229,"83.079.343/0001-79",2026-08-03 08:38:00.000,
4230,Empresa FictÃ­cia 4230,"83.080.360/0001-80",2026-08-03 08:38:00.000,
4231,Empresa FictÃ­cia 4231,"83.081.377/0001-81",2026-08-03 08:38:00.000,
4232,Empresa FictÃ­cia 4232,"83.082.394/0001-82",2026-08-03 08:38:00.000,
4233,Empresa FictÃ­cia 4233,"83.083.411/0001-83",2026-08-03 08:38:00.000,
4234,Empresa FictÃ­cia 4234,"83.084.428/0001-84",2026-08-03 08:38:00.000,
4235,Empresa FictÃ­cia 4235,"83.085.445/0001-85",2026-08-03 08:38:00.000,
4236,Empresa FictÃ­cia 4236,"83.086.462/0001-86",2026-08-03 08:38:00.000,
4237,Empresa FictÃ­cia 4237,"83.087.479/0001-87",2026-08-03 08:38:00.000,
4238,Empresa FictÃ­cia 4238,"83.088.496/0001-88",2026-08-03 08:38:00.000,
4239,Empresa FictÃ­cia 4239,"83.089.513/0001-89",2026-08-03 08:38:00.000,
4240,Empresa FictÃ­cia 4240,"83.090.530/0001-90",2026-08-03 08:38:00.000,
4241,Empresa FictÃ­cia 4241,"83.091.547/0001-91",2026-08-03 08:38:00.000,
4242,Empresa FictÃ­cia 4242,"83.092.564/0001-92",2026-08-03 08:38:00.000,
4243,Empresa FictÃ­cia 4243,"83.093.581/0001-93",2026-08-03 08:38:00.000,
4244,Empresa FictÃ­cia 4244,"83.094.598/0001-94",2026-08-03 08:38:00.000,
4245,Empresa FictÃ­cia 4245,"83.095.615/0001-95",2026-08-03 08:38:00.000,
4246,Empresa FictÃ­cia 4246,"83.096.632/0001-96",2026-08-03 08:38:00.000,
4247,Empresa FictÃ­cia 4247,"83.097.649/0001-97",2026-08-03 08:38:00.000,
4248,Empresa FictÃ­cia 4248,"83.098.666/0001-98",2026-08-03 08:38:00.000,
4249,Empresa FictÃ­cia 4249,"83.099.683/0001-99",2026-08-03 08:38:00.000,
4250,Empresa FictÃ­cia 4250,"83.100.700/0001-00",2026-08-03 08:38:00.000,
4251,Empresa FictÃ­cia 4251,"83.101.717/0001-01",2026-08-03 08:38:00.000,
4252,Empresa FictÃ­cia 4252,"83.102.734/0001-02",2026-08-03 08:38:00.000,
4253,Empresa FictÃ­cia 4253,"83.103.751/0001-03",2026-08-03 08:38:00.000,
4254,Empresa FictÃ­cia 4254,"83.104.768/0001-04",2026-08-03 08:38:00.000,
4255,Empresa FictÃ­cia 4255,"83.105.785/0001-05",2026-08-03 08:38:00.000,
4256,Empresa FictÃ­cia 4256,"83.106.802/0001-06",2026-08-03 08:38:00.000,
4257,Empresa FictÃ­cia 4257,"83.107.819/0001-07",2026-08-03 08:38:00.000,
4258,Empresa FictÃ­cia 4258,"83.108.836/0001-08",2026-08-03 08:38:00.000,
4259,Empresa FictÃ­cia 4259,"83.109.853/0001-09",2026-08-03 08:38:00.000,
4260,Empresa FictÃ­cia 4260,"83.110.870/0001-10",2026-08-03 08:38:00.000,
4261,Empresa FictÃ­cia 4261,"83.111.887/0001-11",2026-08-03 08:38:00.000,
4262,Empresa FictÃ­cia 4262,"83.112.904/0001-12",2026-08-03 08:38:00.000,
4263,Empresa FictÃ­cia 4263,"83.113.921/0001-13",2026-08-03 08:38:00.000,
4264,Empresa FictÃ­cia 4264,"83.114.938/0001-14",2026-08-03 08:38:00.000,
4265,Empresa FictÃ­cia 4265,"83.115.955/0001-15",2026-08-03 08:38:00.000,
4266,Empresa FictÃ­cia 4266,"83.116.972/0001-16",2026-08-03 08:38:00.000,
4267,Empresa FictÃ­cia 4267,"83.117.989/0001-17",2026-08-03 08:38:00.000,
4268,Empresa FictÃ­cia 4268,"83.118.006/0001-18",2026-08-03 08:38:00.000,
4269,Empresa FictÃ­cia 4269,"83.119.023/0001-19",2026-08-03 08:38:00.000,
4270,Empresa FictÃ­cia 4270,"83.120.040/0001-20",2026-08-03 08:38:00.000,
4271,Empresa FictÃ­cia 4271,"83.121.057/0001-21",2026-08-03 08:38:00.000,
4272,Empresa FictÃ­cia 4272,"83.122.074/0001-22",2026-08-03 08:38:00.000,
4273,Empresa FictÃ­cia 4273,"83.123.091/0001-23",2026-08-03 08:38:00.000,
4274,Empresa FictÃ­cia 4274,"83.124.108/0001-24",2026-08-03 08:38:00.000,
4275,Empresa FictÃ­cia 4275,"83.125.125/0001-25",2026-08-03 08:38:00.000,
4276,Empresa FictÃ­cia 4276,"83.126.142/0001-26",2026-08-03 08:38:00.000,
4277,Empresa FictÃ­cia 4277,"83.127.159/0001-27",2026-08-03 08:38:00.000,
4278,Empresa FictÃ­cia 4278,"83.128.176/0001-28",2026-08-03 08:38:00.000,
4279,Empresa FictÃ­cia 4279,"83.129.193/0001-29",2026-08-03 08:38:00.000,
4280,Empresa FictÃ­cia 4280,"83.130.210/0001-30",2026-08-03 08:38:00.000,
4281,Empresa FictÃ­cia 4281,"83.131.227/0001-31",2026-08-03 08:38:00.000,
4282,Empresa FictÃ­cia 4282,"83.132.244/0001-32",2026-08-03 08:38:00.000,
4283,Empresa FictÃ­cia 4283,"83.133.261/0001-33",2026-08-03 08:38:00.000,
4284,Empresa FictÃ­cia 4284,"83.134.278/0001-34",2026-08-03 08:38:00.000,
4285,Empresa FictÃ­cia 4285,"83.135.295/0001-35",2026-08-03 08:38:00.000,
4286,Empresa FictÃ­cia 4286,"83.136.312/0001-36",2026-08-03 08:38:00.000,
4287,Empresa FictÃ­cia 4287,"83.137.329/0001-37",2026-08-03 08:38:00.000,
4288,Empresa FictÃ­cia 4288,"83.138.346/0001-38",2026-08-03 08:38:00.000,
4289,Empresa FictÃ­cia 4289,"83.139.363/0001-39",2026-08-03 08:38:00.000,
4290,Empresa FictÃ­cia 4290,"83.140.380/0001-40",2026-08-03 08:38:00.000,
4291,Empresa FictÃ­cia 4291,"83.141.397/0001-41",2026-08-03 08:38:00.000,
4292,Empresa FictÃ­cia 4292,"83.142.414/0001-42",2026-08-03 08:38:00.000,
4293,Empresa FictÃ­cia 4293,"83.143.431/0001-43",2026-08-03 08:38:00.000,
4294,Empresa FictÃ­cia 4294,"83.144.448/0001-44",2026-08-03 08:38:00.000,
4295,Empresa FictÃ­cia 4295,"83.145.465/0001-45",2026-08-03 08:38:00.000,
4296,Empresa FictÃ­cia 4296,"83.146.482/0001-46",2026-08-03 08:38:00.000,
4297,Empresa FictÃ­cia 4297,"83.147.499/0001-47",2026-08-03 08:38:00.000,
4298,Empresa FictÃ­cia 4298,"83.148.516/0001-48",2026-08-03 08:38:00.000,
4299,Empresa FictÃ­cia 4299,"83.149.533/0001-49",2026-08-03 08:38:00.000,
4300,Empresa FictÃ­cia 4300,"83.150.550/0001-50",2026-08-03 08:38:00.000,
4301,Empresa FictÃ­cia 4301,"83.151.567/0001-51",2026-08-03 08:38:00.000,
4302,Empresa FictÃ­cia 4302,"83.152.584/0001-52",2026-08-03 08:38:00.000,
4303,Empresa FictÃ­cia 4303,"83.153.601/0001-53",2026-08-03 08:38:00.000,
4304,Empresa FictÃ­cia 4304,"83.154.618/0001-54",2026-08-03 08:38:00.000,
4305,Empresa FictÃ­cia 4305,"83.155.635/0001-55",2026-08-03 08:38:00.000,
4306,Empresa FictÃ­cia 4306,"83.156.652/0001-56",2026-08-03 08:38:00.000,
4307,Empresa FictÃ­cia 4307,"83.157.669/0001-57",2026-08-03 08:38:00.000,
4308,Empresa FictÃ­cia 4308,"83.158.686/0001-58",2026-08-03 08:38:00.000,
4309,Empresa FictÃ­cia 4309,"83.159.703/0001-59",2026-08-03 08:38:00.000,
4310,Empresa FictÃ­cia 4310,"83.160.720/0001-60",2026-08-03 08:38:00.000,
4311,Empresa FictÃ­cia 4311,"83.161.737/0001-61",2026-08-03 08:38:00.000,
4312,Empresa FictÃ­cia 4312,"83.162.754/0001-62",2026-08-03 08:38:00.000,
4313,Empresa FictÃ­cia 4313,"83.163.771/0001-63",2026-08-03 08:38:00.000,
4314,Empresa FictÃ­cia 4314,"83.164.788/0001-64",2026-08-03 08:38:00.000,
4315,Empresa FictÃ­cia 4315,"83.165.805/0001-65",2026-08-03 08:38:00.000,
4316,Empresa FictÃ­cia 4316,"83.166.822/0001-66",2026-08-03 08:38:00.000,
4317,Empresa FictÃ­cia 4317,"83.167.839/0001-67",2026-08-03 08:38:00.000,
4318,Empresa FictÃ­cia 4318,"83.168.856/0001-68",2026-08-03 08:38:00.000,
4319,Empresa FictÃ­cia 4319,"83.169.873/0001-69",2026-08-03 08:38:00.000,
4320,Empresa FictÃ­cia 4320,"83.170.890/0001-70",2026-08-03 08:38:00.000,
4321,Empresa FictÃ­cia 4321,"83.171.907/0001-71",2026-08-03 08:38:00.000,
4322,Empresa FictÃ­cia 4322,"83.172.924/0001-72",2026-08-03 08:38:00.000,
4323,Empresa FictÃ­cia 4323,"83.173.941/0001-73",2026-08-03 08:38:00.000,
4324,Empresa FictÃ­cia 4324,"83.174.958/0001-74",2026-08-03 08:38:00.000,
4325,Empresa FictÃ­cia 4325,"83.175.975/0001-75",2026-08-03 08:38:00.000,
4326,Empresa FictÃ­cia 4326,"83.176.992/0001-76",2026-08-03 08:38:00.000,
4327,Empresa FictÃ­cia 4327,"83.177.009/0001-77",2026-08-03 08:38:00.000,
4328,Empresa FictÃ­cia 4328,"83.178.026/0001-78",2026-08-03 08:38:00.000,
4329,Empresa FictÃ­cia 4329,"83.179.043/0001-79",2026-08-03 08:38:00.000,
4330,Empresa FictÃ­cia 4330,"83.180.060/0001-80",2026-08-03 08:38:00.000,
4331,Empresa FictÃ­cia 4331,"83.181.077/0001-81",2026-08-03 08:38:00.000,
4332,Empresa FictÃ­cia 4332,"83.182.094/0001-82",2026-08-03 08:38:00.000,
4333,Empresa FictÃ­cia 4333,"83.183.111/0001-83",2026-08-03 08:38:00.000,
4334,Empresa FictÃ­cia 4334,"83.184.128/0001-84",2026-08-03 08:38:00.000,
4335,Empresa FictÃ­cia 4335,"83.185.145/0001-85",2026-08-03 08:38:00.000,
4336,Empresa FictÃ­cia 4336,"83.186.162/0001-86",2026-08-03 08:38:00.000,
4337,Empresa FictÃ­cia 4337,"83.187.179/0001-87",2026-08-03 08:38:00.000,
4338,Empresa FictÃ­cia 4338,"83.188.196/0001-88",2026-08-03 08:38:00.000,
4339,Empresa FictÃ­cia 4339,"83.189.213/0001-89",2026-08-03 08:38:00.000,
4340,Empresa FictÃ­cia 4340,"83.190.230/0001-90",2026-08-03 08:38:00.000,
4341,Empresa FictÃ­cia 4341,"83.191.247/0001-91",2026-08-03 08:38:00.000,
4342,Empresa FictÃ­cia 4342,"83.192.264/0001-92",2026-08-03 08:38:00.000,
4343,Empresa FictÃ­cia 4343,"83.193.281/0001-93",2026-08-03 08:38:00.000,
4344,Empresa FictÃ­cia 4344,"83.194.298/0001-94",2026-08-03 08:38:00.000,
4345,Empresa FictÃ­cia 4345,"83.195.315/0001-95",2026-08-03 08:38:00.000,
4346,Empresa FictÃ­cia 4346,"83.196.332/0001-96",2026-08-03 08:38:00.000,
4347,Empresa FictÃ­cia 4347,"83.197.349/0001-97",2026-08-03 08:38:00.000,
4348,Empresa FictÃ­cia 4348,"83.198.366/0001-98",2026-08-03 08:38:00.000,
4349,Empresa FictÃ­cia 4349,"83.199.383/0001-99",2026-08-03 08:38:00.000,
4350,Empresa FictÃ­cia 4350,"83.200.400/0001-00",2026-08-03 08:38:00.000,
4351,Empresa FictÃ­cia 4351,"83.201.417/0001-01",2026-08-03 08:38:00.000,
4352,Empresa FictÃ­cia 4352,"83.202.434/0001-02",2026-08-03 08:38:00.000,
4353,Empresa FictÃ­cia 4353,"83.203.451/0001-03",2026-08-03 08:38:00.000,
4354,Empresa FictÃ­cia 4354,"83.204.468/0001-04",2026-08-03 08:38:00.000,
4355,Empresa FictÃ­cia 4355,"83.205.485/0001-05",2026-08-03 08:38:00.000,
4356,Empresa FictÃ­cia 4356,"83.206.502/0001-06",2026-08-03 08:38:00.000,
4357,Empresa FictÃ­cia 4357,"83.207.519/0001-07",2026-08-03 08:38:00.000,
4358,Empresa FictÃ­cia 4358,"83.208.536/0001-08",2026-08-03 08:38:00.000,
4359,Empresa FictÃ­cia 4359,"83.209.553/0001-09",2026-08-03 08:38:00.000,
4360,Empresa FictÃ­cia 4360,"83.210.570/0001-10",2026-08-03 08:38:00.000,
4361,Empresa FictÃ­cia 4361,"83.211.587/0001-11",2026-08-03 08:38:00.000,
4362,Empresa FictÃ­cia 4362,"83.212.604/0001-12",2026-08-03 08:38:00.000,
4363,Empresa FictÃ­cia 4363,"83.213.621/0001-13",2026-08-03 08:38:00.000,
4364,Empresa FictÃ­cia 4364,"83.214.638/0001-14",2026-08-03 08:38:00.000,
4365,Empresa FictÃ­cia 4365,"83.215.655/0001-15",2026-08-03 08:38:00.000,
4366,Empresa FictÃ­cia 4366,"83.216.672/0001-16",2026-08-03 08:38:00.000,
4367,Empresa FictÃ­cia 4367,"83.217.689/0001-17",2026-08-03 08:38:00.000,
4368,Empresa FictÃ­cia 4368,"83.218.706/0001-18",2026-08-03 08:38:00.000,
4369,Empresa FictÃ­cia 4369,"83.219.723/0001-19",2026-08-03 08:38:00.000,
4370,Empresa FictÃ­cia 4370,"83.220.740/0001-20",2026-08-03 08:38:00.000,
4371,Empresa FictÃ­cia 4371,"83.221.757/0001-21",2026-08-03 08:38:00.000,
4372,Empresa FictÃ­cia 4372,"83.222.774/0001-22",2026-08-03 08:38:00.000,
4373,Empresa FictÃ­cia 4373,"83.223.791/0001-23",2026-08-03 08:38:00.000,
4374,Empresa FictÃ­cia 4374,"83.224.808/0001-24",2026-08-03 08:38:00.000,
4375,Empresa FictÃ­cia 4375,"83.225.825/0001-25",2026-08-03 08:38:00.000,
4376,Empresa FictÃ­cia 4376,"83.226.842/0001-26",2026-08-03 08:38:00.000,
4377,Empresa FictÃ­cia 4377,"83.227.859/0001-27",2026-08-03 08:38:00.000,
4378,Empresa FictÃ­cia 4378,"83.228.876/0001-28",2026-08-03 08:38:00.000,
4379,Empresa FictÃ­cia 4379,"83.229.893/0001-29",2026-08-03 08:38:00.000,
4380,Empresa FictÃ­cia 4380,"83.230.910/0001-30",2026-08-03 08:38:00.000,
4381,Empresa FictÃ­cia 4381,"83.231.927/0001-31",2026-08-03 08:38:00.000,
4382,Empresa FictÃ­cia 4382,"83.232.944/0001-32",2026-08-03 08:38:00.000,
4383,Empresa FictÃ­cia 4383,"83.233.961/0001-33",2026-08-03 08:38:00.000,
4384,Empresa FictÃ­cia 4384,"83.234.978/0001-34",2026-08-03 08:38:00.000,
4385,Empresa FictÃ­cia 4385,"83.235.995/0001-35",2026-08-03 08:38:00.000,
4386,Empresa FictÃ­cia 4386,"83.236.012/0001-36",2026-08-03 08:38:00.000,
4387,Empresa FictÃ­cia 4387,"83.237.029/0001-37",2026-08-03 08:38:00.000,
4388,Empresa FictÃ­cia 4388,"83.238.046/0001-38",2026-08-03 08:38:00.000,
4389,Empresa FictÃ­cia 4389,"83.239.063/0001-39",2026-08-03 08:38:00.000,
4390,Empresa FictÃ­cia 4390,"83.240.080/0001-40",2026-08-03 08:38:00.000,
4391,Empresa FictÃ­cia 4391,"83.241.097/0001-41",2026-08-03 08:38:00.000,
4392,Empresa FictÃ­cia 4392,"83.242.114/0001-42",2026-08-03 08:38:00.000,
4393,Empresa FictÃ­cia 4393,"83.243.131/0001-43",2026-08-03 08:38:00.000,
4394,Empresa FictÃ­cia 4394,"83.244.148/0001-44",2026-08-03 08:38:00.000,
4395,Empresa FictÃ­cia 4395,"83.245.165/0001-45",2026-08-03 08:38:00.000,
4396,Empresa FictÃ­cia 4396,"83.246.182/0001-46",2026-08-03 08:38:00.000,
4397,Empresa FictÃ­cia 4397,"83.247.199/0001-47",2026-08-03 08:38:00.000,
4398,Empresa FictÃ­cia 4398,"83.248.216/0001-48",2026-08-03 08:38:00.000,
4399,Empresa FictÃ­cia 4399,"83.249.233/0001-49",2026-08-03 08:38:00.000,
4400,Empresa FictÃ­cia 4400,"83.250.250/0001-50",2026-08-03 08:38:00.000,
4401,Empresa FictÃ­cia 4401,"83.251.267/0001-51",2026-08-03 08:38:00.000,
4402,Empresa FictÃ­cia 4402,"83.252.284/0001-52",2026-08-03 08:38:00.000,
4403,Empresa FictÃ­cia 4403,"83.253.301/0001-53",2026-08-03 08:38:00.000,
4404,Empresa FictÃ­cia 4404,"83.254.318/0001-54",2026-08-03 08:38:00.000,
4405,Empresa FictÃ­cia 4405,"83.255.335/0001-55",2026-08-03 08:38:00.000,
4406,Empresa FictÃ­cia 4406,"83.256.352/0001-56",2026-08-03 08:38:00.000,
4407,Empresa FictÃ­cia 4407,"83.257.369/0001-57",2026-08-03 08:38:00.000,
4408,Empresa FictÃ­cia 4408,"83.258.386/0001-58",2026-08-03 08:38:00.000,
4409,Empresa FictÃ­cia 4409,"83.259.403/0001-59",2026-08-03 08:38:00.000,
4410,Empresa FictÃ­cia 4410,"83.260.420/0001-60",2026-08-03 08:38:00.000,
4411,Empresa FictÃ­cia 4411,"83.261.437/0001-61",2026-08-03 08:38:00.000,
4412,Empresa FictÃ­cia 4412,"83.262.454/0001-62",2026-08-03 08:38:00.000,
4413,Empresa FictÃ­cia 4413,"83.263.471/0001-63",2026-08-03 08:38:00.000,
4414,Empresa FictÃ­cia 4414,"83.264.488/0001-64",2026-08-03 08:38:00.000,
4415,Empresa FictÃ­cia 4415,"83.265.505/0001-65",2026-08-03 08:38:00.000,
4416,Empresa FictÃ­cia 4416,"83.266.522/0001-66",2026-08-03 08:38:00.000,
4417,Empresa FictÃ­cia 4417,"83.267.539/0001-67",2026-08-03 08:38:00.000,
4418,Empresa FictÃ­cia 4418,"83.268.556/0001-68",2026-08-03 08:38:00.000,
4419,Empresa FictÃ­cia 4419,"83.269.573/0001-69",2026-08-03 08:38:00.000,
4420,Empresa FictÃ­cia 4420,"83.270.590/0001-70",2026-08-03 08:38:00.000,
4421,Empresa FictÃ­cia 4421,"83.271.607/0001-71",2026-08-03 08:38:00.000,
4422,Empresa FictÃ­cia 4422,"83.272.624/0001-72",2026-08-03 08:38:00.000,
4423,Empresa FictÃ­cia 4423,"83.273.641/0001-73",2026-08-03 08:38:00.000,
4424,Empresa FictÃ­cia 4424,"83.274.658/0001-74",2026-08-03 08:38:00.000,
4425,Empresa FictÃ­cia 4425,"83.275.675/0001-75",2026-08-03 08:38:00.000,
4426,Empresa FictÃ­cia 4426,"83.276.692/0001-76",2026-08-03 08:38:00.000,
4427,Empresa FictÃ­cia 4427,"83.277.709/0001-77",2026-08-03 08:38:00.000,
4428,Empresa FictÃ­cia 4428,"83.278.726/0001-78",2026-08-03 08:38:00.000,
4429,Empresa FictÃ­cia 4429,"83.279.743/0001-79",2026-08-03 08:38:00.000,
4430,Empresa FictÃ­cia 4430,"83.280.760/0001-80",2026-08-03 08:38:00.000,
4431,Empresa FictÃ­cia 4431,"83.281.777/0001-81",2026-08-03 08:38:00.000,
4432,Empresa FictÃ­cia 4432,"83.282.794/0001-82",2026-08-03 08:38:00.000,
4433,Empresa FictÃ­cia 4433,"83.283.811/0001-83",2026-08-03 08:38:00.000,
4434,Empresa FictÃ­cia 4434,"83.284.828/0001-84",2026-08-03 08:38:00.000,
4435,Empresa FictÃ­cia 4435,"83.285.845/0001-85",2026-08-03 08:38:00.000,
4436,Empresa FictÃ­cia 4436,"83.286.862/0001-86",2026-08-03 08:38:00.000,
4437,Empresa FictÃ­cia 4437,"83.287.879/0001-87",2026-08-03 08:38:00.000,
4438,Empresa FictÃ­cia 4438,"83.288.896/0001-88",2026-08-03 08:38:00.000,
4439,Empresa FictÃ­cia 4439,"83.289.913/0001-89",2026-08-03 08:38:00.000,
4440,Empresa FictÃ­cia 4440,"83.290.930/0001-90",2026-08-03 08:38:00.000,
4441,Empresa FictÃ­cia 4441,"83.291.947/0001-91",2026-08-03 08:38:00.000,
4442,Empresa FictÃ­cia 4442,"83.292.964/0001-92",2026-08-03 08:38:00.000,
4443,Empresa FictÃ­cia 4443,"83.293.981/0001-93",2026-08-03 08:38:00.000,
4444,Empresa FictÃ­cia 4444,"83.294.998/0001-94",2026-08-03 08:38:00.000,
4445,Empresa FictÃ­cia 4445,"83.295.015/0001-95",2026-08-03 08:38:00.000,
4446,Empresa FictÃ­cia 4446,"83.296.032/0001-96",2026-08-03 08:38:00.000,
4447,Empresa FictÃ­cia 4447,"83.297.049/0001-97",2026-08-03 08:38:00.000,
4448,Empresa FictÃ­cia 4448,"83.298.066/0001-98",2026-08-03 08:38:00.000,
4449,Empresa FictÃ­cia 4449,"83.299.083/0001-99",2026-08-03 08:38:00.000,
4450,Empresa FictÃ­cia 4450,"83.300.100/0001-00",2026-08-03 08:38:00.000,
4451,Empresa FictÃ­cia 4451,"83.301.117/0001-01",2026-08-03 08:38:00.000,
4452,Empresa FictÃ­cia 4452,"83.302.134/0001-02",2026-08-03 08:38:00.000,
4453,Empresa FictÃ­cia 4453,"83.303.151/0001-03",2026-08-03 08:38:00.000,
4454,Empresa FictÃ­cia 4454,"83.304.168/0001-04",2026-08-03 08:38:00.000,
4455,Empresa FictÃ­cia 4455,"83.305.185/0001-05",2026-08-03 08:38:00.000,
4456,Empresa FictÃ­cia 4456,"83.306.202/0001-06",2026-08-03 08:38:00.000,
4457,Empresa FictÃ­cia 4457,"83.307.219/0001-07",2026-08-03 08:38:00.000,
4458,Empresa FictÃ­cia 4458,"83.308.236/0001-08",2026-08-03 08:38:00.000,
4459,Empresa FictÃ­cia 4459,"83.309.253/0001-09",2026-08-03 08:38:00.000,
4460,Empresa FictÃ­cia 4460,"83.310.270/0001-10",2026-08-03 08:38:00.000,
4461,Empresa FictÃ­cia 4461,"83.311.287/0001-11",2026-08-03 08:38:00.000,
4462,Empresa FictÃ­cia 4462,"83.312.304/0001-12",2026-08-03 08:38:00.000,
4463,Empresa FictÃ­cia 4463,"83.313.321/0001-13",2026-08-03 08:38:00.000,
4464,Empresa FictÃ­cia 4464,"83.314.338/0001-14",2026-08-03 08:38:00.000,
4465,Empresa FictÃ­cia 4465,"83.315.355/0001-15",2026-08-03 08:38:00.000,
4466,Empresa FictÃ­cia 4466,"83.316.372/0001-16",2026-08-03 08:38:00.000,
4467,Empresa FictÃ­cia 4467,"83.317.389/0001-17",2026-08-03 08:38:00.000,
4468,Empresa FictÃ­cia 4468,"83.318.406/0001-18",2026-08-03 08:38:00.000,
4469,Empresa FictÃ­cia 4469,"83.319.423/0001-19",2026-08-03 08:38:00.000,
4470,Empresa FictÃ­cia 4470,"83.320.440/0001-20",2026-08-03 08:38:00.000,
4471,Empresa FictÃ­cia 4471,"83.321.457/0001-21",2026-08-03 08:38:00.000,
4472,Empresa FictÃ­cia 4472,"83.322.474/0001-22",2026-08-03 08:38:00.000,
4473,Empresa FictÃ­cia 4473,"83.323.491/0001-23",2026-08-03 08:38:00.000,
4474,Empresa FictÃ­cia 4474,"83.324.508/0001-24",2026-08-03 08:38:00.000,
4475,Empresa FictÃ­cia 4475,"83.325.525/0001-25",2026-08-03 08:38:00.000,
4476,Empresa FictÃ­cia 4476,"83.326.542/0001-26",2026-08-03 08:38:00.000,
4477,Empresa FictÃ­cia 4477,"83.327.559/0001-27",2026-08-03 08:38:00.000,
4478,Empresa FictÃ­cia 4478,"83.328.576/0001-28",2026-08-03 08:38:00.000,
4479,Empresa FictÃ­cia 4479,"83.329.593/0001-29",2026-08-03 08:38:00.000,
4480,Empresa FictÃ­cia 4480,"83.330.610/0001-30",2026-08-03 08:38:00.000,
4481,Empresa FictÃ­cia 4481,"83.331.627/0001-31",2026-08-03 08:38:00.000,
4482,Empresa FictÃ­cia 4482,"83.332.644/0001-32",2026-08-03 08:38:00.000,
4483,Empresa FictÃ­cia 4483,"83.333.661/0001-33",2026-08-03 08:38:00.000,
4484,Empresa FictÃ­cia 4484,"83.334.678/0001-34",2026-08-03 08:38:00.000,
4485,Empresa FictÃ­cia 4485,"83.335.695/0001-35",2026-08-03 08:38:00.000,
4486,Empresa FictÃ­cia 4486,"83.336.712/0001-36",2026-08-03 08:38:00.000,
4487,Empresa FictÃ­cia 4487,"83.337.729/0001-37",2026-08-03 08:38:00.000,
4488,Empresa FictÃ­cia 4488,"83.338.746/0001-38",2026-08-03 08:38:00.000,
4489,Empresa FictÃ­cia 4489,"83.339.763/0001-39",2026-08-03 08:38:00.000,
4490,Empresa FictÃ­cia 4490,"83.340.780/0001-40",2026-08-03 08:38:00.000,
4491,Empresa FictÃ­cia 4491,"83.341.797/0001-41",2026-08-03 08:38:00.000,
4492,Empresa FictÃ­cia 4492,"83.342.814/0001-42",2026-08-03 08:38:00.000,
4493,Empresa FictÃ­cia 4493,"83.343.831/0001-43",2026-08-03 08:38:00.000,
4494,Empresa FictÃ­cia 4494,"83.344.848/0001-44",2026-08-03 08:38:00.000,
4495,Empresa FictÃ­cia 4495,"83.345.865/0001-45",2026-08-03 08:38:00.000,
4496,Empresa FictÃ­cia 4496,"83.346.882/0001-46",2026-08-03 08:38:00.000,
4497,Empresa FictÃ­cia 4497,"83.347.899/0001-47",2026-08-03 08:38:00.000,
4498,Empresa FictÃ­cia 4498,"83.348.916/0001-48",2026-08-03 08:38:00.000,
4499,Empresa FictÃ­cia 4499,"83.349.933/0001-49",2026-08-03 08:38:00.000,
4500,Empresa FictÃ­cia 4500,"83.350.950/0001-50",2026-08-03 08:38:00.000,
4501,Empresa FictÃ­cia 4501,"83.351.967/0001-51",2026-08-03 08:38:00.000,
4502,Empresa FictÃ­cia 4502,"83.352.984/0001-52",2026-08-03 08:38:00.000,
4503,Empresa FictÃ­cia 4503,"83.353.001/0001-53",2026-08-03 08:38:00.000,
4504,Empresa FictÃ­cia 4504,"83.354.018/0001-54",2026-08-03 08:38:00.000,
4505,Empresa FictÃ­cia 4505,"83.355.035/0001-55",2026-08-03 08:38:00.000,
4506,Empresa FictÃ­cia 4506,"83.356.052/0001-56",2026-08-03 08:38:00.000,
4507,Empresa FictÃ­cia 4507,"83.357.069/0001-57",2026-08-03 08:38:00.000,
4508,Empresa FictÃ­cia 4508,"83.358.086/0001-58",2026-08-03 08:38:00.000,
4509,Empresa FictÃ­cia 4509,"83.359.103/0001-59",2026-08-03 08:38:00.000,
4510,Empresa FictÃ­cia 4510,"83.360.120/0001-60",2026-08-03 08:38:00.000,
4511,Empresa FictÃ­cia 4511,"83.361.137/0001-61",2026-08-03 08:38:00.000,
4512,Empresa FictÃ­cia 4512,"83.362.154/0001-62",2026-08-03 08:38:00.000,
4513,Empresa FictÃ­cia 4513,"83.363.171/0001-63",2026-08-03 08:38:00.000,
4514,Empresa FictÃ­cia 4514,"83.364.188/0001-64",2026-08-03 08:38:00.000,
4515,Empresa FictÃ­cia 4515,"83.365.205/0001-65",2026-08-03 08:38:00.000,
4516,Empresa FictÃ­cia 4516,"83.366.222/0001-66",2026-08-03 08:38:00.000,
4517,Empresa FictÃ­cia 4517,"83.367.239/0001-67",2026-08-03 08:38:00.000,
4518,Empresa FictÃ­cia 4518,"83.368.256/0001-68",2026-08-03 08:38:00.000,
4519,Empresa FictÃ­cia 4519,"83.369.273/0001-69",2026-08-03 08:38:00.000,
4520,Empresa FictÃ­cia 4520,"83.370.290/0001-70",2026-08-03 08:38:00.000,
4521,Empresa FictÃ­cia 4521,"83.371.307/0001-71",2026-08-03 08:38:00.000,
4522,Empresa FictÃ­cia 4522,"83.372.324/0001-72",2026-08-03 08:38:00.000,
4523,Empresa FictÃ­cia 4523,"83.373.341/0001-73",2026-08-03 08:38:00.000,
4524,Empresa FictÃ­cia 4524,"83.374.358/0001-74",2026-08-03 08:38:00.000,
4525,Empresa FictÃ­cia 4525,"83.375.375/0001-75",2026-08-03 08:38:00.000,
4526,Empresa FictÃ­cia 4526,"83.376.392/0001-76",2026-08-03 08:38:00.000,
4527,Empresa FictÃ­cia 4527,"83.377.409/0001-77",2026-08-03 08:38:00.000,
4528,Empresa FictÃ­cia 4528,"83.378.426/0001-78",2026-08-03 08:38:00.000,
4529,Empresa FictÃ­cia 4529,"83.379.443/0001-79",2026-08-03 08:38:00.000,
4530,Empresa FictÃ­cia 4530,"83.380.460/0001-80",2026-08-03 08:38:00.000,
4531,Empresa FictÃ­cia 4531,"83.381.477/0001-81",2026-08-03 08:38:00.000,
4532,Empresa FictÃ­cia 4532,"83.382.494/0001-82",2026-08-03 08:38:00.000,
4533,Empresa FictÃ­cia 4533,"83.383.511/0001-83",2026-08-03 08:38:00.000,
4534,Empresa FictÃ­cia 4534,"83.384.528/0001-84",2026-08-03 08:38:00.000,
4535,Empresa FictÃ­cia 4535,"83.385.545/0001-85",2026-08-03 08:38:00.000,
4536,Empresa FictÃ­cia 4536,"83.386.562/0001-86",2026-08-03 08:38:00.000,
4537,Empresa FictÃ­cia 4537,"83.387.579/0001-87",2026-08-03 08:38:00.000,
4538,Empresa FictÃ­cia 4538,"83.388.596/0001-88",2026-08-03 08:38:00.000,
4539,Empresa FictÃ­cia 4539,"83.389.613/0001-89",2026-08-03 08:38:00.000,
4540,Empresa FictÃ­cia 4540,"83.390.630/0001-90",2026-08-03 08:38:00.000,
4541,Empresa FictÃ­cia 4541,"83.391.647/0001-91",2026-08-03 08:38:00.000,
4542,Empresa FictÃ­cia 4542,"83.392.664/0001-92",2026-08-03 08:38:00.000,
4543,Empresa FictÃ­cia 4543,"83.393.681/0001-93",2026-08-03 08:38:00.000,
4544,Empresa FictÃ­cia 4544,"83.394.698/0001-94",2026-08-03 08:38:00.000,
4545,Empresa FictÃ­cia 4545,"83.395.715/0001-95",2026-08-03 08:38:00.000,
4546,Empresa FictÃ­cia 4546,"83.396.732/0001-96",2026-08-03 08:38:00.000,
4547,Empresa FictÃ­cia 4547,"83.397.749/0001-97",2026-08-03 08:38:00.000,
4548,Empresa FictÃ­cia 4548,"83.398.766/0001-98",2026-08-03 08:38:00.000,
4549,Empresa FictÃ­cia 4549,"83.399.783/0001-99",2026-08-03 08:38:00.000,
4550,Empresa FictÃ­cia 4550,"83.400.800/0001-00",2026-08-03 08:38:00.000,
4551,Empresa FictÃ­cia 4551,"83.401.817/0001-01",2026-08-03 08:38:00.000,
4552,Empresa FictÃ­cia 4552,"83.402.834/0001-02",2026-08-03 08:38:00.000,
4553,Empresa FictÃ­cia 4553,"83.403.851/0001-03",2026-08-03 08:38:00.000,
4554,Empresa FictÃ­cia 4554,"83.404.868/0001-04",2026-08-03 08:38:00.000,
4555,Empresa FictÃ­cia 4555,"83.405.885/0001-05",2026-08-03 08:38:00.000,
4556,Empresa FictÃ­cia 4556,"83.406.902/0001-06",2026-08-03 08:38:00.000,
4557,Empresa FictÃ­cia 4557,"83.407.919/0001-07",2026-08-03 08:38:00.000,
4558,Empresa FictÃ­cia 4558,"83.408.936/0001-08",2026-08-03 08:38:00.000,
4559,Empresa FictÃ­cia 4559,"83.409.953/0001-09",2026-08-03 08:38:00.000,
4560,Empresa FictÃ­cia 4560,"83.410.970/0001-10",2026-08-03 08:38:00.000,
4561,Empresa FictÃ­cia 4561,"83.411.987/0001-11",2026-08-03 08:38:00.000,
4562,Empresa FictÃ­cia 4562,"83.412.004/0001-12",2026-08-03 08:38:00.000,
4563,Empresa FictÃ­cia 4563,"83.413.021/0001-13",2026-08-03 08:38:00.000,
4564,Empresa FictÃ­cia 4564,"83.414.038/0001-14",2026-08-03 08:38:00.000,
4565,Empresa FictÃ­cia 4565,"83.415.055/0001-15",2026-08-03 08:38:00.000,
4566,Empresa FictÃ­cia 4566,"83.416.072/0001-16",2026-08-03 08:38:00.000,
4567,Empresa FictÃ­cia 4567,"83.417.089/0001-17",2026-08-03 08:38:00.000,
4568,Empresa FictÃ­cia 4568,"83.418.106/0001-18",2026-08-03 08:38:00.000,
4569,Empresa FictÃ­cia 4569,"83.419.123/0001-19",2026-08-03 08:38:00.000,
4570,Empresa FictÃ­cia 4570,"83.420.140/0001-20",2026-08-03 08:38:00.000,
4571,Empresa FictÃ­cia 4571,"83.421.157/0001-21",2026-08-03 08:38:00.000,
4572,Empresa FictÃ­cia 4572,"83.422.174/0001-22",2026-08-03 08:38:00.000,
4573,Empresa FictÃ­cia 4573,"83.423.191/0001-23",2026-08-03 08:38:00.000,
4574,Empresa FictÃ­cia 4574,"83.424.208/0001-24",2026-08-03 08:38:00.000,
4575,Empresa FictÃ­cia 4575,"83.425.225/0001-25",2026-08-03 08:38:00.000,
4576,Empresa FictÃ­cia 4576,"83.426.242/0001-26",2026-08-03 08:38:00.000,
4577,Empresa FictÃ­cia 4577,"83.427.259/0001-27",2026-08-03 08:38:00.000,
4578,Empresa FictÃ­cia 4578,"83.428.276/0001-28",2026-08-03 08:38:00.000,
4579,Empresa FictÃ­cia 4579,"83.429.293/0001-29",2026-08-03 08:38:00.000,
4580,Empresa FictÃ­cia 4580,"83.430.310/0001-30",2026-08-03 08:38:00.000,
4581,Empresa FictÃ­cia 4581,"83.431.327/0001-31",2026-08-03 08:38:00.000,
4582,Empresa FictÃ­cia 4582,"83.432.344/0001-32",2026-08-03 08:38:00.000,
4583,Empresa FictÃ­cia 4583,"83.433.361/0001-33",2026-08-03 08:38:00.000,
4584,Empresa FictÃ­cia 4584,"83.434.378/0001-34",2026-08-03 08:38:00.000,
4585,Empresa FictÃ­cia 4585,"83.435.395/0001-35",2026-08-03 08:38:00.000,
4586,Empresa FictÃ­cia 4586,"83.436.412/0001-36",2026-08-03 08:38:00.000,
4587,Empresa FictÃ­cia 4587,"83.437.429/0001-37",2026-08-03 08:38:00.000,
4588,Empresa FictÃ­cia 4588,"83.438.446/0001-38",2026-08-03 08:38:00.000,
4589,Empresa FictÃ­cia 4589,"83.439.463/0001-39",2026-08-03 08:38:00.000,
4590,Empresa FictÃ­cia 4590,"83.440.480/0001-40",2026-08-03 08:38:00.000,
4591,Empresa FictÃ­cia 4591,"83.441.497/0001-41",2026-08-03 08:38:00.000,
4592,Empresa FictÃ­cia 4592,"83.442.514/0001-42",2026-08-03 08:38:00.000,
4593,Empresa FictÃ­cia 4593,"83.443.531/0001-43",2026-08-03 08:38:00.000,
4594,Empresa FictÃ­cia 4594,"83.444.548/0001-44",2026-08-03 08:38:00.000,
4595,Empresa FictÃ­cia 4595,"83.445.565/0001-45",2026-08-03 08:38:00.000,
4596,Empresa FictÃ­cia 4596,"83.446.582/0001-46",2026-08-03 08:38:00.000,
4597,Empresa FictÃ­cia 4597,"83.447.599/0001-47",2026-08-03 08:38:00.000,
4598,Empresa FictÃ­cia 4598,"83.448.616/0001-48",2026-08-03 08:38:00.000,
4599,Empresa FictÃ­cia 4599,"83.449.633/0001-49",2026-08-03 08:38:00.000,
4600,Empresa FictÃ­cia 4600,"83.450.650/0001-50",2026-08-03 08:38:00.000,
4601,Empresa FictÃ­cia 4601,"83.451.667/0001-51",2026-08-03 08:38:00.000,
4602,Empresa FictÃ­cia 4602,"83.452.684/0001-52",2026-08-03 08:38:00.000,
4603,Empresa FictÃ­cia 4603,"83.453.701/0001-53",2026-08-03 08:38:00.000,
4604,Empresa FictÃ­cia 4604,"83.454.718/0001-54",2026-08-03 08:38:00.000,
4605,Empresa FictÃ­cia 4605,"83.455.735/0001-55",2026-08-03 08:38:00.000,
4606,Empresa FictÃ­cia 4606,"83.456.752/0001-56",2026-08-03 08:38:00.000,
4607,Empresa FictÃ­cia 4607,"83.457.769/0001-57",2026-08-03 08:38:00.000,
4608,Empresa FictÃ­cia 4608,"83.458.786/0001-58",2026-08-03 08:38:00.000,
4609,Empresa FictÃ­cia 4609,"83.459.803/0001-59",2026-08-03 08:38:00.000,
4610,Empresa FictÃ­cia 4610,"83.460.820/0001-60",2026-08-03 08:38:00.000,
4611,Empresa FictÃ­cia 4611,"83.461.837/0001-61",2026-08-03 08:38:00.000,
4612,Empresa FictÃ­cia 4612,"83.462.854/0001-62",2026-08-03 08:38:00.000,
4613,Empresa FictÃ­cia 4613,"83.463.871/0001-63",2026-08-03 08:38:00.000,
4614,Empresa FictÃ­cia 4614,"83.464.888/0001-64",2026-08-03 08:38:00.000,
4615,Empresa FictÃ­cia 4615,"83.465.905/0001-65",2026-08-03 08:38:00.000,
4616,Empresa FictÃ­cia 4616,"83.466.922/0001-66",2026-08-03 08:38:00.000,
4617,Empresa FictÃ­cia 4617,"83.467.939/0001-67",2026-08-03 08:38:00.000,
4618,Empresa FictÃ­cia 4618,"83.468.956/0001-68",2026-08-03 08:38:00.000,
4619,Empresa FictÃ­cia 4619,"83.469.973/0001-69",2026-08-03 08:38:00.000,
4620,Empresa FictÃ­cia 4620,"83.470.990/0001-70",2026-08-03 08:38:00.000,
4621,Empresa FictÃ­cia 4621,"83.471.007/0001-71",2026-08-03 08:38:00.000,
4622,Empresa FictÃ­cia 4622,"83.472.024/0001-72",2026-08-03 08:38:00.000,
4623,Empresa FictÃ­cia 4623,"83.473.041/0001-73",2026-08-03 08:38:00.000,
4624,Empresa FictÃ­cia 4624,"83.474.058/0001-74",2026-08-03 08:38:00.000,
4625,Empresa FictÃ­cia 4625,"83.475.075/0001-75",2026-08-03 08:38:00.000,
4626,Empresa FictÃ­cia 4626,"83.476.092/0001-76",2026-08-03 08:38:00.000,
4627,Empresa FictÃ­cia 4627,"83.477.109/0001-77",2026-08-03 08:38:00.000,
4628,Empresa FictÃ­cia 4628,"83.478.126/0001-78",2026-08-03 08:38:00.000,
4629,Empresa FictÃ­cia 4629,"83.479.143/0001-79",2026-08-03 08:38:00.000,
4630,Empresa FictÃ­cia 4630,"83.480.160/0001-80",2026-08-03 08:38:00.000,
4631,Empresa FictÃ­cia 4631,"83.481.177/0001-81",2026-08-03 08:38:00.000,
4632,Empresa FictÃ­cia 4632,"83.482.194/0001-82",2026-08-03 08:38:00.000,
4633,Empresa FictÃ­cia 4633,"83.483.211/0001-83",2026-08-03 08:38:00.000,
4634,Empresa FictÃ­cia 4634,"83.484.228/0001-84",2026-08-03 08:38:00.000,
4635,Empresa FictÃ­cia 4635,"83.485.245/0001-85",2026-08-03 08:38:00.000,
4636,Empresa FictÃ­cia 4636,"83.486.262/0001-86",2026-08-03 08:38:00.000,
4637,Empresa FictÃ­cia 4637,"83.487.279/0001-87",2026-08-03 08:38:00.000,
4638,Empresa FictÃ­cia 4638,"83.488.296/0001-88",2026-08-03 08:38:00.000,
4639,Empresa FictÃ­cia 4639,"83.489.313/0001-89",2026-08-03 08:38:00.000,
4640,Empresa FictÃ­cia 4640,"83.490.330/0001-90",2026-08-03 08:38:00.000,
4641,Empresa FictÃ­cia 4641,"83.491.347/0001-91",2026-08-03 08:38:00.000,
4642,Empresa FictÃ­cia 4642,"83.492.364/0001-92",2026-08-03 08:38:00.000,
4643,Empresa FictÃ­cia 4643,"83.493.381/0001-93",2026-08-03 08:38:00.000,
4644,Empresa FictÃ­cia 4644,"83.494.398/0001-94",2026-08-03 08:38:00.000,
4645,Empresa FictÃ­cia 4645,"83.495.415/0001-95",2026-08-03 08:38:00.000,
4646,Empresa FictÃ­cia 4646,"83.496.432/0001-96",2026-08-03 08:38:00.000,
4647,Empresa FictÃ­cia 4647,"83.497.449/0001-97",2026-08-03 08:38:00.000,
4648,Empresa FictÃ­cia 4648,"83.498.466/0001-98",2026-08-03 08:38:00.000,
4649,Empresa FictÃ­cia 4649,"83.499.483/0001-99",2026-08-03 08:38:00.000,
4650,Empresa FictÃ­cia 4650,"83.500.500/0001-00",2026-08-03 08:38:00.000,
4651,Empresa FictÃ­cia 4651,"83.501.517/0001-01",2026-08-03 08:38:00.000,
4652,Empresa FictÃ­cia 4652,"83.502.534/0001-02",2026-08-03 08:38:00.000,
4653,Empresa FictÃ­cia 4653,"83.503.551/0001-03",2026-08-03 08:38:00.000,
4654,Empresa FictÃ­cia 4654,"83.504.568/0001-04",2026-08-03 08:38:00.000,
4655,Empresa FictÃ­cia 4655,"83.505.585/0001-05",2026-08-03 08:38:00.000,
4656,Empresa FictÃ­cia 4656,"83.506.602/0001-06",2026-08-03 08:38:00.000,
4657,Empresa FictÃ­cia 4657,"83.507.619/0001-07",2026-08-03 08:38:00.000,
4658,Empresa FictÃ­cia 4658,"83.508.636/0001-08",2026-08-03 08:38:00.000,
4659,Empresa FictÃ­cia 4659,"83.509.653/0001-09",2026-08-03 08:38:00.000,
4660,Empresa FictÃ­cia 4660,"83.510.670/0001-10",2026-08-03 08:38:00.000,
4661,Empresa FictÃ­cia 4661,"83.511.687/0001-11",2026-08-03 08:38:00.000,
4662,Empresa FictÃ­cia 4662,"83.512.704/0001-12",2026-08-03 08:38:00.000,
4663,Empresa FictÃ­cia 4663,"83.513.721/0001-13",2026-08-03 08:38:00.000,
4664,Empresa FictÃ­cia 4664,"83.514.738/0001-14",2026-08-03 08:38:00.000,
4665,Empresa FictÃ­cia 4665,"83.515.755/0001-15",2026-08-03 08:38:00.000,
4666,Empresa FictÃ­cia 4666,"83.516.772/0001-16",2026-08-03 08:38:00.000,
4667,Empresa FictÃ­cia 4667,"83.517.789/0001-17",2026-08-03 08:38:00.000,
4668,Empresa FictÃ­cia 4668,"83.518.806/0001-18",2026-08-03 08:38:00.000,
4669,Empresa FictÃ­cia 4669,"83.519.823/0001-19",2026-08-03 08:38:00.000,
4670,Empresa FictÃ­cia 4670,"83.520.840/0001-20",2026-08-03 08:38:00.000,
4671,Empresa FictÃ­cia 4671,"83.521.857/0001-21",2026-08-03 08:38:00.000,
4672,Empresa FictÃ­cia 4672,"83.522.874/0001-22",2026-08-03 08:38:00.000,
4673,Empresa FictÃ­cia 4673,"83.523.891/0001-23",2026-08-03 08:38:00.000,
4674,Empresa FictÃ­cia 4674,"83.524.908/0001-24",2026-08-03 08:38:00.000,
4675,Empresa FictÃ­cia 4675,"83.525.925/0001-25",2026-08-03 08:38:00.000,
4676,Empresa FictÃ­cia 4676,"83.526.942/0001-26",2026-08-03 08:38:00.000,
4677,Empresa FictÃ­cia 4677,"83.527.959/0001-27",2026-08-03 08:38:00.000,
4678,Empresa FictÃ­cia 4678,"83.528.976/0001-28",2026-08-03 08:38:00.000,
4679,Empresa FictÃ­cia 4679,"83.529.993/0001-29",2026-08-03 08:38:00.000,
4680,Empresa FictÃ­cia 4680,"83.530.010/0001-30",2026-08-03 08:38:00.000,
4681,Empresa FictÃ­cia 4681,"83.531.027/0001-31",2026-08-03 08:38:00.000,
4682,Empresa FictÃ­cia 4682,"83.532.044/0001-32",2026-08-03 08:38:00.000,
4683,Empresa FictÃ­cia 4683,"83.533.061/0001-33",2026-08-03 08:38:00.000,
4684,Empresa FictÃ­cia 4684,"83.534.078/0001-34",2026-08-03 08:38:00.000,
4685,Empresa FictÃ­cia 4685,"83.535.095/0001-35",2026-08-03 08:38:00.000,
4686,Empresa FictÃ­cia 4686,"83.536.112/0001-36",2026-08-03 08:38:00.000,
4687,Empresa FictÃ­cia 4687,"83.537.129/0001-37",2026-08-03 08:38:00.000,
4688,Empresa FictÃ­cia 4688,"83.538.146/0001-38",2026-08-03 08:38:00.000,
4689,Empresa FictÃ­cia 4689,"83.539.163/0001-39",2026-08-03 08:38:00.000,
4690,Empresa FictÃ­cia 4690,"83.540.180/0001-40",2026-08-03 08:38:00.000,
4691,Empresa FictÃ­cia 4691,"83.541.197/0001-41",2026-08-03 08:38:00.000,
4692,Empresa FictÃ­cia 4692,"83.542.214/0001-42",2026-08-03 08:38:00.000,
4693,Empresa FictÃ­cia 4693,"83.543.231/0001-43",2026-08-03 08:38:00.000,
4694,Empresa FictÃ­cia 4694,"83.544.248/0001-44",2026-08-03 08:38:00.000,
4695,Empresa FictÃ­cia 4695,"83.545.265/0001-45",2026-08-03 08:38:00.000,
4696,Empresa FictÃ­cia 4696,"83.546.282/0001-46",2026-08-03 08:38:00.000,
4697,Empresa FictÃ­cia 4697,"83.547.299/0001-47",2026-08-03 08:38:00.000,
4698,Empresa FictÃ­cia 4698,"83.548.316/0001-48",2026-08-03 08:38:00.000,
4699,Empresa FictÃ­cia 4699,"83.549.333/0001-49",2026-08-03 08:38:00.000,
4700,Empresa FictÃ­cia 4700,"83.550.350/0001-50",2026-08-03 08:38:00.000,
4701,Empresa FictÃ­cia 4701,"83.551.367/0001-51",2026-08-03 08:38:00.000,
4702,Empresa FictÃ­cia 4702,"83.552.384/0001-52",2026-08-03 08:38:00.000,
4703,Empresa FictÃ­cia 4703,"83.553.401/0001-53",2026-08-03 08:38:00.000,
4704,Empresa FictÃ­cia 4704,"83.554.418/0001-54",2026-08-03 08:38:00.000,
4705,Empresa FictÃ­cia 4705,"83.555.435/0001-55",2026-08-03 08:38:00.000,
4706,Empresa FictÃ­cia 4706,"83.556.452/0001-56",2026-08-03 08:38:00.000,
4707,Empresa FictÃ­cia 4707,"83.557.469/0001-57",2026-08-03 08:38:00.000,
4708,Empresa FictÃ­cia 4708,"83.558.486/0001-58",2026-08-03 08:38:00.000,
4709,Empresa FictÃ­cia 4709,"83.559.503/0001-59",2026-08-03 08:38:00.000,
4710,Empresa FictÃ­cia 4710,"83.560.520/0001-60",2026-08-03 08:38:00.000,
4711,Empresa FictÃ­cia 4711,"83.561.537/0001-61",2026-08-03 08:38:00.000,
4712,Empresa FictÃ­cia 4712,"83.562.554/0001-62",2026-08-03 08:38:00.000,
4713,Empresa FictÃ­cia 4713,"83.563.571/0001-63",2026-08-03 08:38:00.000,
4714,Empresa FictÃ­cia 4714,"83.564.588/0001-64",2026-08-03 08:38:00.000,
4715,Empresa FictÃ­cia 4715,"83.565.605/0001-65",2026-08-03 08:38:00.000,
4716,Empresa FictÃ­cia 4716,"83.566.622/0001-66",2026-08-03 08:38:00.000,
4717,Empresa FictÃ­cia 4717,"83.567.639/0001-67",2026-08-03 08:38:00.000,
4718,Empresa FictÃ­cia 4718,"83.568.656/0001-68",2026-08-03 08:38:00.000,
4719,Empresa FictÃ­cia 4719,"83.569.673/0001-69",2026-08-03 08:38:00.000,
4720,Empresa FictÃ­cia 4720,"83.570.690/0001-70",2026-08-03 08:38:00.000,
4721,Empresa FictÃ­cia 4721,"83.571.707/0001-71",2026-08-03 08:38:00.000,
4722,Empresa FictÃ­cia 4722,"83.572.724/0001-72",2026-08-03 08:38:00.000,
4723,Empresa FictÃ­cia 4723,"83.573.741/0001-73",2026-08-03 08:38:00.000,
4724,Empresa FictÃ­cia 4724,"83.574.758/0001-74",2026-08-03 08:38:00.000,
4725,Empresa FictÃ­cia 4725,"83.575.775/0001-75",2026-08-03 08:38:00.000,
4726,Empresa FictÃ­cia 4726,"83.576.792/0001-76",2026-08-03 08:38:00.000,
4727,Empresa FictÃ­cia 4727,"83.577.809/0001-77",2026-08-03 08:38:00.000,
4728,Empresa FictÃ­cia 4728,"83.578.826/0001-78",2026-08-03 08:38:00.000,
4729,Empresa FictÃ­cia 4729,"83.579.843/0001-79",2026-08-03 08:38:00.000,
4730,Empresa FictÃ­cia 4730,"83.580.860/0001-80",2026-08-03 08:38:00.000,
4731,Empresa FictÃ­cia 4731,"83.581.877/0001-81",2026-08-03 08:38:00.000,
4732,Empresa FictÃ­cia 4732,"83.582.894/0001-82",2026-08-03 08:38:00.000,
4733,Empresa FictÃ­cia 4733,"83.583.911/0001-83",2026-08-03 08:38:00.000,
4734,Empresa FictÃ­cia 4734,"83.584.928/0001-84",2026-08-03 08:38:00.000,
4735,Empresa FictÃ­cia 4735,"83.585.945/0001-85",2026-08-03 08:38:00.000,
4736,Empresa FictÃ­cia 4736,"83.586.962/0001-86",2026-08-03 08:38:00.000,
4737,Empresa FictÃ­cia 4737,"83.587.979/0001-87",2026-08-03 08:38:00.000,
4738,Empresa FictÃ­cia 4738,"83.588.996/0001-88",2026-08-03 08:38:00.000,
4739,Empresa FictÃ­cia 4739,"83.589.013/0001-89",2026-08-03 08:38:00.000,
4740,Empresa FictÃ­cia 4740,"83.590.030/0001-90",2026-08-03 08:38:00.000,
4741,Empresa FictÃ­cia 4741,"83.591.047/0001-91",2026-08-03 08:38:00.000,
4742,Empresa FictÃ­cia 4742,"83.592.064/0001-92",2026-08-03 08:38:00.000,
4743,Empresa FictÃ­cia 4743,"83.593.081/0001-93",2026-08-03 08:38:00.000,
4744,Empresa FictÃ­cia 4744,"83.594.098/0001-94",2026-08-03 08:38:00.000,
4745,Empresa FictÃ­cia 4745,"83.595.115/0001-95",2026-08-03 08:38:00.000,
4746,Empresa FictÃ­cia 4746,"83.596.132/0001-96",2026-08-03 08:38:00.000,
4747,Empresa FictÃ­cia 4747,"83.597.149/0001-97",2026-08-03 08:38:00.000,
4748,Empresa FictÃ­cia 4748,"83.598.166/0001-98",2026-08-03 08:38:00.000,
4749,Empresa FictÃ­cia 4749,"83.599.183/0001-99",2026-08-03 08:38:00.000,
4750,Empresa FictÃ­cia 4750,"83.600.200/0001-00",2026-08-03 08:38:00.000,
4751,Empresa FictÃ­cia 4751,"83.601.217/0001-01",2026-08-03 08:38:00.000,
4752,Empresa FictÃ­cia 4752,"83.602.234/0001-02",2026-08-03 08:38:00.000,
4753,Empresa FictÃ­cia 4753,"83.603.251/0001-03",2026-08-03 08:38:00.000,
4754,Empresa FictÃ­cia 4754,"83.604.268/0001-04",2026-08-03 08:38:00.000,
4755,Empresa FictÃ­cia 4755,"83.605.285/0001-05",2026-08-03 08:38:00.000,
4756,Empresa FictÃ­cia 4756,"83.606.302/0001-06",2026-08-03 08:38:00.000,
4757,Empresa FictÃ­cia 4757,"83.607.319/0001-07",2026-08-03 08:38:00.000,
4758,Empresa FictÃ­cia 4758,"83.608.336/0001-08",2026-08-03 08:38:00.000,
4759,Empresa FictÃ­cia 4759,"83.609.353/0001-09",2026-08-03 08:38:00.000,
4760,Empresa FictÃ­cia 4760,"83.610.370/0001-10",2026-08-03 08:38:00.000,
4761,Empresa FictÃ­cia 4761,"83.611.387/0001-11",2026-08-03 08:38:00.000,
4762,Empresa FictÃ­cia 4762,"83.612.404/0001-12",2026-08-03 08:38:00.000,
4763,Empresa FictÃ­cia 4763,"83.613.421/0001-13",2026-08-03 08:38:00.000,
4764,Empresa FictÃ­cia 4764,"83.614.438/0001-14",2026-08-03 08:38:00.000,
4765,Empresa FictÃ­cia 4765,"83.615.455/0001-15",2026-08-03 08:38:00.000,
4766,Empresa FictÃ­cia 4766,"83.616.472/0001-16",2026-08-03 08:38:00.000,
4767,Empresa FictÃ­cia 4767,"83.617.489/0001-17",2026-08-03 08:38:00.000,
4768,Empresa FictÃ­cia 4768,"83.618.506/0001-18",2026-08-03 08:38:00.000,
4769,Empresa FictÃ­cia 4769,"83.619.523/0001-19",2026-08-03 08:38:00.000,
4770,Empresa FictÃ­cia 4770,"83.620.540/0001-20",2026-08-03 08:38:00.000,
4771,Empresa FictÃ­cia 4771,"83.621.557/0001-21",2026-08-03 08:38:00.000,
4772,Empresa FictÃ­cia 4772,"83.622.574/0001-22",2026-08-03 08:38:00.000,
4773,Empresa FictÃ­cia 4773,"83.623.591/0001-23",2026-08-03 08:38:00.000,
4774,Empresa FictÃ­cia 4774,"83.624.608/0001-24",2026-08-03 08:38:00.000,
4775,Empresa FictÃ­cia 4775,"83.625.625/0001-25",2026-08-03 08:38:00.000,
4776,Empresa FictÃ­cia 4776,"83.626.642/0001-26",2026-08-03 08:38:00.000,
4777,Empresa FictÃ­cia 4777,"83.627.659/0001-27",2026-08-03 08:38:00.000,
4778,Empresa FictÃ­cia 4778,"83.628.676/0001-28",2026-08-03 08:38:00.000,
4779,Empresa FictÃ­cia 4779,"83.629.693/0001-29",2026-08-03 08:38:00.000,
4780,Empresa FictÃ­cia 4780,"83.630.710/0001-30",2026-08-03 08:38:00.000,
4781,Empresa FictÃ­cia 4781,"83.631.727/0001-31",2026-08-03 08:38:00.000,
4782,Empresa FictÃ­cia 4782,"83.632.744/0001-32",2026-08-03 08:38:00.000,
4783,Empresa FictÃ­cia 4783,"83.633.761/0001-33",2026-08-03 08:38:00.000,
4784,Empresa FictÃ­cia 4784,"83.634.778/0001-34",2026-08-03 08:38:00.000,
4785,Empresa FictÃ­cia 4785,"83.635.795/0001-35",2026-08-03 08:38:00.000,
4786,Empresa FictÃ­cia 4786,"83.636.812/0001-36",2026-08-03 08:38:00.000,
4787,Empresa FictÃ­cia 4787,"83.637.829/0001-37",2026-08-03 08:38:00.000,
4788,Empresa FictÃ­cia 4788,"83.638.846/0001-38",2026-08-03 08:38:00.000,
4789,Empresa FictÃ­cia 4789,"83.639.863/0001-39",2026-08-03 08:38:00.000,
4790,Empresa FictÃ­cia 4790,"83.640.880/0001-40",2026-08-03 08:38:00.000,
4791,Empresa FictÃ­cia 4791,"83.641.897/0001-41",2026-08-03 08:38:00.000,
4792,Empresa FictÃ­cia 4792,"83.642.914/0001-42",2026-08-03 08:38:00.000,
4793,Empresa FictÃ­cia 4793,"83.643.931/0001-43",2026-08-03 08:38:00.000,
4794,Empresa FictÃ­cia 4794,"83.644.948/0001-44",2026-08-03 08:38:00.000,
4795,Empresa FictÃ­cia 4795,"83.645.965/0001-45",2026-08-03 08:38:00.000,
4796,Empresa FictÃ­cia 4796,"83.646.982/0001-46",2026-08-03 08:38:00.000,
4797,Empresa FictÃ­cia 4797,"83.647.999/0001-47",2026-08-03 08:38:00.000,
4798,Empresa FictÃ­cia 4798,"83.648.016/0001-48",2026-08-03 08:38:00.000,
4799,Empresa FictÃ­cia 4799,"83.649.033/0001-49",2026-08-03 08:38:00.000,
4800,Empresa FictÃ­cia 4800,"83.650.050/0001-50",2026-08-03 08:38:00.000,
4801,Empresa FictÃ­cia 4801,"83.651.067/0001-51",2026-08-03 08:38:00.000,
4802,Empresa FictÃ­cia 4802,"83.652.084/0001-52",2026-08-03 08:38:00.000,
4803,Empresa FictÃ­cia 4803,"83.653.101/0001-53",2026-08-03 08:38:00.000,
4804,Empresa FictÃ­cia 4804,"83.654.118/0001-54",2026-08-03 08:38:00.000,
4805,Empresa FictÃ­cia 4805,"83.655.135/0001-55",2026-08-03 08:38:00.000,
4806,Empresa FictÃ­cia 4806,"83.656.152/0001-56",2026-08-03 08:38:00.000,
4807,Empresa FictÃ­cia 4807,"83.657.169/0001-57",2026-08-03 08:38:00.000,
4808,Empresa FictÃ­cia 4808,"83.658.186/0001-58",2026-08-03 08:38:00.000,
4809,Empresa FictÃ­cia 4809,"83.659.203/0001-59",2026-08-03 08:38:00.000,
4810,Empresa FictÃ­cia 4810,"83.660.220/0001-60",2026-08-03 08:38:00.000,
4811,Empresa FictÃ­cia 4811,"83.661.237/0001-61",2026-08-03 08:38:00.000,
4812,Empresa FictÃ­cia 4812,"83.662.254/0001-62",2026-08-03 08:38:00.000,
4813,Empresa FictÃ­cia 4813,"83.663.271/0001-63",2026-08-03 08:38:00.000,
4814,Empresa FictÃ­cia 4814,"83.664.288/0001-64",2026-08-03 08:38:00.000,
4815,Empresa FictÃ­cia 4815,"83.665.305/0001-65",2026-08-03 08:38:00.000,
4816,Empresa FictÃ­cia 4816,"83.666.322/0001-66",2026-08-03 08:38:00.000,
4817,Empresa FictÃ­cia 4817,"83.667.339/0001-67",2026-08-03 08:38:00.000,
4818,Empresa FictÃ­cia 4818,"83.668.356/0001-68",2026-08-03 08:38:00.000,
4819,Empresa FictÃ­cia 4819,"83.669.373/0001-69",2026-08-03 08:38:00.000,
4820,Empresa FictÃ­cia 4820,"83.670.390/0001-70",2026-08-03 08:38:00.000,
4821,Empresa FictÃ­cia 4821,"83.671.407/0001-71",2026-08-03 08:38:00.000,
4822,Empresa FictÃ­cia 4822,"83.672.424/0001-72",2026-08-03 08:38:00.000,
4823,Empresa FictÃ­cia 4823,"83.673.441/0001-73",2026-08-03 08:38:00.000,
4824,Empresa FictÃ­cia 4824,"83.674.458/0001-74",2026-08-03 08:38:00.000,
4825,Empresa FictÃ­cia 4825,"83.675.475/0001-75",2026-08-03 08:38:00.000,
4826,Empresa FictÃ­cia 4826,"83.676.492/0001-76",2026-08-03 08:38:00.000,
4827,Empresa FictÃ­cia 4827,"83.677.509/0001-77",2026-08-03 08:38:00.000,
4828,Empresa FictÃ­cia 4828,"83.678.526/0001-78",2026-08-03 08:38:00.000,
4829,Empresa FictÃ­cia 4829,"83.679.543/0001-79",2026-08-03 08:38:00.000,
4830,Empresa FictÃ­cia 4830,"83.680.560/0001-80",2026-08-03 08:38:00.000,
4831,Empresa FictÃ­cia 4831,"83.681.577/0001-81",2026-08-03 08:38:00.000,
4832,Empresa FictÃ­cia 4832,"83.682.594/0001-82",2026-08-03 08:38:00.000,
4833,Empresa FictÃ­cia 4833,"83.683.611/0001-83",2026-08-03 08:38:00.000,
4834,Empresa FictÃ­cia 4834,"83.684.628/0001-84",2026-08-03 08:38:00.000,
4835,Empresa FictÃ­cia 4835,"83.685.645/0001-85",2026-08-03 08:38:00.000,
4836,Empresa FictÃ­cia 4836,"83.686.662/0001-86",2026-08-03 08:38:00.000,
4837,Empresa FictÃ­cia 4837,"83.687.679/0001-87",2026-08-03 08:38:00.000,
4838,Empresa FictÃ­cia 4838,"83.688.696/0001-88",2026-08-03 08:38:00.000,
4839,Empresa FictÃ­cia 4839,"83.689.713/0001-89",2026-08-03 08:38:00.000,
4840,Empresa FictÃ­cia 4840,"83.690.730/0001-90",2026-08-03 08:38:00.000,
4841,Empresa FictÃ­cia 4841,"83.691.747/0001-91",2026-08-03 08:38:00.000,
4842,Empresa FictÃ­cia 4842,"83.692.764/0001-92",2026-08-03 08:38:00.000,
4843,Empresa FictÃ­cia 4843,"83.693.781/0001-93",2026-08-03 08:38:00.000,
4844,Empresa FictÃ­cia 4844,"83.694.798/0001-94",2026-08-03 08:38:00.000,
4845,Empresa FictÃ­cia 4845,"83.695.815/0001-95",2026-08-03 08:38:00.000,
4846,Empresa FictÃ­cia 4846,"83.696.832/0001-96",2026-08-03 08:38:00.000,
4847,Empresa FictÃ­cia 4847,"83.697.849/0001-97",2026-08-03 08:38:00.000,
4848,Empresa FictÃ­cia 4848,"83.698.866/0001-98",2026-08-03 08:38:00.000,
4849,Empresa FictÃ­cia 4849,"83.699.883/0001-99",2026-08-03 08:38:00.000,
4850,Empresa FictÃ­cia 4850,"83.700.900/0001-00",2026-08-03 08:38:00.000,
4851,Empresa FictÃ­cia 4851,"83.701.917/0001-01",2026-08-03 08:38:00.000,
4852,Empresa FictÃ­cia 4852,"83.702.934/0001-02",2026-08-03 08:38:00.000,
4853,Empresa FictÃ­cia 4853,"83.703.951/0001-03",2026-08-03 08:38:00.000,
4854,Empresa FictÃ­cia 4854,"83.704.968/0001-04",2026-08-03 08:38:00.000,
4855,Empresa FictÃ­cia 4855,"83.705.985/0001-05",2026-08-03 08:38:00.000,
4856,Empresa FictÃ­cia 4856,"83.706.002/0001-06",2026-08-03 08:38:00.000,
4857,Empresa FictÃ­cia 4857,"83.707.019/0001-07",2026-08-03 08:38:00.000,
4858,Empresa FictÃ­cia 4858,"83.708.036/0001-08",2026-08-03 08:38:00.000,
4859,Empresa FictÃ­cia 4859,"83.709.053/0001-09",2026-08-03 08:38:00.000,
4860,Empresa FictÃ­cia 4860,"83.710.070/0001-10",2026-08-03 08:38:00.000,
4861,Empresa FictÃ­cia 4861,"83.711.087/0001-11",2026-08-03 08:38:00.000,
4862,Empresa FictÃ­cia 4862,"83.712.104/0001-12",2026-08-03 08:38:00.000,
4863,Empresa FictÃ­cia 4863,"83.713.121/0001-13",2026-08-03 08:38:00.000,
4864,Empresa FictÃ­cia 4864,"83.714.138/0001-14",2026-08-03 08:38:00.000,
4865,Empresa FictÃ­cia 4865,"83.715.155/0001-15",2026-08-03 08:38:00.000,
4866,Empresa FictÃ­cia 4866,"83.716.172/0001-16",2026-08-03 08:38:00.000,
4867,Empresa FictÃ­cia 4867,"83.717.189/0001-17",2026-08-03 08:38:00.000,
4868,Empresa FictÃ­cia 4868,"83.718.206/0001-18",2026-08-03 08:38:00.000,
4869,Empresa FictÃ­cia 4869,"83.719.223/0001-19",2026-08-03 08:38:00.000,
4870,Empresa FictÃ­cia 4870,"83.720.240/0001-20",2026-08-03 08:38:00.000,
4871,Empresa FictÃ­cia 4871,"83.721.257/0001-21",2026-08-03 08:38:00.000,
4872,Empresa FictÃ­cia 4872,"83.722.274/0001-22",2026-08-03 08:38:00.000,
4873,Empresa FictÃ­cia 4873,"83.723.291/0001-23",2026-08-03 08:38:00.000,
4874,Empresa FictÃ­cia 4874,"83.724.308/0001-24",2026-08-03 08:38:00.000,
4875,Empresa FictÃ­cia 4875,"83.725.325/0001-25",2026-08-03 08:38:00.000,
4876,Empresa FictÃ­cia 4876,"83.726.342/0001-26",2026-08-03 08:38:00.000,
4877,Empresa FictÃ­cia 4877,"83.727.359/0001-27",2026-08-03 08:38:00.000,
4878,Empresa FictÃ­cia 4878,"83.728.376/0001-28",2026-08-03 08:38:00.000,
4879,Empresa FictÃ­cia 4879,"83.729.393/0001-29",2026-08-03 08:38:00.000,
4880,Empresa FictÃ­cia 4880,"83.730.410/0001-30",2026-08-03 08:38:00.000,
4881,Empresa FictÃ­cia 4881,"83.731.427/0001-31",2026-08-03 08:38:00.000,
4882,Empresa FictÃ­cia 4882,"83.732.444/0001-32",2026-08-03 08:38:00.000,
4883,Empresa FictÃ­cia 4883,"83.733.461/0001-33",2026-08-03 08:38:00.000,
4884,Empresa FictÃ­cia 4884,"83.734.478/0001-34",2026-08-03 08:38:00.000,
4885,Empresa FictÃ­cia 4885,"83.735.495/0001-35",2026-08-03 08:38:00.000,
4886,Empresa FictÃ­cia 4886,"83.736.512/0001-36",2026-08-03 08:38:00.000,
4887,Empresa FictÃ­cia 4887,"83.737.529/0001-37",2026-08-03 08:38:00.000,
4888,Empresa FictÃ­cia 4888,"83.738.546/0001-38",2026-08-03 08:38:00.000,
4889,Empresa FictÃ­cia 4889,"83.739.563/0001-39",2026-08-03 08:38:00.000,
4890,Empresa FictÃ­cia 4890,"83.740.580/0001-40",2026-08-03 08:38:00.000,
4891,Empresa FictÃ­cia 4891,"83.741.597/0001-41",2026-08-03 08:38:00.000,
4892,Empresa FictÃ­cia 4892,"83.742.614/0001-42",2026-08-03 08:38:00.000,
4893,Empresa FictÃ­cia 4893,"83.743.631/0001-43",2026-08-03 08:38:00.000,
4894,Empresa FictÃ­cia 4894,"83.744.648/0001-44",2026-08-03 08:38:00.000,
4895,Empresa FictÃ­cia 4895,"83.745.665/0001-45",2026-08-03 08:38:00.000,
4896,Empresa FictÃ­cia 4896,"83.746.682/0001-46",2026-08-03 08:38:00.000,
4897,Empresa FictÃ­cia 4897,"83.747.699/0001-47",2026-08-03 08:38:00.000,
4898,Empresa FictÃ­cia 4898,"83.748.716/0001-48",2026-08-03 08:38:00.000,
4899,Empresa FictÃ­cia 4899,"83.749.733/0001-49",2026-08-03 08:38:00.000,
4900,Empresa FictÃ­cia 4900,"83.750.750/0001-50",2026-08-03 08:38:00.000,
4901,Empresa FictÃ­cia 4901,"83.751.767/0001-51",2026-08-03 08:38:00.000,
4902,Empresa FictÃ­cia 4902,"83.752.784/0001-52",2026-08-03 08:38:00.000,
4903,Empresa FictÃ­cia 4903,"83.753.801/0001-53",2026-08-03 08:38:00.000,
4904,Empresa FictÃ­cia 4904,"83.754.818/0001-54",2026-08-03 08:38:00.000,
4905,Empresa FictÃ­cia 4905,"83.755.835/0001-55",2026-08-03 08:38:00.000,
4906,Empresa FictÃ­cia 4906,"83.756.852/0001-56",2026-08-03 08:38:00.000,
4907,Empresa FictÃ­cia 4907,"83.757.869/0001-57",2026-08-03 08:38:00.000,
4908,Empresa FictÃ­cia 4908,"83.758.886/0001-58",2026-08-03 08:38:00.000,
4909,Empresa FictÃ­cia 4909,"83.759.903/0001-59",2026-08-03 08:38:00.000,
4910,Empresa FictÃ­cia 4910,"83.760.920/0001-60",2026-08-03 08:38:00.000,
4911,Empresa FictÃ­cia 4911,"83.761.937/0001-61",2026-08-03 08:38:00.000,
4912,Empresa FictÃ­cia 4912,"83.762.954/0001-62",2026-08-03 08:38:00.000,
4913,Empresa FictÃ­cia 4913,"83.763.971/0001-63",2026-08-03 08:38:00.000,
4914,Empresa FictÃ­cia 4914,"83.764.988/0001-64",2026-08-03 08:38:00.000,
4915,Empresa FictÃ­cia 4915,"83.765.005/0001-65",2026-08-03 08:38:00.000,
4916,Empresa FictÃ­cia 4916,"83.766.022/0001-66",2026-08-03 08:38:00.000,
4917,Empresa FictÃ­cia 4917,"83.767.039/0001-67",2026-08-03 08:38:00.000,
4918,Empresa FictÃ­cia 4918,"83.768.056/0001-68",2026-08-03 08:38:00.000,
4919,Empresa FictÃ­cia 4919,"83.769.073/0001-69",2026-08-03 08:38:00.000,
4920,Empresa FictÃ­cia 4920,"83.770.090/0001-70",2026-08-03 08:38:00.000,
4921,Empresa FictÃ­cia 4921,"83.771.107/0001-71",2026-08-03 08:38:00.000,
4922,Empresa FictÃ­cia 4922,"83.772.124/0001-72",2026-08-03 08:38:00.000,
4923,Empresa FictÃ­cia 4923,"83.773.141/0001-73",2026-08-03 08:38:00.000,
4924,Empresa FictÃ­cia 4924,"83.774.158/0001-74",2026-08-03 08:38:00.000,
4925,Empresa FictÃ­cia 4925,"83.775.175/0001-75",2026-08-03 08:38:00.000,
4926,Empresa FictÃ­cia 4926,"83.776.192/0001-76",2026-08-03 08:38:00.000,
4927,Empresa FictÃ­cia 4927,"83.777.209/0001-77",2026-08-03 08:38:00.000,
4928,Empresa FictÃ­cia 4928,"83.778.226/0001-78",2026-08-03 08:38:00.000,
4929,Empresa FictÃ­cia 4929,"83.779.243/0001-79",2026-08-03 08:38:00.000,
4930,Empresa FictÃ­cia 4930,"83.780.260/0001-80",2026-08-03 08:38:00.000,
4931,Empresa FictÃ­cia 4931,"83.781.277/0001-81",2026-08-03 08:38:00.000,
4932,Empresa FictÃ­cia 4932,"83.782.294/0001-82",2026-08-03 08:38:00.000,
4933,Empresa FictÃ­cia 4933,"83.783.311/0001-83",2026-08-03 08:38:00.000,
4934,Empresa FictÃ­cia 4934,"83.784.328/0001-84",2026-08-03 08:38:00.000,
4935,Empresa FictÃ­cia 4935,"83.785.345/0001-85",2026-08-03 08:38:00.000,
4936,Empresa FictÃ­cia 4936,"83.786.362/0001-86",2026-08-03 08:38:00.000,
4937,Empresa FictÃ­cia 4937,"83.787.379/0001-87",2026-08-03 08:38:00.000,
4938,Empresa FictÃ­cia 4938,"83.788.396/0001-88",2026-08-03 08:38:00.000,
4939,Empresa FictÃ­cia 4939,"83.789.413/0001-89",2026-08-03 08:38:00.000,
4940,Empresa FictÃ­cia 4940,"83.790.430/0001-90",2026-08-03 08:38:00.000,
4941,Empresa FictÃ­cia 4941,"83.791.447/0001-91",2026-08-03 08:38:00.000,
4942,Empresa FictÃ­cia 4942,"83.792.464/0001-92",2026-08-03 08:38:00.000,
4943,Empresa FictÃ­cia 4943,"83.793.481/0001-93",2026-08-03 08:38:00.000,
4944,Empresa FictÃ­cia 4944,"83.794.498/0001-94",2026-08-03 08:38:00.000,
4945,Empresa FictÃ­cia 4945,"83.795.515/0001-95",2026-08-03 08:38:00.000,
4946,Empresa FictÃ­cia 4946,"83.796.532/0001-96",2026-08-03 08:38:00.000,
4947,Empresa FictÃ­cia 4947,"83.797.549/0001-97",2026-08-03 08:38:00.000,
4948,Empresa FictÃ­cia 4948,"83.798.566/0001-98",2026-08-03 08:38:00.000,
4949,Empresa FictÃ­cia 4949,"83.799.583/0001-99",2026-08-03 08:38:00.000,
4950,Empresa FictÃ­cia 4950,"83.800.600/0001-00",2026-08-03 08:38:00.000,
4951,Empresa FictÃ­cia 4951,"83.801.617/0001-01",2026-08-03 08:38:00.000,
4952,Empresa FictÃ­cia 4952,"83.802.634/0001-02",2026-08-03 08:38:00.000,
4953,Empresa FictÃ­cia 4953,"83.803.651/0001-03",2026-08-03 08:38:00.000,
4954,Empresa FictÃ­cia 4954,"83.804.668/0001-04",2026-08-03 08:38:00.000,
4955,Empresa FictÃ­cia 4955,"83.805.685/0001-05",2026-08-03 08:38:00.000,
4956,Empresa FictÃ­cia 4956,"83.806.702/0001-06",2026-08-03 08:38:00.000,
4957,Empresa FictÃ­cia 4957,"83.807.719/0001-07",2026-08-03 08:38:00.000,
4958,Empresa FictÃ­cia 4958,"83.808.736/0001-08",2026-08-03 08:38:00.000,
4959,Empresa FictÃ­cia 4959,"83.809.753/0001-09",2026-08-03 08:38:00.000,
4960,Empresa FictÃ­cia 4960,"83.810.770/0001-10",2026-08-03 08:38:00.000,
4961,Empresa FictÃ­cia 4961,"83.811.787/0001-11",2026-08-03 08:38:00.000,
4962,Empresa FictÃ­cia 4962,"83.812.804/0001-12",2026-08-03 08:38:00.000,
4963,Empresa FictÃ­cia 4963,"83.813.821/0001-13",2026-08-03 08:38:00.000,
4964,Empresa FictÃ­cia 4964,"83.814.838/0001-14",2026-08-03 08:38:00.000,
4965,Empresa FictÃ­cia 4965,"83.815.855/0001-15",2026-08-03 08:38:00.000,
4966,Empresa FictÃ­cia 4966,"83.816.872/0001-16",2026-08-03 08:38:00.000,
4967,Empresa FictÃ­cia 4967,"83.817.889/0001-17",2026-08-03 08:38:00.000,
4968,Empresa FictÃ­cia 4968,"83.818.906/0001-18",2026-08-03 08:38:00.000,
4969,Empresa FictÃ­cia 4969,"83.819.923/0001-19",2026-08-03 08:38:00.000,
4970,Empresa FictÃ­cia 4970,"83.820.940/0001-20",2026-08-03 08:38:00.000,
4971,Empresa FictÃ­cia 4971,"83.821.957/0001-21",2026-08-03 08:38:00.000,
4972,Empresa FictÃ­cia 4972,"83.822.974/0001-22",2026-08-03 08:38:00.000,
4973,Empresa FictÃ­cia 4973,"83.823.991/0001-23",2026-08-03 08:38:00.000,
4974,Empresa FictÃ­cia 4974,"83.824.008/0001-24",2026-08-03 08:38:00.000,
4975,Empresa FictÃ­cia 4975,"83.825.025/0001-25",2026-08-03 08:38:00.000,
4976,Empresa FictÃ­cia 4976,"83.826.042/0001-26",2026-08-03 08:38:00.000,
4977,Empresa FictÃ­cia 4977,"83.827.059/0001-27",2026-08-03 08:38:00.000,
4978,Empresa FictÃ­cia 4978,"83.828.076/0001-28",2026-08-03 08:38:00.000,
4979,Empresa FictÃ­cia 4979,"83.829.093/0001-29",2026-08-03 08:38:00.000,
4980,Empresa FictÃ­cia 4980,"83.830.110/0001-30",2026-08-03 08:38:00.000,
4981,Empresa FictÃ­cia 4981,"83.831.127/0001-31",2026-08-03 08:38:00.000,
4982,Empresa FictÃ­cia 4982,"83.832.144/0001-32",2026-08-03 08:38:00.000,
4983,Empresa FictÃ­cia 4983,"83.833.161/0001-33",2026-08-03 08:38:00.000,
4984,Empresa FictÃ­cia 4984,"83.834.178/0001-34",2026-08-03 08:38:00.000,
4985,Empresa FictÃ­cia 4985,"83.835.195/0001-35",2026-08-03 08:38:00.000,
4986,Empresa FictÃ­cia 4986,"83.836.212/0001-36",2026-08-03 08:38:00.000,
4987,Empresa FictÃ­cia 4987,"83.837.229/0001-37",2026-08-03 08:38:00.000,
4988,Empresa FictÃ­cia 4988,"83.838.246/0001-38",2026-08-03 08:38:00.000,
4989,Empresa FictÃ­cia 4989,"83.839.263/0001-39",2026-08-03 08:38:00.000,
4990,Empresa FictÃ­cia 4990,"83.840.280/0001-40",2026-08-03 08:38:00.000,
4991,Empresa FictÃ­cia 4991,"83.841.297/0001-41",2026-08-03 08:38:00.000,
4992,Empresa FictÃ­cia 4992,"83.842.314/0001-42",2026-08-03 08:38:00.000,
4993,Empresa FictÃ­cia 4993,"83.843.331/0001-43",2026-08-03 08:38:00.000,
4994,Empresa FictÃ­cia 4994,"83.844.348/0001-44",2026-08-03 08:38:00.000,
4995,Empresa FictÃ­cia 4995,"83.845.365/0001-45",2026-08-03 08:38:00.000,
4996,Empresa FictÃ­cia 4996,"83.846.382/0001-46",2026-08-03 08:38:00.000,
4997,Empresa FictÃ­cia 4997,"83.847.399/0001-47",2026-08-03 08:38:00.000,
4998,Empresa FictÃ­cia 4998,"83.848.416/0001-48",2026-08-03 08:38:00.000,
4999,Empresa FictÃ­cia 4999,"83.849.433/0001-49",2026-08-03 08:38:00.000,
5000,Empresa FictÃ­cia 5000,"83.850.450/0001-50",2026-08-03 08:38:00.000,
5001,Empresa FictÃ­cia 5001,"83.851.467/0001-51",2026-08-03 08:38:00.000,
5002,Empresa FictÃ­cia 5002,"83.852.484/0001-52",2026-08-03 08:38:00.000,
5003,Empresa FictÃ­cia 5003,"83.853.501/0001-53",2026-08-03 08:38:00.000,
5004,Empresa FictÃ­cia 5004,"83.854.518/0001-54",2026-08-03 08:38:00.000,
5005,Empresa FictÃ­cia 5005,"83.855.535/0001-55",2026-08-03 08:38:00.000,
5006,Empresa FictÃ­cia 5006,"83.856.552/0001-56",2026-08-03 08:38:00.000,
5007,Empresa FictÃ­cia 5007,"83.857.569/0001-57",2026-08-03 08:38:00.000,
5008,Empresa FictÃ­cia 5008,"83.858.586/0001-58",2026-08-03 08:38:00.000,
5009,Empresa FictÃ­cia 5009,"83.859.603/0001-59",2026-08-03 08:38:00.000,
5010,Empresa FictÃ­cia 5010,"83.860.620/0001-60",2026-08-03 08:38:00.000,
5011,Empresa FictÃ­cia 5011,"83.861.637/0001-61",2026-08-03 08:38:00.000,
5012,Empresa FictÃ­cia 5012,"83.862.654/0001-62",2026-08-03 08:38:00.000,
5013,Empresa FictÃ­cia 5013,"83.863.671/0001-63",2026-08-03 08:38:00.000,
5014,Empresa FictÃ­cia 5014,"83.864.688/0001-64",2026-08-03 08:38:00.000,
5015,Empresa FictÃ­cia 5015,"83.865.705/0001-65",2026-08-03 08:38:00.000,
5016,Empresa FictÃ­cia 5016,"83.866.722/0001-66",2026-08-03 08:38:00.000,
5017,Empresa FictÃ­cia 5017,"83.867.739/0001-67",2026-08-03 08:38:00.000,
5018,Empresa FictÃ­cia 5018,"83.868.756/0001-68",2026-08-03 08:38:00.000,
5019,Empresa FictÃ­cia 5019,"83.869.773/0001-69",2026-08-03 08:38:00.000,
5020,Empresa FictÃ­cia 5020,"83.870.790/0001-70",2026-08-03 08:38:00.000,
5021,Empresa FictÃ­cia 5021,"83.871.807/0001-71",2026-08-03 08:38:00.000,
5022,Empresa FictÃ­cia 5022,"83.872.824/0001-72",2026-08-03 08:38:00.000,
5023,Empresa FictÃ­cia 5023,"83.873.841/0001-73",2026-08-03 08:38:00.000,
5024,Empresa FictÃ­cia 5024,"83.874.858/0001-74",2026-08-03 08:38:00.000,
5025,Empresa FictÃ­cia 5025,"83.875.875/0001-75",2026-08-03 08:38:00.000,
5026,Empresa FictÃ­cia 5026,"83.876.892/0001-76",2026-08-03 08:38:00.000,
5027,Empresa FictÃ­cia 5027,"83.877.909/0001-77",2026-08-03 08:38:00.000,
5028,Empresa FictÃ­cia 5028,"83.878.926/0001-78",2026-08-03 08:38:00.000,
5029,Empresa FictÃ­cia 5029,"83.879.943/0001-79",2026-08-03 08:38:00.000,
5030,Empresa FictÃ­cia 5030,"83.880.960/0001-80",2026-08-03 08:38:00.000,
5031,Empresa FictÃ­cia 5031,"83.881.977/0001-81",2026-08-03 08:38:00.000,
5032,Empresa FictÃ­cia 5032,"83.882.994/0001-82",2026-08-03 08:38:00.000,
5033,Empresa FictÃ­cia 5033,"83.883.011/0001-83",2026-08-03 08:38:00.000,
5034,Empresa FictÃ­cia 5034,"83.884.028/0001-84",2026-08-03 08:38:00.000,
5035,Empresa FictÃ­cia 5035,"83.885.045/0001-85",2026-08-03 08:38:00.000,
5036,Empresa FictÃ­cia 5036,"83.886.062/0001-86",2026-08-03 08:38:00.000,
5037,Empresa FictÃ­cia 5037,"83.887.079/0001-87",2026-08-03 08:38:00.000,
5038,Empresa FictÃ­cia 5038,"83.888.096/0001-88",2026-08-03 08:38:00.000,
5039,Empresa FictÃ­cia 5039,"83.889.113/0001-89",2026-08-03 08:38:00.000,
5040,Empresa FictÃ­cia 5040,"83.890.130/0001-90",2026-08-03 08:38:00.000,
5041,Empresa FictÃ­cia 5041,"83.891.147/0001-91",2026-08-03 08:38:00.000,
5042,Empresa FictÃ­cia 5042,"83.892.164/0001-92",2026-08-03 08:38:00.000,
5043,Empresa FictÃ­cia 5043,"83.893.181/0001-93",2026-08-03 08:38:00.000,
5044,Empresa FictÃ­cia 5044,"83.894.198/0001-94",2026-08-03 08:38:00.000,
5045,Empresa FictÃ­cia 5045,"83.895.215/0001-95",2026-08-03 08:38:00.000,
5046,Empresa FictÃ­cia 5046,"83.896.232/0001-96",2026-08-03 08:38:00.000,
5047,Empresa FictÃ­cia 5047,"83.897.249/0001-97",2026-08-03 08:38:00.000,
5048,Empresa FictÃ­cia 5048,"83.898.266/0001-98",2026-08-03 08:38:00.000,
5049,Empresa FictÃ­cia 5049,"83.899.283/0001-99",2026-08-03 08:38:00.000,
5050,Empresa FictÃ­cia 5050,"83.900.300/0001-00",2026-08-03 08:38:00.000,
5051,Empresa FictÃ­cia 5051,"83.901.317/0001-01",2026-08-03 08:38:00.000,
5052,Empresa FictÃ­cia 5052,"83.902.334/0001-02",2026-08-03 08:38:00.000,
5053,Empresa FictÃ­cia 5053,"83.903.351/0001-03",2026-08-03 08:38:00.000,
5054,Empresa FictÃ­cia 5054,"83.904.368/0001-04",2026-08-03 08:38:00.000,
5055,Empresa FictÃ­cia 5055,"83.905.385/0001-05",2026-08-03 08:38:00.000,
5056,Empresa FictÃ­cia 5056,"83.906.402/0001-06",2026-08-03 08:38:00.000,
5057,Empresa FictÃ­cia 5057,"83.907.419/0001-07",2026-08-03 08:38:00.000,
5058,Empresa FictÃ­cia 5058,"83.908.436/0001-08",2026-08-03 08:38:00.000,
5059,Empresa FictÃ­cia 5059,"83.909.453/0001-09",2026-08-03 08:38:00.000,
5060,Empresa FictÃ­cia 5060,"83.910.470/0001-10",2026-08-03 08:38:00.000,
5061,Empresa FictÃ­cia 5061,"83.911.487/0001-11",2026-08-03 08:38:00.000,
5062,Empresa FictÃ­cia 5062,"83.912.504/0001-12",2026-08-03 08:38:00.000,
5063,Empresa FictÃ­cia 5063,"83.913.521/0001-13",2026-08-03 08:38:00.000,
5064,Empresa FictÃ­cia 5064,"83.914.538/0001-14",2026-08-03 08:38:00.000,
5065,Empresa FictÃ­cia 5065,"83.915.555/0001-15",2026-08-03 08:38:00.000,
5066,Empresa FictÃ­cia 5066,"83.916.572/0001-16",2026-08-03 08:38:00.000,
5067,Empresa FictÃ­cia 5067,"83.917.589/0001-17",2026-08-03 08:38:00.000,
5068,Empresa FictÃ­cia 5068,"83.918.606/0001-18",2026-08-03 08:38:00.000,
5069,Empresa FictÃ­cia 5069,"83.919.623/0001-19",2026-08-03 08:38:00.000,
5070,Empresa FictÃ­cia 5070,"83.920.640/0001-20",2026-08-03 08:38:00.000,
5071,Empresa FictÃ­cia 5071,"83.921.657/0001-21",2026-08-03 08:38:00.000,
5072,Empresa FictÃ­cia 5072,"83.922.674/0001-22",2026-08-03 08:38:00.000,
5073,Empresa FictÃ­cia 5073,"83.923.691/0001-23",2026-08-03 08:38:00.000,
5074,Empresa FictÃ­cia 5074,"83.924.708/0001-24",2026-08-03 08:38:00.000,
5075,Empresa FictÃ­cia 5075,"83.925.725/0001-25",2026-08-03 08:38:00.000,
5076,Empresa FictÃ­cia 5076,"83.926.742/0001-26",2026-08-03 08:38:00.000,
5077,Empresa FictÃ­cia 5077,"83.927.759/0001-27",2026-08-03 08:38:00.000,
5078,Empresa FictÃ­cia 5078,"83.928.776/0001-28",2026-08-03 08:38:00.000,
5079,Empresa FictÃ­cia 5079,"83.929.793/0001-29",2026-08-03 08:38:00.000,
5080,Empresa FictÃ­cia 5080,"83.930.810/0001-30",2026-08-03 08:38:00.000,
5081,Empresa FictÃ­cia 5081,"83.931.827/0001-31",2026-08-03 08:38:00.000,
5082,Empresa FictÃ­cia 5082,"83.932.844/0001-32",2026-08-03 08:38:00.000,
5083,Empresa FictÃ­cia 5083,"83.933.861/0001-33",2026-08-03 08:38:00.000,
5084,Empresa FictÃ­cia 5084,"83.934.878/0001-34",2026-08-03 08:38:00.000,
5085,Empresa FictÃ­cia 5085,"83.935.895/0001-35",2026-08-03 08:38:00.000,
5086,Empresa FictÃ­cia 5086,"83.936.912/0001-36",2026-08-03 08:38:00.000,
5087,Empresa FictÃ­cia 5087,"83.937.929/0001-37",2026-08-03 08:38:00.000,
5088,Empresa FictÃ­cia 5088,"83.938.946/0001-38",2026-08-03 08:38:00.000,
5089,Empresa FictÃ­cia 5089,"83.939.963/0001-39",2026-08-03 08:38:00.000,
5090,Empresa FictÃ­cia 5090,"83.940.980/0001-40",2026-08-03 08:38:00.000,
5091,Empresa FictÃ­cia 5091,"83.941.997/0001-41",2026-08-03 08:38:00.000,
5092,Empresa FictÃ­cia 5092,"83.942.014/0001-42",2026-08-03 08:38:00.000,
5093,Empresa FictÃ­cia 5093,"83.943.031/0001-43",2026-08-03 08:38:00.000,
5094,Empresa FictÃ­cia 5094,"83.944.048/0001-44",2026-08-03 08:38:00.000,
5095,Empresa FictÃ­cia 5095,"83.945.065/0001-45",2026-08-03 08:38:00.000,
5096,Empresa FictÃ­cia 5096,"83.946.082/0001-46",2026-08-03 08:38:00.000,
5097,Empresa FictÃ­cia 5097,"83.947.099/0001-47",2026-08-03 08:38:00.000,
5098,Empresa FictÃ­cia 5098,"83.948.116/0001-48",2026-08-03 08:38:00.000,
5099,Empresa FictÃ­cia 5099,"83.949.133/0001-49",2026-08-03 08:38:00.000,
5100,Empresa FictÃ­cia 5100,"83.950.150/0001-50",2026-08-03 08:38:00.000,
5101,Empresa FictÃ­cia 5101,"83.951.167/0001-51",2026-08-03 08:38:00.000,
5102,Empresa FictÃ­cia 5102,"83.952.184/0001-52",2026-08-03 08:38:00.000,
5103,Empresa FictÃ­cia 5103,"83.953.201/0001-53",2026-08-03 08:38:00.000,
5104,Empresa FictÃ­cia 5104,"83.954.218/0001-54",2026-08-03 08:38:00.000,
5105,Empresa FictÃ­cia 5105,"83.955.235/0001-55",2026-08-03 08:38:00.000,
5106,Empresa FictÃ­cia 5106,"83.956.252/0001-56",2026-08-03 08:38:00.000,
5107,Empresa FictÃ­cia 5107,"83.957.269/0001-57",2026-08-03 08:38:00.000,
5108,Empresa FictÃ­cia 5108,"83.958.286/0001-58",2026-08-03 08:38:00.000,
5109,Empresa FictÃ­cia 5109,"83.959.303/0001-59",2026-08-03 08:38:00.000,
5110,Empresa FictÃ­cia 5110,"83.960.320/0001-60",2026-08-03 08:38:00.000,
5111,Empresa FictÃ­cia 5111,"83.961.337/0001-61",2026-08-03 08:38:00.000,
5112,Empresa FictÃ­cia 5112,"83.962.354/0001-62",2026-08-03 08:38:00.000,
5113,Empresa FictÃ­cia 5113,"83.963.371/0001-63",2026-08-03 08:38:00.000,
5114,Empresa FictÃ­cia 5114,"83.964.388/0001-64",2026-08-03 08:38:00.000,
5115,Empresa FictÃ­cia 5115,"83.965.405/0001-65",2026-08-03 08:38:00.000,
5116,Empresa FictÃ­cia 5116,"83.966.422/0001-66",2026-08-03 08:38:00.000,
5117,Empresa FictÃ­cia 5117,"83.967.439/0001-67",2026-08-03 08:38:00.000,
5118,Empresa FictÃ­cia 5118,"83.968.456/0001-68",2026-08-03 08:38:00.000,
5119,Empresa FictÃ­cia 5119,"83.969.473/0001-69",2026-08-03 08:38:00.000,
5120,Empresa FictÃ­cia 5120,"83.970.490/0001-70",2026-08-03 08:38:00.000,
5121,Empresa FictÃ­cia 5121,"83.971.507/0001-71",2026-08-03 08:38:00.000,
5122,Empresa FictÃ­cia 5122,"83.972.524/0001-72",2026-08-03 08:38:00.000,
5123,Empresa FictÃ­cia 5123,"83.973.541/0001-73",2026-08-03 08:38:00.000,
5124,Empresa FictÃ­cia 5124,"83.974.558/0001-74",2026-08-03 08:38:00.000,
5125,Empresa FictÃ­cia 5125,"83.975.575/0001-75",2026-08-03 08:38:00.000,
5126,Empresa FictÃ­cia 5126,"83.976.592/0001-76",2026-08-03 08:38:00.000,
5127,Empresa FictÃ­cia 5127,"83.977.609/0001-77",2026-08-03 08:38:00.000,
5128,Empresa FictÃ­cia 5128,"83.978.626/0001-78",2026-08-03 08:38:00.000,
5129,Empresa FictÃ­cia 5129,"83.979.643/0001-79",2026-08-03 08:38:00.000,
5130,Empresa FictÃ­cia 5130,"83.980.660/0001-80",2026-08-03 08:38:00.000,
5131,Empresa FictÃ­cia 5131,"83.981.677/0001-81",2026-08-03 08:38:00.000,
5132,Empresa FictÃ­cia 5132,"83.982.694/0001-82",2026-08-03 08:38:00.000,
5133,Empresa FictÃ­cia 5133,"83.983.711/0001-83",2026-08-03 08:38:00.000,
5134,Empresa FictÃ­cia 5134,"83.984.728/0001-84",2026-08-03 08:38:00.000,
5135,Empresa FictÃ­cia 5135,"83.985.745/0001-85",2026-08-03 08:38:00.000,
5136,Empresa FictÃ­cia 5136,"83.986.762/0001-86",2026-08-03 08:38:00.000,
5137,Empresa FictÃ­cia 5137,"83.987.779/0001-87",2026-08-03 08:38:00.000,
5138,Empresa FictÃ­cia 5138,"83.988.796/0001-88",2026-08-03 08:38:00.000,
5139,Empresa FictÃ­cia 5139,"83.989.813/0001-89",2026-08-03 08:38:00.000,
5140,Empresa FictÃ­cia 5140,"83.990.830/0001-90",2026-08-03 08:38:00.000,
5141,Empresa FictÃ­cia 5141,"83.991.847/0001-91",2026-08-03 08:38:00.000,
5142,Empresa FictÃ­cia 5142,"83.992.864/0001-92",2026-08-03 08:38:00.000,
5143,Empresa FictÃ­cia 5143,"83.993.881/0001-93",2026-08-03 08:38:00.000,
5144,Empresa FictÃ­cia 5144,"83.994.898/0001-94",2026-08-03 08:38:00.000,
5145,Empresa FictÃ­cia 5145,"83.995.915/0001-95",2026-08-03 08:38:00.000,
5146,Empresa FictÃ­cia 5146,"83.996.932/0001-96",2026-08-03 08:38:00.000,
5147,Empresa FictÃ­cia 5147,"83.997.949/0001-97",2026-08-03 08:38:00.000,
5148,Empresa FictÃ­cia 5148,"83.998.966/0001-98",2026-08-03 08:38:00.000,
5149,Empresa FictÃ­cia 5149,"83.999.983/0001-99",2026-08-03 08:38:00.000,
5150,Empresa FictÃ­cia 5150,"84.000.000/0001-00",2026-08-03 08:38:00.000,
5151,Empresa FictÃ­cia 5151,"84.001.017/0001-01",2026-08-03 08:38:00.000,
5152,Empresa FictÃ­cia 5152,"84.002.034/0001-02",2026-08-03 08:38:00.000,
5153,Empresa FictÃ­cia 5153,"84.003.051/0001-03",2026-08-03 08:38:00.000,
5154,Empresa FictÃ­cia 5154,"84.004.068/0001-04",2026-08-03 08:38:00.000,
5155,Empresa FictÃ­cia 5155,"84.005.085/0001-05",2026-08-03 08:38:00.000,
5156,Empresa FictÃ­cia 5156,"84.006.102/0001-06",2026-08-03 08:38:00.000,
5157,Empresa FictÃ­cia 5157,"84.007.119/0001-07",2026-08-03 08:38:00.000,
5158,Empresa FictÃ­cia 5158,"84.008.136/0001-08",2026-08-03 08:38:00.000,
5159,Empresa FictÃ­cia 5159,"84.009.153/0001-09",2026-08-03 08:38:00.000,
5160,Empresa FictÃ­cia 5160,"84.010.170/0001-10",2026-08-03 08:38:00.000,
5161,Empresa FictÃ­cia 5161,"84.011.187/0001-11",2026-08-03 08:38:00.000,
5162,Empresa FictÃ­cia 5162,"84.012.204/0001-12",2026-08-03 08:38:00.000,
5163,Empresa FictÃ­cia 5163,"84.013.221/0001-13",2026-08-03 08:38:00.000,
5164,Empresa FictÃ­cia 5164,"84.014.238/0001-14",2026-08-03 08:38:00.000,
5165,Empresa FictÃ­cia 5165,"84.015.255/0001-15",2026-08-03 08:38:00.000,
5166,Empresa FictÃ­cia 5166,"84.016.272/0001-16",2026-08-03 08:38:00.000,
5167,Empresa FictÃ­cia 5167,"84.017.289/0001-17",2026-08-03 08:38:00.000,
5168,Empresa FictÃ­cia 5168,"84.018.306/0001-18",2026-08-03 08:38:00.000,
5169,Empresa FictÃ­cia 5169,"84.019.323/0001-19",2026-08-03 08:38:00.000,
5170,Empresa FictÃ­cia 5170,"84.020.340/0001-20",2026-08-03 08:38:00.000,
5171,Empresa FictÃ­cia 5171,"84.021.357/0001-21",2026-08-03 08:38:00.000,
5172,Empresa FictÃ­cia 5172,"84.022.374/0001-22",2026-08-03 08:38:00.000,
5173,Empresa FictÃ­cia 5173,"84.023.391/0001-23",2026-08-03 08:38:00.000,
5174,Empresa FictÃ­cia 5174,"84.024.408/0001-24",2026-08-03 08:38:00.000,
5175,Empresa FictÃ­cia 5175,"84.025.425/0001-25",2026-08-03 08:38:00.000,
5176,Empresa FictÃ­cia 5176,"84.026.442/0001-26",2026-08-03 08:38:00.000,
5177,Empresa FictÃ­cia 5177,"84.027.459/0001-27",2026-08-03 08:38:00.000,
5178,Empresa FictÃ­cia 5178,"84.028.476/0001-28",2026-08-03 08:38:00.000,
5179,Empresa FictÃ­cia 5179,"84.029.493/0001-29",2026-08-03 08:38:00.000,
5180,Empresa FictÃ­cia 5180,"84.030.510/0001-30",2026-08-03 08:38:00.000,
5181,Empresa FictÃ­cia 5181,"84.031.527/0001-31",2026-08-03 08:38:00.000,
5182,Empresa FictÃ­cia 5182,"84.032.544/0001-32",2026-08-03 08:38:00.000,
5183,Empresa FictÃ­cia 5183,"84.033.561/0001-33",2026-08-03 08:38:00.000,
5184,Empresa FictÃ­cia 5184,"84.034.578/0001-34",2026-08-03 08:38:00.000,
5185,Empresa FictÃ­cia 5185,"84.035.595/0001-35",2026-08-03 08:38:00.000,
5186,Empresa FictÃ­cia 5186,"84.036.612/0001-36",2026-08-03 08:38:00.000,
5187,Empresa FictÃ­cia 5187,"84.037.629/0001-37",2026-08-03 08:38:00.000,
5188,Empresa FictÃ­cia 5188,"84.038.646/0001-38",2026-08-03 08:38:00.000,
5189,Empresa FictÃ­cia 5189,"84.039.663/0001-39",2026-08-03 08:38:00.000,
5190,Empresa FictÃ­cia 5190,"84.040.680/0001-40",2026-08-03 08:38:00.000,
5191,Empresa FictÃ­cia 5191,"84.041.697/0001-41",2026-08-03 08:38:00.000,
5192,Empresa FictÃ­cia 5192,"84.042.714/0001-42",2026-08-03 08:38:00.000,
5193,Empresa FictÃ­cia 5193,"84.043.731/0001-43",2026-08-03 08:38:00.000,
5194,Empresa FictÃ­cia 5194,"84.044.748/0001-44",2026-08-03 08:38:00.000,
5195,Empresa FictÃ­cia 5195,"84.045.765/0001-45",2026-08-03 08:38:00.000,
5196,Empresa FictÃ­cia 5196,"84.046.782/0001-46",2026-08-03 08:38:00.000,
5197,Empresa FictÃ­cia 5197,"84.047.799/0001-47",2026-08-03 08:38:00.000,
5198,Empresa FictÃ­cia 5198,"84.048.816/0001-48",2026-08-03 08:38:00.000,
5199,Empresa FictÃ­cia 5199,"84.049.833/0001-49",2026-08-03 08:38:00.000,
5200,Empresa FictÃ­cia 5200,"84.050.850/0001-50",2026-08-03 08:38:00.000,
5201,Empresa FictÃ­cia 5201,"84.051.867/0001-51",2026-08-03 08:38:00.000,
5202,Empresa FictÃ­cia 5202,"84.052.884/0001-52",2026-08-03 08:38:00.000,
5203,Empresa FictÃ­cia 5203,"84.053.901/0001-53",2026-08-03 08:38:00.000,
5204,Empresa FictÃ­cia 5204,"84.054.918/0001-54",2026-08-03 08:38:00.000,
5205,Empresa FictÃ­cia 5205,"84.055.935/0001-55",2026-08-03 08:38:00.000,
5206,Empresa FictÃ­cia 5206,"84.056.952/0001-56",2026-08-03 08:38:00.000,
5207,Empresa FictÃ­cia 5207,"84.057.969/0001-57",2026-08-03 08:38:00.000,
5208,Empresa FictÃ­cia 5208,"84.058.986/0001-58",2026-08-03 08:38:00.000,
5209,Empresa FictÃ­cia 5209,"84.059.003/0001-59",2026-08-03 08:38:00.000,
5210,Empresa FictÃ­cia 5210,"84.060.020/0001-60",2026-08-03 08:38:00.000,
5211,Empresa FictÃ­cia 5211,"84.061.037/0001-61",2026-08-03 08:38:00.000,
5212,Empresa FictÃ­cia 5212,"84.062.054/0001-62",2026-08-03 08:38:00.000,
5213,Empresa FictÃ­cia 5213,"84.063.071/0001-63",2026-08-03 08:38:00.000,
5214,Empresa FictÃ­cia 5214,"84.064.088/0001-64",2026-08-03 08:38:00.000,
5215,Empresa FictÃ­cia 5215,"84.065.105/0001-65",2026-08-03 08:38:00.000,
5216,Empresa FictÃ­cia 5216,"84.066.122/0001-66",2026-08-03 08:38:00.000,
5217,Empresa FictÃ­cia 5217,"84.067.139/0001-67",2026-08-03 08:38:00.000,
5218,Empresa FictÃ­cia 5218,"84.068.156/0001-68",2026-08-03 08:38:00.000,
5219,Empresa FictÃ­cia 5219,"84.069.173/0001-69",2026-08-03 08:38:00.000,
5220,Empresa FictÃ­cia 5220,"84.070.190/0001-70",2026-08-03 08:38:00.000,
5221,Empresa FictÃ­cia 5221,"84.071.207/0001-71",2026-08-03 08:38:00.000,
5222,Empresa FictÃ­cia 5222,"84.072.224/0001-72",2026-08-03 08:38:00.000,
5223,Empresa FictÃ­cia 5223,"84.073.241/0001-73",2026-08-03 08:38:00.000,
5224,Empresa FictÃ­cia 5224,"84.074.258/0001-74",2026-08-03 08:38:00.000,
5225,Empresa FictÃ­cia 5225,"84.075.275/0001-75",2026-08-03 08:38:00.000,
5226,Empresa FictÃ­cia 5226,"84.076.292/0001-76",2026-08-03 08:38:00.000,
5227,Empresa FictÃ­cia 5227,"84.077.309/0001-77",2026-08-03 08:38:00.000,
5228,Empresa FictÃ­cia 5228,"84.078.326/0001-78",2026-08-03 08:38:00.000,
5229,Empresa FictÃ­cia 5229,"84.079.343/0001-79",2026-08-03 08:38:00.000,
5230,Empresa FictÃ­cia 5230,"84.080.360/0001-80",2026-08-03 08:38:00.000,
5231,Empresa FictÃ­cia 5231,"84.081.377/0001-81",2026-08-03 08:38:00.000,
5232,Empresa FictÃ­cia 5232,"84.082.394/0001-82",2026-08-03 08:38:00.000,
5233,Empresa FictÃ­cia 5233,"84.083.411/0001-83",2026-08-03 08:38:00.000,
5234,Empresa FictÃ­cia 5234,"84.084.428/0001-84",2026-08-03 08:38:00.000,
5235,Empresa FictÃ­cia 5235,"84.085.445/0001-85",2026-08-03 08:38:00.000,
5236,Empresa FictÃ­cia 5236,"84.086.462/0001-86",2026-08-03 08:38:00.000,
5237,Empresa FictÃ­cia 5237,"84.087.479/0001-87",2026-08-03 08:38:00.000,
5238,Empresa FictÃ­cia 5238,"84.088.496/0001-88",2026-08-03 08:38:00.000,
5239,Empresa FictÃ­cia 5239,"84.089.513/0001-89",2026-08-03 08:38:00.000,
5240,Empresa FictÃ­cia 5240,"84.090.530/0001-90",2026-08-03 08:38:00.000,
5241,Empresa FictÃ­cia 5241,"84.091.547/0001-91",2026-08-03 08:38:00.000,
5242,Empresa FictÃ­cia 5242,"84.092.564/0001-92",2026-08-03 08:38:00.000,
5243,Empresa FictÃ­cia 5243,"84.093.581/0001-93",2026-08-03 08:38:00.000,
5244,Empresa FictÃ­cia 5244,"84.094.598/0001-94",2026-08-03 08:38:00.000,
5245,Empresa FictÃ­cia 5245,"84.095.615/0001-95",2026-08-03 08:38:00.000,
5246,Empresa FictÃ­cia 5246,"84.096.632/0001-96",2026-08-03 08:38:00.000,
5247,Empresa FictÃ­cia 5247,"84.097.649/0001-97",2026-08-03 08:38:00.000,
5248,Empresa FictÃ­cia 5248,"84.098.666/0001-98",2026-08-03 08:38:00.000,
5249,Empresa FictÃ­cia 5249,"84.099.683/0001-99",2026-08-03 08:38:00.000,
5250,Empresa FictÃ­cia 5250,"84.100.700/0001-00",2026-08-03 08:38:00.000,
5251,Empresa FictÃ­cia 5251,"84.101.717/0001-01",2026-08-03 08:38:00.000,
5252,Empresa FictÃ­cia 5252,"84.102.734/0001-02",2026-08-03 08:38:00.000,
5253,Empresa FictÃ­cia 5253,"84.103.751/0001-03",2026-08-03 08:38:00.000,
5254,Empresa FictÃ­cia 5254,"84.104.768/0001-04",2026-08-03 08:38:00.000,
5255,Empresa FictÃ­cia 5255,"84.105.785/0001-05",2026-08-03 08:38:00.000,
5256,Empresa FictÃ­cia 5256,"84.106.802/0001-06",2026-08-03 08:38:00.000,
5257,Empresa FictÃ­cia 5257,"84.107.819/0001-07",2026-08-03 08:38:00.000,
5258,Empresa FictÃ­cia 5258,"84.108.836/0001-08",2026-08-03 08:38:00.000,
5259,Empresa FictÃ­cia 5259,"84.109.853/0001-09",2026-08-03 08:38:00.000,
5260,Empresa FictÃ­cia 5260,"84.110.870/0001-10",2026-08-03 08:38:00.000,
5261,Empresa FictÃ­cia 5261,"84.111.887/0001-11",2026-08-03 08:38:00.000,
5262,Empresa FictÃ­cia 5262,"84.112.904/0001-12",2026-08-03 08:38:00.000,
5263,Empresa FictÃ­cia 5263,"84.113.921/0001-13",2026-08-03 08:38:00.000,
5264,Empresa FictÃ­cia 5264,"84.114.938/0001-14",2026-08-03 08:38:00.000,
5265,Empresa FictÃ­cia 5265,"84.115.955/0001-15",2026-08-03 08:38:00.000,
5266,Empresa FictÃ­cia 5266,"84.116.972/0001-16",2026-08-03 08:38:00.000,
5267,Empresa FictÃ­cia 5267,"84.117.989/0001-17",2026-08-03 08:38:00.000,
5268,Empresa FictÃ­cia 5268,"84.118.006/0001-18",2026-08-03 08:38:00.000,
5269,Empresa FictÃ­cia 5269,"84.119.023/0001-19",2026-08-03 08:38:00.000,
5270,Empresa FictÃ­cia 5270,"84.120.040/0001-20",2026-08-03 08:38:00.000,
5271,Empresa FictÃ­cia 5271,"84.121.057/0001-21",2026-08-03 08:38:00.000,
5272,Empresa FictÃ­cia 5272,"84.122.074/0001-22",2026-08-03 08:38:00.000,
5273,Empresa FictÃ­cia 5273,"84.123.091/0001-23",2026-08-03 08:38:00.000,
5274,Empresa FictÃ­cia 5274,"84.124.108/0001-24",2026-08-03 08:38:00.000,
5275,Empresa FictÃ­cia 5275,"84.125.125/0001-25",2026-08-03 08:38:00.000,
5276,Empresa FictÃ­cia 5276,"84.126.142/0001-26",2026-08-03 08:38:00.000,
5277,Empresa FictÃ­cia 5277,"84.127.159/0001-27",2026-08-03 08:38:00.000,
5278,Empresa FictÃ­cia 5278,"84.128.176/0001-28",2026-08-03 08:38:00.000,
5279,Empresa FictÃ­cia 5279,"84.129.193/0001-29",2026-08-03 08:38:00.000,
5280,Empresa FictÃ­cia 5280,"84.130.210/0001-30",2026-08-03 08:38:00.000,
5281,Empresa FictÃ­cia 5281,"84.131.227/0001-31",2026-08-03 08:38:00.000,
5282,Empresa FictÃ­cia 5282,"84.132.244/0001-32",2026-08-03 08:38:00.000,
5283,Empresa FictÃ­cia 5283,"84.133.261/0001-33",2026-08-03 08:38:00.000,
5284,Empresa FictÃ­cia 5284,"84.134.278/0001-34",2026-08-03 08:38:00.000,
5285,Empresa FictÃ­cia 5285,"84.135.295/0001-35",2026-08-03 08:38:00.000,
5286,Empresa FictÃ­cia 5286,"84.136.312/0001-36",2026-08-03 08:38:00.000,
5287,Empresa FictÃ­cia 5287,"84.137.329/0001-37",2026-08-03 08:38:00.000,
5288,Empresa FictÃ­cia 5288,"84.138.346/0001-38",2026-08-03 08:38:00.000,
5289,Empresa FictÃ­cia 5289,"84.139.363/0001-39",2026-08-03 08:38:00.000,
5290,Empresa FictÃ­cia 5290,"84.140.380/0001-40",2026-08-03 08:38:00.000,
5291,Empresa FictÃ­cia 5291,"84.141.397/0001-41",2026-08-03 08:38:00.000,
5292,Empresa FictÃ­cia 5292,"84.142.414/0001-42",2026-08-03 08:38:00.000,
5293,Empresa FictÃ­cia 5293,"84.143.431/0001-43",2026-08-03 08:38:00.000,
5294,Empresa FictÃ­cia 5294,"84.144.448/0001-44",2026-08-03 08:38:00.000,
5295,Empresa FictÃ­cia 5295,"84.145.465/0001-45",2026-08-03 08:38:00.000,
5296,Empresa FictÃ­cia 5296,"84.146.482/0001-46",2026-08-03 08:38:00.000,
5297,Empresa FictÃ­cia 5297,"84.147.499/0001-47",2026-08-03 08:38:00.000,
5298,Empresa FictÃ­cia 5298,"84.148.516/0001-48",2026-08-03 08:38:00.000,
5299,Empresa FictÃ­cia 5299,"84.149.533/0001-49",2026-08-03 08:38:00.000,
5300,Empresa FictÃ­cia 5300,"84.150.550/0001-50",2026-08-03 08:38:00.000,
5301,Empresa FictÃ­cia 5301,"84.151.567/0001-51",2026-08-03 08:38:00.000,
5302,Empresa FictÃ­cia 5302,"84.152.584/0001-52",2026-08-03 08:38:00.000,
5303,Empresa FictÃ­cia 5303,"84.153.601/0001-53",2026-08-03 08:38:00.000,
5304,Empresa FictÃ­cia 5304,"84.154.618/0001-54",2026-08-03 08:38:00.000,
5305,Empresa FictÃ­cia 5305,"84.155.635/0001-55",2026-08-03 08:38:00.000,
5306,Empresa FictÃ­cia 5306,"84.156.652/0001-56",2026-08-03 08:38:00.000,
5307,Empresa FictÃ­cia 5307,"84.157.669/0001-57",2026-08-03 08:38:00.000,
5308,Empresa FictÃ­cia 5308,"84.158.686/0001-58",2026-08-03 08:38:00.000,
5309,Empresa FictÃ­cia 5309,"84.159.703/0001-59",2026-08-03 08:38:00.000,
5310,Empresa FictÃ­cia 5310,"84.160.720/0001-60",2026-08-03 08:38:00.000,
5311,Empresa FictÃ­cia 5311,"84.161.737/0001-61",2026-08-03 08:38:00.000,
5312,Empresa FictÃ­cia 5312,"84.162.754/0001-62",2026-08-03 08:38:00.000,
5313,Empresa FictÃ­cia 5313,"84.163.771/0001-63",2026-08-03 08:38:00.000,
5314,Empresa FictÃ­cia 5314,"84.164.788/0001-64",2026-08-03 08:38:00.000,
5315,Empresa FictÃ­cia 5315,"84.165.805/0001-65",2026-08-03 08:38:00.000,
5316,Empresa FictÃ­cia 5316,"84.166.822/0001-66",2026-08-03 08:38:00.000,
5317,Empresa FictÃ­cia 5317,"84.167.839/0001-67",2026-08-03 08:38:00.000,
5318,Empresa FictÃ­cia 5318,"84.168.856/0001-68",2026-08-03 08:38:00.000,
5319,Empresa FictÃ­cia 5319,"84.169.873/0001-69",2026-08-03 08:38:00.000,
5320,Empresa FictÃ­cia 5320,"84.170.890/0001-70",2026-08-03 08:38:00.000,
5321,Empresa FictÃ­cia 5321,"84.171.907/0001-71",2026-08-03 08:38:00.000,
5322,Empresa FictÃ­cia 5322,"84.172.924/0001-72",2026-08-03 08:38:00.000,
5323,Empresa FictÃ­cia 5323,"84.173.941/0001-73",2026-08-03 08:38:00.000,
5324,Empresa FictÃ­cia 5324,"84.174.958/0001-74",2026-08-03 08:38:00.000,
5325,Empresa FictÃ­cia 5325,"84.175.975/0001-75",2026-08-03 08:38:00.000,
5326,Empresa FictÃ­cia 5326,"84.176.992/0001-76",2026-08-03 08:38:00.000,
5327,Empresa FictÃ­cia 5327,"84.177.009/0001-77",2026-08-03 08:38:00.000,
5328,Empresa FictÃ­cia 5328,"84.178.026/0001-78",2026-08-03 08:38:00.000,
5329,Empresa FictÃ­cia 5329,"84.179.043/0001-79",2026-08-03 08:38:00.000,
5330,Empresa FictÃ­cia 5330,"84.180.060/0001-80",2026-08-03 08:38:00.000,
5331,Empresa FictÃ­cia 5331,"84.181.077/0001-81",2026-08-03 08:38:00.000,
5332,Empresa FictÃ­cia 5332,"84.182.094/0001-82",2026-08-03 08:38:00.000,
5333,Empresa FictÃ­cia 5333,"84.183.111/0001-83",2026-08-03 08:38:00.000,
5334,Empresa FictÃ­cia 5334,"84.184.128/0001-84",2026-08-03 08:38:00.000,
5335,Empresa FictÃ­cia 5335,"84.185.145/0001-85",2026-08-03 08:38:00.000,
5336,Empresa FictÃ­cia 5336,"84.186.162/0001-86",2026-08-03 08:38:00.000,
5337,Empresa FictÃ­cia 5337,"84.187.179/0001-87",2026-08-03 08:38:00.000,
5338,Empresa FictÃ­cia 5338,"84.188.196/0001-88",2026-08-03 08:38:00.000,
5339,Empresa FictÃ­cia 5339,"84.189.213/0001-89",2026-08-03 08:38:00.000,
5340,Empresa FictÃ­cia 5340,"84.190.230/0001-90",2026-08-03 08:38:00.000,
5341,Empresa FictÃ­cia 5341,"84.191.247/0001-91",2026-08-03 08:38:00.000,
5342,Empresa FictÃ­cia 5342,"84.192.264/0001-92",2026-08-03 08:38:00.000,
5343,Empresa FictÃ­cia 5343,"84.193.281/0001-93",2026-08-03 08:38:00.000,
5344,Empresa FictÃ­cia 5344,"84.194.298/0001-94",2026-08-03 08:38:00.000,
5345,Empresa FictÃ­cia 5345,"84.195.315/0001-95",2026-08-03 08:38:00.000,
5346,Empresa FictÃ­cia 5346,"84.196.332/0001-96",2026-08-03 08:38:00.000,
5347,Empresa FictÃ­cia 5347,"84.197.349/0001-97",2026-08-03 08:38:00.000,
5348,Empresa FictÃ­cia 5348,"84.198.366/0001-98",2026-08-03 08:38:00.000,
5349,Empresa FictÃ­cia 5349,"84.199.383/0001-99",2026-08-03 08:38:00.000,
5350,Empresa FictÃ­cia 5350,"84.200.400/0001-00",2026-08-03 08:38:00.000,
5351,Empresa FictÃ­cia 5351,"84.201.417/0001-01",2026-08-03 08:38:00.000,
5352,Empresa FictÃ­cia 5352,"84.202.434/0001-02",2026-08-03 08:38:00.000,
5353,Empresa FictÃ­cia 5353,"84.203.451/0001-03",2026-08-03 08:38:00.000,
5354,Empresa FictÃ­cia 5354,"84.204.468/0001-04",2026-08-03 08:38:00.000,
5355,Empresa FictÃ­cia 5355,"84.205.485/0001-05",2026-08-03 08:38:00.000,
5356,Empresa FictÃ­cia 5356,"84.206.502/0001-06",2026-08-03 08:38:00.000,
5357,Empresa FictÃ­cia 5357,"84.207.519/0001-07",2026-08-03 08:38:00.000,
5358,Empresa FictÃ­cia 5358,"84.208.536/0001-08",2026-08-03 08:38:00.000,
5359,Empresa FictÃ­cia 5359,"84.209.553/0001-09",2026-08-03 08:38:00.000,
5360,Empresa FictÃ­cia 5360,"84.210.570/0001-10",2026-08-03 08:38:00.000,
5361,Empresa FictÃ­cia 5361,"84.211.587/0001-11",2026-08-03 08:38:00.000,
5362,Empresa FictÃ­cia 5362,"84.212.604/0001-12",2026-08-03 08:38:00.000,
5363,Empresa FictÃ­cia 5363,"84.213.621/0001-13",2026-08-03 08:38:00.000,
5364,Empresa FictÃ­cia 5364,"84.214.638/0001-14",2026-08-03 08:38:00.000,
5365,Empresa FictÃ­cia 5365,"84.215.655/0001-15",2026-08-03 08:38:00.000,
5366,Empresa FictÃ­cia 5366,"84.216.672/0001-16",2026-08-03 08:38:00.000,
5367,Empresa FictÃ­cia 5367,"84.217.689/0001-17",2026-08-03 08:38:00.000,
5368,Empresa FictÃ­cia 5368,"84.218.706/0001-18",2026-08-03 08:38:00.000,
5369,Empresa FictÃ­cia 5369,"84.219.723/0001-19",2026-08-03 08:38:00.000,
5370,Empresa FictÃ­cia 5370,"84.220.740/0001-20",2026-08-03 08:38:00.000,
5371,Empresa FictÃ­cia 5371,"84.221.757/0001-21",2026-08-03 08:38:00.000,
5372,Empresa FictÃ­cia 5372,"84.222.774/0001-22",2026-08-03 08:38:00.000,
5373,Empresa FictÃ­cia 5373,"84.223.791/0001-23",2026-08-03 08:38:00.000,
5374,Empresa FictÃ­cia 5374,"84.224.808/0001-24",2026-08-03 08:38:00.000,
5375,Empresa FictÃ­cia 5375,"84.225.825/0001-25",2026-08-03 08:38:00.000,
5376,Empresa FictÃ­cia 5376,"84.226.842/0001-26",2026-08-03 08:38:00.000,
5377,Empresa FictÃ­cia 5377,"84.227.859/0001-27",2026-08-03 08:38:00.000,
5378,Empresa FictÃ­cia 5378,"84.228.876/0001-28",2026-08-03 08:38:00.000,
5379,Empresa FictÃ­cia 5379,"84.229.893/0001-29",2026-08-03 08:38:00.000,
5380,Empresa FictÃ­cia 5380,"84.230.910/0001-30",2026-08-03 08:38:00.000,
5381,Empresa FictÃ­cia 5381,"84.231.927/0001-31",2026-08-03 08:38:00.000,
5382,Empresa FictÃ­cia 5382,"84.232.944/0001-32",2026-08-03 08:38:00.000,
5383,Empresa FictÃ­cia 5383,"84.233.961/0001-33",2026-08-03 08:38:00.000,
5384,Empresa FictÃ­cia 5384,"84.234.978/0001-34",2026-08-03 08:38:00.000,
5385,Empresa FictÃ­cia 5385,"84.235.995/0001-35",2026-08-03 08:38:00.000,
5386,Empresa FictÃ­cia 5386,"84.236.012/0001-36",2026-08-03 08:38:00.000,
5387,Empresa FictÃ­cia 5387,"84.237.029/0001-37",2026-08-03 08:38:00.000,
5388,Empresa FictÃ­cia 5388,"84.238.046/0001-38",2026-08-03 08:38:00.000,
5389,Empresa FictÃ­cia 5389,"84.239.063/0001-39",2026-08-03 08:38:00.000,
5390,Empresa FictÃ­cia 5390,"84.240.080/0001-40",2026-08-03 08:38:00.000,
5391,Empresa FictÃ­cia 5391,"84.241.097/0001-41",2026-08-03 08:38:00.000,
5392,Empresa FictÃ­cia 5392,"84.242.114/0001-42",2026-08-03 08:38:00.000,
5393,Empresa FictÃ­cia 5393,"84.243.131/0001-43",2026-08-03 08:38:00.000,
5394,Empresa FictÃ­cia 5394,"84.244.148/0001-44",2026-08-03 08:38:00.000,
5395,Empresa FictÃ­cia 5395,"84.245.165/0001-45",2026-08-03 08:38:00.000,
5396,Empresa FictÃ­cia 5396,"84.246.182/0001-46",2026-08-03 08:38:00.000,
5397,Empresa FictÃ­cia 5397,"84.247.199/0001-47",2026-08-03 08:38:00.000,
5398,Empresa FictÃ­cia 5398,"84.248.216/0001-48",2026-08-03 08:38:00.000,
5399,Empresa FictÃ­cia 5399,"84.249.233/0001-49",2026-08-03 08:38:00.000,
5400,Empresa FictÃ­cia 5400,"84.250.250/0001-50",2026-08-03 08:38:00.000,
5401,Empresa FictÃ­cia 5401,"84.251.267/0001-51",2026-08-03 08:38:00.000,
5402,Empresa FictÃ­cia 5402,"84.252.284/0001-52",2026-08-03 08:38:00.000,
5403,Empresa FictÃ­cia 5403,"84.253.301/0001-53",2026-08-03 08:38:00.000,
5404,Empresa FictÃ­cia 5404,"84.254.318/0001-54",2026-08-03 08:38:00.000,
5405,Empresa FictÃ­cia 5405,"84.255.335/0001-55",2026-08-03 08:38:00.000,
5406,Empresa FictÃ­cia 5406,"84.256.352/0001-56",2026-08-03 08:38:00.000,
5407,Empresa FictÃ­cia 5407,"84.257.369/0001-57",2026-08-03 08:38:00.000,
5408,Empresa FictÃ­cia 5408,"84.258.386/0001-58",2026-08-03 08:38:00.000,
5409,Empresa FictÃ­cia 5409,"84.259.403/0001-59",2026-08-03 08:38:00.000,
5410,Empresa FictÃ­cia 5410,"84.260.420/0001-60",2026-08-03 08:38:00.000,
5411,Empresa FictÃ­cia 5411,"84.261.437/0001-61",2026-08-03 08:38:00.000,
5412,Empresa FictÃ­cia 5412,"84.262.454/0001-62",2026-08-03 08:38:00.000,
5413,Empresa FictÃ­cia 5413,"84.263.471/0001-63",2026-08-03 08:38:00.000,
5414,Empresa FictÃ­cia 5414,"84.264.488/0001-64",2026-08-03 08:38:00.000,
5415,Empresa FictÃ­cia 5415,"84.265.505/0001-65",2026-08-03 08:38:00.000,
5416,Empresa FictÃ­cia 5416,"84.266.522/0001-66",2026-08-03 08:38:00.000,
5417,Empresa FictÃ­cia 5417,"84.267.539/0001-67",2026-08-03 08:38:00.000,
5418,Empresa FictÃ­cia 5418,"84.268.556/0001-68",2026-08-03 08:38:00.000,
5419,Empresa FictÃ­cia 5419,"84.269.573/0001-69",2026-08-03 08:38:00.000,
5420,Empresa FictÃ­cia 5420,"84.270.590/0001-70",2026-08-03 08:38:00.000,
5421,Empresa FictÃ­cia 5421,"84.271.607/0001-71",2026-08-03 08:38:00.000,
5422,Empresa FictÃ­cia 5422,"84.272.624/0001-72",2026-08-03 08:38:00.000,
5423,Empresa FictÃ­cia 5423,"84.273.641/0001-73",2026-08-03 08:38:00.000,
5424,Empresa FictÃ­cia 5424,"84.274.658/0001-74",2026-08-03 08:38:00.000,
5425,Empresa FictÃ­cia 5425,"84.275.675/0001-75",2026-08-03 08:38:00.000,
5426,Empresa FictÃ­cia 5426,"84.276.692/0001-76",2026-08-03 08:38:00.000,
5427,Empresa FictÃ­cia 5427,"84.277.709/0001-77",2026-08-03 08:38:00.000,
5428,Empresa FictÃ­cia 5428,"84.278.726/0001-78",2026-08-03 08:38:00.000,
5429,Empresa FictÃ­cia 5429,"84.279.743/0001-79",2026-08-03 08:38:00.000,
5430,Empresa FictÃ­cia 5430,"84.280.760/0001-80",2026-08-03 08:38:00.000,
5431,Empresa FictÃ­cia 5431,"84.281.777/0001-81",2026-08-03 08:38:00.000,
5432,Empresa FictÃ­cia 5432,"84.282.794/0001-82",2026-08-03 08:38:00.000,
5433,Empresa FictÃ­cia 5433,"84.283.811/0001-83",2026-08-03 08:38:00.000,
5434,Empresa FictÃ­cia 5434,"84.284.828/0001-84",2026-08-03 08:38:00.000,
5435,Empresa FictÃ­cia 5435,"84.285.845/0001-85",2026-08-03 08:38:00.000,
5436,Empresa FictÃ­cia 5436,"84.286.862/0001-86",2026-08-03 08:38:00.000,
5437,Empresa FictÃ­cia 5437,"84.287.879/0001-87",2026-08-03 08:38:00.000,
5438,Empresa FictÃ­cia 5438,"84.288.896/0001-88",2026-08-03 08:38:00.000,
5439,Empresa FictÃ­cia 5439,"84.289.913/0001-89",2026-08-03 08:38:00.000,
5440,Empresa FictÃ­cia 5440,"84.290.930/0001-90",2026-08-03 08:38:00.000,
5441,Empresa FictÃ­cia 5441,"84.291.947/0001-91",2026-08-03 08:38:00.000,
5442,Empresa FictÃ­cia 5442,"84.292.964/0001-92",2026-08-03 08:38:00.000,
5443,Empresa FictÃ­cia 5443,"84.293.981/0001-93",2026-08-03 08:38:00.000,
5444,Empresa FictÃ­cia 5444,"84.294.998/0001-94",2026-08-03 08:38:00.000,
5445,Empresa FictÃ­cia 5445,"84.295.015/0001-95",2026-08-03 08:38:00.000,
5446,Empresa FictÃ­cia 5446,"84.296.032/0001-96",2026-08-03 08:38:00.000,
5447,Empresa FictÃ­cia 5447,"84.297.049/0001-97",2026-08-03 08:38:00.000,
5448,Empresa FictÃ­cia 5448,"84.298.066/0001-98",2026-08-03 08:38:00.000,
5449,Empresa FictÃ­cia 5449,"84.299.083/0001-99",2026-08-03 08:38:00.000,
5450,Empresa FictÃ­cia 5450,"84.300.100/0001-00",2026-08-03 08:38:00.000,
5451,Empresa FictÃ­cia 5451,"84.301.117/0001-01",2026-08-03 08:38:00.000,
5452,Empresa FictÃ­cia 5452,"84.302.134/0001-02",2026-08-03 08:38:00.000,
5453,Empresa FictÃ­cia 5453,"84.303.151/0001-03",2026-08-03 08:38:00.000,
5454,Empresa FictÃ­cia 5454,"84.304.168/0001-04",2026-08-03 08:38:00.000,
5455,Empresa FictÃ­cia 5455,"84.305.185/0001-05",2026-08-03 08:38:00.000,
5456,Empresa FictÃ­cia 5456,"84.306.202/0001-06",2026-08-03 08:38:00.000,
5457,Empresa FictÃ­cia 5457,"84.307.219/0001-07",2026-08-03 08:38:00.000,
5458,Empresa FictÃ­cia 5458,"84.308.236/0001-08",2026-08-03 08:38:00.000,
5459,Empresa FictÃ­cia 5459,"84.309.253/0001-09",2026-08-03 08:38:00.000,
5460,Empresa FictÃ­cia 5460,"84.310.270/0001-10",2026-08-03 08:38:00.000,
5461,Empresa FictÃ­cia 5461,"84.311.287/0001-11",2026-08-03 08:38:00.000,
5462,Empresa FictÃ­cia 5462,"84.312.304/0001-12",2026-08-03 08:38:00.000,
5463,Empresa FictÃ­cia 5463,"84.313.321/0001-13",2026-08-03 08:38:00.000,
5464,Empresa FictÃ­cia 5464,"84.314.338/0001-14",2026-08-03 08:38:00.000,
5465,Empresa FictÃ­cia 5465,"84.315.355/0001-15",2026-08-03 08:38:00.000,
5466,Empresa FictÃ­cia 5466,"84.316.372/0001-16",2026-08-03 08:38:00.000,
5467,Empresa FictÃ­cia 5467,"84.317.389/0001-17",2026-08-03 08:38:00.000,
5468,Empresa FictÃ­cia 5468,"84.318.406/0001-18",2026-08-03 08:38:00.000,
5469,Empresa FictÃ­cia 5469,"84.319.423/0001-19",2026-08-03 08:38:00.000,
5470,Empresa FictÃ­cia 5470,"84.320.440/0001-20",2026-08-03 08:38:00.000,
5471,Empresa FictÃ­cia 5471,"84.321.457/0001-21",2026-08-03 08:38:00.000,
5472,Empresa FictÃ­cia 5472,"84.322.474/0001-22",2026-08-03 08:38:00.000,
5473,Empresa FictÃ­cia 5473,"84.323.491/0001-23",2026-08-03 08:38:00.000,
5474,Empresa FictÃ­cia 5474,"84.324.508/0001-24",2026-08-03 08:38:00.000,
5475,Empresa FictÃ­cia 5475,"84.325.525/0001-25",2026-08-03 08:38:00.000,
5476,Empresa FictÃ­cia 5476,"84.326.542/0001-26",2026-08-03 08:38:00.000,
5477,Empresa FictÃ­cia 5477,"84.327.559/0001-27",2026-08-03 08:38:00.000,
5478,Empresa FictÃ­cia 5478,"84.328.576/0001-28",2026-08-03 08:38:00.000,
5479,Empresa FictÃ­cia 5479,"84.329.593/0001-29",2026-08-03 08:38:00.000,
5480,Empresa FictÃ­cia 5480,"84.330.610/0001-30",2026-08-03 08:38:00.000,
5481,Empresa FictÃ­cia 5481,"84.331.627/0001-31",2026-08-03 08:38:00.000,
5482,Empresa FictÃ­cia 5482,"84.332.644/0001-32",2026-08-03 08:38:00.000,
5483,Empresa FictÃ­cia 5483,"84.333.661/0001-33",2026-08-03 08:38:00.000,
5484,Empresa FictÃ­cia 5484,"84.334.678/0001-34",2026-08-03 08:38:00.000,
5485,Empresa FictÃ­cia 5485,"84.335.695/0001-35",2026-08-03 08:38:00.000,
5486,Empresa FictÃ­cia 5486,"84.336.712/0001-36",2026-08-03 08:38:00.000,
5487,Empresa FictÃ­cia 5487,"84.337.729/0001-37",2026-08-03 08:38:00.000,
5488,Empresa FictÃ­cia 5488,"84.338.746/0001-38",2026-08-03 08:38:00.000,
5489,Empresa FictÃ­cia 5489,"84.339.763/0001-39",2026-08-03 08:38:00.000,
5490,Empresa FictÃ­cia 5490,"84.340.780/0001-40",2026-08-03 08:38:00.000,
5491,Empresa FictÃ­cia 5491,"84.341.797/0001-41",2026-08-03 08:38:00.000,
5492,Empresa FictÃ­cia 5492,"84.342.814/0001-42",2026-08-03 08:38:00.000,
5493,Empresa FictÃ­cia 5493,"84.343.831/0001-43",2026-08-03 08:38:00.000,
5494,Empresa FictÃ­cia 5494,"84.344.848/0001-44",2026-08-03 08:38:00.000,
5495,Empresa FictÃ­cia 5495,"84.345.865/0001-45",2026-08-03 08:38:00.000,
5496,Empresa FictÃ­cia 5496,"84.346.882/0001-46",2026-08-03 08:38:00.000,
5497,Empresa FictÃ­cia 5497,"84.347.899/0001-47",2026-08-03 08:38:00.000,
5498,Empresa FictÃ­cia 5498,"84.348.916/0001-48",2026-08-03 08:38:00.000,
5499,Empresa FictÃ­cia 5499,"84.349.933/0001-49",2026-08-03 08:38:00.000,
5500,Empresa FictÃ­cia 5500,"84.350.950/0001-50",2026-08-03 08:38:00.000,
5501,Empresa FictÃ­cia 5501,"84.351.967/0001-51",2026-08-03 08:38:00.000,
5502,Empresa FictÃ­cia 5502,"84.352.984/0001-52",2026-08-03 08:38:00.000,
5503,Empresa FictÃ­cia 5503,"84.353.001/0001-53",2026-08-03 08:38:00.000,
5504,Empresa FictÃ­cia 5504,"84.354.018/0001-54",2026-08-03 08:38:00.000,
5505,Empresa FictÃ­cia 5505,"84.355.035/0001-55",2026-08-03 08:38:00.000,
5506,Empresa FictÃ­cia 5506,"84.356.052/0001-56",2026-08-03 08:38:00.000,
5507,Empresa FictÃ­cia 5507,"84.357.069/0001-57",2026-08-03 08:38:00.000,
5508,Empresa FictÃ­cia 5508,"84.358.086/0001-58",2026-08-03 08:38:00.000,
5509,Empresa FictÃ­cia 5509,"84.359.103/0001-59",2026-08-03 08:38:00.000,
5510,Empresa FictÃ­cia 5510,"84.360.120/0001-60",2026-08-03 08:38:00.000,
5511,Empresa FictÃ­cia 5511,"84.361.137/0001-61",2026-08-03 08:38:00.000,
5512,Empresa FictÃ­cia 5512,"84.362.154/0001-62",2026-08-03 08:38:00.000,
5513,Empresa FictÃ­cia 5513,"84.363.171/0001-63",2026-08-03 08:38:00.000,
5514,Empresa FictÃ­cia 5514,"84.364.188/0001-64",2026-08-03 08:38:00.000,
5515,Empresa FictÃ­cia 5515,"84.365.205/0001-65",2026-08-03 08:38:00.000,
5516,Empresa FictÃ­cia 5516,"84.366.222/0001-66",2026-08-03 08:38:00.000,
5517,Empresa FictÃ­cia 5517,"84.367.239/0001-67",2026-08-03 08:38:00.000,
5518,Empresa FictÃ­cia 5518,"84.368.256/0001-68",2026-08-03 08:38:00.000,
5519,Empresa FictÃ­cia 5519,"84.369.273/0001-69",2026-08-03 08:38:00.000,
5520,Empresa FictÃ­cia 5520,"84.370.290/0001-70",2026-08-03 08:38:00.000,
5521,Empresa FictÃ­cia 5521,"84.371.307/0001-71",2026-08-03 08:38:00.000,
5522,Empresa FictÃ­cia 5522,"84.372.324/0001-72",2026-08-03 08:38:00.000,
5523,Empresa FictÃ­cia 5523,"84.373.341/0001-73",2026-08-03 08:38:00.000,
5524,Empresa FictÃ­cia 5524,"84.374.358/0001-74",2026-08-03 08:38:00.000,
5525,Empresa FictÃ­cia 5525,"84.375.375/0001-75",2026-08-03 08:38:00.000,
5526,Empresa FictÃ­cia 5526,"84.376.392/0001-76",2026-08-03 08:38:00.000,
5527,Empresa FictÃ­cia 5527,"84.377.409/0001-77",2026-08-03 08:38:00.000,
5528,Empresa FictÃ­cia 5528,"84.378.426/0001-78",2026-08-03 08:38:00.000,
5529,Empresa FictÃ­cia 5529,"84.379.443/0001-79",2026-08-03 08:38:00.000,
5530,Empresa FictÃ­cia 5530,"84.380.460/0001-80",2026-08-03 08:38:00.000,
5531,Empresa FictÃ­cia 5531,"84.381.477/0001-81",2026-08-03 08:38:00.000,
5532,Empresa FictÃ­cia 5532,"84.382.494/0001-82",2026-08-03 08:38:00.000,
5533,Empresa FictÃ­cia 5533,"84.383.511/0001-83",2026-08-03 08:38:00.000,
5534,Empresa FictÃ­cia 5534,"84.384.528/0001-84",2026-08-03 08:38:00.000,
5535,Empresa FictÃ­cia 5535,"84.385.545/0001-85",2026-08-03 08:38:00.000,
5536,Empresa FictÃ­cia 5536,"84.386.562/0001-86",2026-08-03 08:38:00.000,
5537,Empresa FictÃ­cia 5537,"84.387.579/0001-87",2026-08-03 08:38:00.000,
5538,Empresa FictÃ­cia 5538,"84.388.596/0001-88",2026-08-03 08:38:00.000,
5539,Empresa FictÃ­cia 5539,"84.389.613/0001-89",2026-08-03 08:38:00.000,
5540,Empresa FictÃ­cia 5540,"84.390.630/0001-90",2026-08-03 08:38:00.000,
5541,Empresa FictÃ­cia 5541,"84.391.647/0001-91",2026-08-03 08:38:00.000,
5542,Empresa FictÃ­cia 5542,"84.392.664/0001-92",2026-08-03 08:38:00.000,
5543,Empresa FictÃ­cia 5543,"84.393.681/0001-93",2026-08-03 08:38:00.000,
5544,Empresa FictÃ­cia 5544,"84.394.698/0001-94",2026-08-03 08:38:00.000,
5545,Empresa FictÃ­cia 5545,"84.395.715/0001-95",2026-08-03 08:38:00.000,
5546,Empresa FictÃ­cia 5546,"84.396.732/0001-96",2026-08-03 08:38:00.000,
5547,Empresa FictÃ­cia 5547,"84.397.749/0001-97",2026-08-03 08:38:00.000,
5548,Empresa FictÃ­cia 5548,"84.398.766/0001-98",2026-08-03 08:38:00.000,
5549,Empresa FictÃ­cia 5549,"84.399.783/0001-99",2026-08-03 08:38:00.000,
5550,Empresa FictÃ­cia 5550,"84.400.800/0001-00",2026-08-03 08:38:00.000,
5551,Empresa FictÃ­cia 5551,"84.401.817/0001-01",2026-08-03 08:38:00.000,
5552,Empresa FictÃ­cia 5552,"84.402.834/0001-02",2026-08-03 08:38:00.000,
5553,Empresa FictÃ­cia 5553,"84.403.851/0001-03",2026-08-03 08:38:00.000,
5554,Empresa FictÃ­cia 5554,"84.404.868/0001-04",2026-08-03 08:38:00.000,
5555,Empresa FictÃ­cia 5555,"84.405.885/0001-05",2026-08-03 08:38:00.000,
5556,Empresa FictÃ­cia 5556,"84.406.902/0001-06",2026-08-03 08:38:00.000,
5557,Empresa FictÃ­cia 5557,"84.407.919/0001-07",2026-08-03 08:38:00.000,
5558,Empresa FictÃ­cia 5558,"84.408.936/0001-08",2026-08-03 08:38:00.000,
5559,Empresa FictÃ­cia 5559,"84.409.953/0001-09",2026-08-03 08:38:00.000,
5560,Empresa FictÃ­cia 5560,"84.410.970/0001-10",2026-08-03 08:38:00.000,
5561,Empresa FictÃ­cia 5561,"84.411.987/0001-11",2026-08-03 08:38:00.000,
5562,Empresa FictÃ­cia 5562,"84.412.004/0001-12",2026-08-03 08:38:00.000,
5563,Empresa FictÃ­cia 5563,"84.413.021/0001-13",2026-08-03 08:38:00.000,
5564,Empresa FictÃ­cia 5564,"84.414.038/0001-14",2026-08-03 08:38:00.000,
5565,Empresa FictÃ­cia 5565,"84.415.055/0001-15",2026-08-03 08:38:00.000,
5566,Empresa FictÃ­cia 5566,"84.416.072/0001-16",2026-08-03 08:38:00.000,
5567,Empresa FictÃ­cia 5567,"84.417.089/0001-17",2026-08-03 08:38:00.000,
5568,Empresa FictÃ­cia 5568,"84.418.106/0001-18",2026-08-03 08:38:00.000,
5569,Empresa FictÃ­cia 5569,"84.419.123/0001-19",2026-08-03 08:38:00.000,
5570,Empresa FictÃ­cia 5570,"84.420.140/0001-20",2026-08-03 08:38:00.000,
5571,Empresa FictÃ­cia 5571,"84.421.157/0001-21",2026-08-03 08:38:00.000,
5572,Empresa FictÃ­cia 5572,"84.422.174/0001-22",2026-08-03 08:38:00.000,
5573,Empresa FictÃ­cia 5573,"84.423.191/0001-23",2026-08-03 08:38:00.000,
5574,Empresa FictÃ­cia 5574,"84.424.208/0001-24",2026-08-03 08:38:00.000,
5575,Empresa FictÃ­cia 5575,"84.425.225/0001-25",2026-08-03 08:38:00.000,
5576,Empresa FictÃ­cia 5576,"84.426.242/0001-26",2026-08-03 08:38:00.000,
5577,Empresa FictÃ­cia 5577,"84.427.259/0001-27",2026-08-03 08:38:00.000,
5578,Empresa FictÃ­cia 5578,"84.428.276/0001-28",2026-08-03 08:38:00.000,
5579,Empresa FictÃ­cia 5579,"84.429.293/0001-29",2026-08-03 08:38:00.000,
5580,Empresa FictÃ­cia 5580,"84.430.310/0001-30",2026-08-03 08:38:00.000,
5581,Empresa FictÃ­cia 5581,"84.431.327/0001-31",2026-08-03 08:38:00.000,
5582,Empresa FictÃ­cia 5582,"84.432.344/0001-32",2026-08-03 08:38:00.000,
5583,Empresa FictÃ­cia 5583,"84.433.361/0001-33",2026-08-03 08:38:00.000,
5584,Empresa FictÃ­cia 5584,"84.434.378/0001-34",2026-08-03 08:38:00.000,
5585,Empresa FictÃ­cia 5585,"84.435.395/0001-35",2026-08-03 08:38:00.000,
5586,Empresa FictÃ­cia 5586,"84.436.412/0001-36",2026-08-03 08:38:00.000,
5587,Empresa FictÃ­cia 5587,"84.437.429/0001-37",2026-08-03 08:38:00.000,
5588,Empresa FictÃ­cia 5588,"84.438.446/0001-38",2026-08-03 08:38:00.000,
5589,Empresa FictÃ­cia 5589,"84.439.463/0001-39",2026-08-03 08:38:00.000,
5590,Empresa FictÃ­cia 5590,"84.440.480/0001-40",2026-08-03 08:38:00.000,
5591,Empresa FictÃ­cia 5591,"84.441.497/0001-41",2026-08-03 08:38:00.000,
5592,Empresa FictÃ­cia 5592,"84.442.514/0001-42",2026-08-03 08:38:00.000,
5593,Empresa FictÃ­cia 5593,"84.443.531/0001-43",2026-08-03 08:38:00.000,
5594,Empresa FictÃ­cia 5594,"84.444.548/0001-44",2026-08-03 08:38:00.000,
5595,Empresa FictÃ­cia 5595,"84.445.565/0001-45",2026-08-03 08:38:00.000,
5596,Empresa FictÃ­cia 5596,"84.446.582/0001-46",2026-08-03 08:38:00.000,
5597,Empresa FictÃ­cia 5597,"84.447.599/0001-47",2026-08-03 08:38:00.000,
5598,Empresa FictÃ­cia 5598,"84.448.616/0001-48",2026-08-03 08:38:00.000,
5599,Empresa FictÃ­cia 5599,"84.449.633/0001-49",2026-08-03 08:38:00.000,
5600,Empresa FictÃ­cia 5600,"84.450.650/0001-50",2026-08-03 08:38:00.000,
5601,Empresa FictÃ­cia 5601,"84.451.667/0001-51",2026-08-03 08:38:00.000,
5602,Empresa FictÃ­cia 5602,"84.452.684/0001-52",2026-08-03 08:38:00.000,
5603,Empresa FictÃ­cia 5603,"84.453.701/0001-53",2026-08-03 08:38:00.000,
5604,Empresa FictÃ­cia 5604,"84.454.718/0001-54",2026-08-03 08:38:00.000,
5605,Empresa FictÃ­cia 5605,"84.455.735/0001-55",2026-08-03 08:38:00.000,
5606,Empresa FictÃ­cia 5606,"84.456.752/0001-56",2026-08-03 08:38:00.000,
5607,Empresa FictÃ­cia 5607,"84.457.769/0001-57",2026-08-03 08:38:00.000,
5608,Empresa FictÃ­cia 5608,"84.458.786/0001-58",2026-08-03 08:38:00.000,
5609,Empresa FictÃ­cia 5609,"84.459.803/0001-59",2026-08-03 08:38:00.000,
5610,Empresa FictÃ­cia 5610,"84.460.820/0001-60",2026-08-03 08:38:00.000,
5611,Empresa FictÃ­cia 5611,"84.461.837/0001-61",2026-08-03 08:38:00.000,
5612,Empresa FictÃ­cia 5612,"84.462.854/0001-62",2026-08-03 08:38:00.000,
5613,Empresa FictÃ­cia 5613,"84.463.871/0001-63",2026-08-03 08:38:00.000,
5614,Empresa FictÃ­cia 5614,"84.464.888/0001-64",2026-08-03 08:38:00.000,
5615,Empresa FictÃ­cia 5615,"84.465.905/0001-65",2026-08-03 08:38:00.000,
5616,Empresa FictÃ­cia 5616,"84.466.922/0001-66",2026-08-03 08:38:00.000,
5617,Empresa FictÃ­cia 5617,"84.467.939/0001-67",2026-08-03 08:38:00.000,
5618,Empresa FictÃ­cia 5618,"84.468.956/0001-68",2026-08-03 08:38:00.000,
5619,Empresa FictÃ­cia 5619,"84.469.973/0001-69",2026-08-03 08:38:00.000,
5620,Empresa FictÃ­cia 5620,"84.470.990/0001-70",2026-08-03 08:38:00.000,
5621,Empresa FictÃ­cia 5621,"84.471.007/0001-71",2026-08-03 08:38:00.000,
5622,Empresa FictÃ­cia 5622,"84.472.024/0001-72",2026-08-03 08:38:00.000,
5623,Empresa FictÃ­cia 5623,"84.473.041/0001-73",2026-08-03 08:38:00.000,
5624,Empresa FictÃ­cia 5624,"84.474.058/0001-74",2026-08-03 08:38:00.000,
5625,Empresa FictÃ­cia 5625,"84.475.075/0001-75",2026-08-03 08:38:00.000,
5626,Empresa FictÃ­cia 5626,"84.476.092/0001-76",2026-08-03 08:38:00.000,
5627,Empresa FictÃ­cia 5627,"84.477.109/0001-77",2026-08-03 08:38:00.000,
5628,Empresa FictÃ­cia 5628,"84.478.126/0001-78",2026-08-03 08:38:00.000,
5629,Empresa FictÃ­cia 5629,"84.479.143/0001-79",2026-08-03 08:38:00.000,
5630,Empresa FictÃ­cia 5630,"84.480.160/0001-80",2026-08-03 08:38:00.000,
5631,Empresa FictÃ­cia 5631,"84.481.177/0001-81",2026-08-03 08:38:00.000,
5632,Empresa FictÃ­cia 5632,"84.482.194/0001-82",2026-08-03 08:38:00.000,
5633,Empresa FictÃ­cia 5633,"84.483.211/0001-83",2026-08-03 08:38:00.000,
5634,Empresa FictÃ­cia 5634,"84.484.228/0001-84",2026-08-03 08:38:00.000,
5635,Empresa FictÃ­cia 5635,"84.485.245/0001-85",2026-08-03 08:38:00.000,
5636,Empresa FictÃ­cia 5636,"84.486.262/0001-86",2026-08-03 08:38:00.000,
5637,Empresa FictÃ­cia 5637,"84.487.279/0001-87",2026-08-03 08:38:00.000,
5638,Empresa FictÃ­cia 5638,"84.488.296/0001-88",2026-08-03 08:38:00.000,
5639,Empresa FictÃ­cia 5639,"84.489.313/0001-89",2026-08-03 08:38:00.000,
5640,Empresa FictÃ­cia 5640,"84.490.330/0001-90",2026-08-03 08:38:00.000,
5641,Empresa FictÃ­cia 5641,"84.491.347/0001-91",2026-08-03 08:38:00.000,
5642,Empresa FictÃ­cia 5642,"84.492.364/0001-92",2026-08-03 08:38:00.000,
5643,Empresa FictÃ­cia 5643,"84.493.381/0001-93",2026-08-03 08:38:00.000,
5644,Empresa FictÃ­cia 5644,"84.494.398/0001-94",2026-08-03 08:38:00.000,
5645,Empresa FictÃ­cia 5645,"84.495.415/0001-95",2026-08-03 08:38:00.000,
5646,Empresa FictÃ­cia 5646,"84.496.432/0001-96",2026-08-03 08:38:00.000,
5647,Empresa FictÃ­cia 5647,"84.497.449/0001-97",2026-08-03 08:38:00.000,
5648,Empresa FictÃ­cia 5648,"84.498.466/0001-98",2026-08-03 08:38:00.000,
5649,Empresa FictÃ­cia 5649,"84.499.483/0001-99",2026-08-03 08:38:00.000,
5650,Empresa FictÃ­cia 5650,"84.500.500/0001-00",2026-08-03 08:38:00.000,
5651,Empresa FictÃ­cia 5651,"84.501.517/0001-01",2026-08-03 08:38:00.000,
5652,Empresa FictÃ­cia 5652,"84.502.534/0001-02",2026-08-03 08:38:00.000,
5653,Empresa FictÃ­cia 5653,"84.503.551/0001-03",2026-08-03 08:38:00.000,
5654,Empresa FictÃ­cia 5654,"84.504.568/0001-04",2026-08-03 08:38:00.000,
5655,Empresa FictÃ­cia 5655,"84.505.585/0001-05",2026-08-03 08:38:00.000,
5656,Empresa FictÃ­cia 5656,"84.506.602/0001-06",2026-08-03 08:38:00.000,
5657,Empresa FictÃ­cia 5657,"84.507.619/0001-07",2026-08-03 08:38:00.000,
5658,Empresa FictÃ­cia 5658,"84.508.636/0001-08",2026-08-03 08:38:00.000,
5659,Empresa FictÃ­cia 5659,"84.509.653/0001-09",2026-08-03 08:38:00.000,
5660,Empresa FictÃ­cia 5660,"84.510.670/0001-10",2026-08-03 08:38:00.000,
5661,Empresa FictÃ­cia 5661,"84.511.687/0001-11",2026-08-03 08:38:00.000,
5662,Empresa FictÃ­cia 5662,"84.512.704/0001-12",2026-08-03 08:38:00.000,
5663,Empresa FictÃ­cia 5663,"84.513.721/0001-13",2026-08-03 08:38:00.000,
5664,Empresa FictÃ­cia 5664,"84.514.738/0001-14",2026-08-03 08:38:00.000,
5665,Empresa FictÃ­cia 5665,"84.515.755/0001-15",2026-08-03 08:38:00.000,
5666,Empresa FictÃ­cia 5666,"84.516.772/0001-16",2026-08-03 08:38:00.000,
5667,Empresa FictÃ­cia 5667,"84.517.789/0001-17",2026-08-03 08:38:00.000,
5668,Empresa FictÃ­cia 5668,"84.518.806/0001-18",2026-08-03 08:38:00.000,
5669,Empresa FictÃ­cia 5669,"84.519.823/0001-19",2026-08-03 08:38:00.000,
5670,Empresa FictÃ­cia 5670,"84.520.840/0001-20",2026-08-03 08:38:00.000,
5671,Empresa FictÃ­cia 5671,"84.521.857/0001-21",2026-08-03 08:38:00.000,
5672,Empresa FictÃ­cia 5672,"84.522.874/0001-22",2026-08-03 08:38:00.000,
5673,Empresa FictÃ­cia 5673,"84.523.891/0001-23",2026-08-03 08:38:00.000,
5674,Empresa FictÃ­cia 5674,"84.524.908/0001-24",2026-08-03 08:38:00.000,
5675,Empresa FictÃ­cia 5675,"84.525.925/0001-25",2026-08-03 08:38:00.000,
5676,Empresa FictÃ­cia 5676,"84.526.942/0001-26",2026-08-03 08:38:00.000,
5677,Empresa FictÃ­cia 5677,"84.527.959/0001-27",2026-08-03 08:38:00.000,
5678,Empresa FictÃ­cia 5678,"84.528.976/0001-28",2026-08-03 08:38:00.000,
5679,Empresa FictÃ­cia 5679,"84.529.993/0001-29",2026-08-03 08:38:00.000,
5680,Empresa FictÃ­cia 5680,"84.530.010/0001-30",2026-08-03 08:38:00.000,
5681,Empresa FictÃ­cia 5681,"84.531.027/0001-31",2026-08-03 08:38:00.000,
5682,Empresa FictÃ­cia 5682,"84.532.044/0001-32",2026-08-03 08:38:00.000,
5683,Empresa FictÃ­cia 5683,"84.533.061/0001-33",2026-08-03 08:38:00.000,
5684,Empresa FictÃ­cia 5684,"84.534.078/0001-34",2026-08-03 08:38:00.000,
5685,Empresa FictÃ­cia 5685,"84.535.095/0001-35",2026-08-03 08:38:00.000,
5686,Empresa FictÃ­cia 5686,"84.536.112/0001-36",2026-08-03 08:38:00.000,
5687,Empresa FictÃ­cia 5687,"84.537.129/0001-37",2026-08-03 08:38:00.000,
5688,Empresa FictÃ­cia 5688,"84.538.146/0001-38",2026-08-03 08:38:00.000,
5689,Empresa FictÃ­cia 5689,"84.539.163/0001-39",2026-08-03 08:38:00.000,
5690,Empresa FictÃ­cia 5690,"84.540.180/0001-40",2026-08-03 08:38:00.000,
5691,Empresa FictÃ­cia 5691,"84.541.197/0001-41",2026-08-03 08:38:00.000,
5692,Empresa FictÃ­cia 5692,"84.542.214/0001-42",2026-08-03 08:38:00.000,
5693,Empresa FictÃ­cia 5693,"84.543.231/0001-43",2026-08-03 08:38:00.000,
5694,Empresa FictÃ­cia 5694,"84.544.248/0001-44",2026-08-03 08:38:00.000,
5695,Empresa FictÃ­cia 5695,"84.545.265/0001-45",2026-08-03 08:38:00.000,
5696,Empresa FictÃ­cia 5696,"84.546.282/0001-46",2026-08-03 08:38:00.000,
5697,Empresa FictÃ­cia 5697,"84.547.299/0001-47",2026-08-03 08:38:00.000,
5698,Empresa FictÃ­cia 5698,"84.548.316/0001-48",2026-08-03 08:38:00.000,
5699,Empresa FictÃ­cia 5699,"84.549.333/0001-49",2026-08-03 08:38:00.000,
5700,Empresa FictÃ­cia 5700,"84.550.350/0001-50",2026-08-03 08:38:00.000,
5701,Empresa FictÃ­cia 5701,"84.551.367/0001-51",2026-08-03 08:38:00.000,
5702,Empresa FictÃ­cia 5702,"84.552.384/0001-52",2026-08-03 08:38:00.000,
5703,Empresa FictÃ­cia 5703,"84.553.401/0001-53",2026-08-03 08:38:00.000,
5704,Empresa FictÃ­cia 5704,"84.554.418/0001-54",2026-08-03 08:38:00.000,
5705,Empresa FictÃ­cia 5705,"84.555.435/0001-55",2026-08-03 08:38:00.000,
5706,Empresa FictÃ­cia 5706,"84.556.452/0001-56",2026-08-03 08:38:00.000,
5707,Empresa FictÃ­cia 5707,"84.557.469/0001-57",2026-08-03 08:38:00.000,
5708,Empresa FictÃ­cia 5708,"84.558.486/0001-58",2026-08-03 08:38:00.000,
5709,Empresa FictÃ­cia 5709,"84.559.503/0001-59",2026-08-03 08:38:00.000,
5710,Empresa FictÃ­cia 5710,"84.560.520/0001-60",2026-08-03 08:38:00.000,
5711,Empresa FictÃ­cia 5711,"84.561.537/0001-61",2026-08-03 08:38:00.000,
5712,Empresa FictÃ­cia 5712,"84.562.554/0001-62",2026-08-03 08:38:00.000,
5713,Empresa FictÃ­cia 5713,"84.563.571/0001-63",2026-08-03 08:38:00.000,
5714,Empresa FictÃ­cia 5714,"84.564.588/0001-64",2026-08-03 08:38:00.000,
5715,Empresa FictÃ­cia 5715,"84.565.605/0001-65",2026-08-03 08:38:00.000,
5716,Empresa FictÃ­cia 5716,"84.566.622/0001-66",2026-08-03 08:38:00.000,
5717,Empresa FictÃ­cia 5717,"84.567.639/0001-67",2026-08-03 08:38:00.000,
5718,Empresa FictÃ­cia 5718,"84.568.656/0001-68",2026-08-03 08:38:00.000,
5719,Empresa FictÃ­cia 5719,"84.569.673/0001-69",2026-08-03 08:38:00.000,
5720,Empresa FictÃ­cia 5720,"84.570.690/0001-70",2026-08-03 08:38:00.000,
5721,Empresa FictÃ­cia 5721,"84.571.707/0001-71",2026-08-03 08:38:00.000,
5722,Empresa FictÃ­cia 5722,"84.572.724/0001-72",2026-08-03 08:38:00.000,
5723,Empresa FictÃ­cia 5723,"84.573.741/0001-73",2026-08-03 08:38:00.000,
5724,Empresa FictÃ­cia 5724,"84.574.758/0001-74",2026-08-03 08:38:00.000,
5725,Empresa FictÃ­cia 5725,"84.575.775/0001-75",2026-08-03 08:38:00.000,
5726,Empresa FictÃ­cia 5726,"84.576.792/0001-76",2026-08-03 08:38:00.000,
5727,Empresa FictÃ­cia 5727,"84.577.809/0001-77",2026-08-03 08:38:00.000,
5728,Empresa FictÃ­cia 5728,"84.578.826/0001-78",2026-08-03 08:38:00.000,
5729,Empresa FictÃ­cia 5729,"84.579.843/0001-79",2026-08-03 08:38:00.000,
5730,Empresa FictÃ­cia 5730,"84.580.860/0001-80",2026-08-03 08:38:00.000,
5731,Empresa FictÃ­cia 5731,"84.581.877/0001-81",2026-08-03 08:38:00.000,
5732,Empresa FictÃ­cia 5732,"84.582.894/0001-82",2026-08-03 08:38:00.000,
5733,Empresa FictÃ­cia 5733,"84.583.911/0001-83",2026-08-03 08:38:00.000,
5734,Empresa FictÃ­cia 5734,"84.584.928/0001-84",2026-08-03 08:38:00.000,
5735,Empresa FictÃ­cia 5735,"84.585.945/0001-85",2026-08-03 08:38:00.000,
5736,Empresa FictÃ­cia 5736,"84.586.962/0001-86",2026-08-03 08:38:00.000,
5737,Empresa FictÃ­cia 5737,"84.587.979/0001-87",2026-08-03 08:38:00.000,
5738,Empresa FictÃ­cia 5738,"84.588.996/0001-88",2026-08-03 08:38:00.000,
5739,Empresa FictÃ­cia 5739,"84.589.013/0001-89",2026-08-03 08:38:00.000,
5740,Empresa FictÃ­cia 5740,"84.590.030/0001-90",2026-08-03 08:38:00.000,
5741,Empresa FictÃ­cia 5741,"84.591.047/0001-91",2026-08-03 08:38:00.000,
5742,Empresa FictÃ­cia 5742,"84.592.064/0001-92",2026-08-03 08:38:00.000,
5743,Empresa FictÃ­cia 5743,"84.593.081/0001-93",2026-08-03 08:38:00.000,
5744,Empresa FictÃ­cia 5744,"84.594.098/0001-94",2026-08-03 08:38:00.000,
5745,Empresa FictÃ­cia 5745,"84.595.115/0001-95",2026-08-03 08:38:00.000,
5746,Empresa FictÃ­cia 5746,"84.596.132/0001-96",2026-08-03 08:38:00.000,
5747,Empresa FictÃ­cia 5747,"84.597.149/0001-97",2026-08-03 08:38:00.000,
5748,Empresa FictÃ­cia 5748,"84.598.166/0001-98",2026-08-03 08:38:00.000,
5749,Empresa FictÃ­cia 5749,"84.599.183/0001-99",2026-08-03 08:38:00.000,
5750,Empresa FictÃ­cia 5750,"84.600.200/0001-00",2026-08-03 08:38:00.000,
5751,Empresa FictÃ­cia 5751,"84.601.217/0001-01",2026-08-03 08:38:00.000,
5752,Empresa FictÃ­cia 5752,"84.602.234/0001-02",2026-08-03 08:38:00.000,
5753,Empresa FictÃ­cia 5753,"84.603.251/0001-03",2026-08-03 08:38:00.000,
5754,Empresa FictÃ­cia 5754,"84.604.268/0001-04",2026-08-03 08:38:00.000,
5755,Empresa FictÃ­cia 5755,"84.605.285/0001-05",2026-08-03 08:38:00.000,
5756,Empresa FictÃ­cia 5756,"84.606.302/0001-06",2026-08-03 08:38:00.000,
5757,Empresa FictÃ­cia 5757,"84.607.319/0001-07",2026-08-03 08:38:00.000,
5758,Empresa FictÃ­cia 5758,"84.608.336/0001-08",2026-08-03 08:38:00.000,
5759,Empresa FictÃ­cia 5759,"84.609.353/0001-09",2026-08-03 08:38:00.000,
5760,Empresa FictÃ­cia 5760,"84.610.370/0001-10",2026-08-03 08:38:00.000,
5761,Empresa FictÃ­cia 5761,"84.611.387/0001-11",2026-08-03 08:38:00.000,
5762,Empresa FictÃ­cia 5762,"84.612.404/0001-12",2026-08-03 08:38:00.000,
5763,Empresa FictÃ­cia 5763,"84.613.421/0001-13",2026-08-03 08:38:00.000,
5764,Empresa FictÃ­cia 5764,"84.614.438/0001-14",2026-08-03 08:38:00.000,
5765,Empresa FictÃ­cia 5765,"84.615.455/0001-15",2026-08-03 08:38:00.000,
5766,Empresa FictÃ­cia 5766,"84.616.472/0001-16",2026-08-03 08:38:00.000,
5767,Empresa FictÃ­cia 5767,"84.617.489/0001-17",2026-08-03 08:38:00.000,
5768,Empresa FictÃ­cia 5768,"84.618.506/0001-18",2026-08-03 08:38:00.000,
5769,Empresa FictÃ­cia 5769,"84.619.523/0001-19",2026-08-03 08:38:00.000,
5770,Empresa FictÃ­cia 5770,"84.620.540/0001-20",2026-08-03 08:38:00.000,
5771,Empresa FictÃ­cia 5771,"84.621.557/0001-21",2026-08-03 08:38:00.000,
5772,Empresa FictÃ­cia 5772,"84.622.574/0001-22",2026-08-03 08:38:00.000,
5773,Empresa FictÃ­cia 5773,"84.623.591/0001-23",2026-08-03 08:38:00.000,
5774,Empresa FictÃ­cia 5774,"84.624.608/0001-24",2026-08-03 08:38:00.000,
5775,Empresa FictÃ­cia 5775,"84.625.625/0001-25",2026-08-03 08:38:00.000,
5776,Empresa FictÃ­cia 5776,"84.626.642/0001-26",2026-08-03 08:38:00.000,
5777,Empresa FictÃ­cia 5777,"84.627.659/0001-27",2026-08-03 08:38:00.000,
5778,Empresa FictÃ­cia 5778,"84.628.676/0001-28",2026-08-03 08:38:00.000,
5779,Empresa FictÃ­cia 5779,"84.629.693/0001-29",2026-08-03 08:38:00.000,
5780,Empresa FictÃ­cia 5780,"84.630.710/0001-30",2026-08-03 08:38:00.000,
5781,Empresa FictÃ­cia 5781,"84.631.727/0001-31",2026-08-03 08:38:00.000,
5782,Empresa FictÃ­cia 5782,"84.632.744/0001-32",2026-08-03 08:38:00.000,
5783,Empresa FictÃ­cia 5783,"84.633.761/0001-33",2026-08-03 08:38:00.000,
5784,Empresa FictÃ­cia 5784,"84.634.778/0001-34",2026-08-03 08:38:00.000,
5785,Empresa FictÃ­cia 5785,"84.635.795/0001-35",2026-08-03 08:38:00.000,
5786,Empresa FictÃ­cia 5786,"84.636.812/0001-36",2026-08-03 08:38:00.000,
5787,Empresa FictÃ­cia 5787,"84.637.829/0001-37",2026-08-03 08:38:00.000,
5788,Empresa FictÃ­cia 5788,"84.638.846/0001-38",2026-08-03 08:38:00.000,
5789,Empresa FictÃ­cia 5789,"84.639.863/0001-39",2026-08-03 08:38:00.000,
5790,Empresa FictÃ­cia 5790,"84.640.880/0001-40",2026-08-03 08:38:00.000,
5791,Empresa FictÃ­cia 5791,"84.641.897/0001-41",2026-08-03 08:38:00.000,
5792,Empresa FictÃ­cia 5792,"84.642.914/0001-42",2026-08-03 08:38:00.000,
5793,Empresa FictÃ­cia 5793,"84.643.931/0001-43",2026-08-03 08:38:00.000,
5794,Empresa FictÃ­cia 5794,"84.644.948/0001-44",2026-08-03 08:38:00.000,
5795,Empresa FictÃ­cia 5795,"84.645.965/0001-45",2026-08-03 08:38:00.000,
5796,Empresa FictÃ­cia 5796,"84.646.982/0001-46",2026-08-03 08:38:00.000,
5797,Empresa FictÃ­cia 5797,"84.647.999/0001-47",2026-08-03 08:38:00.000,
5798,Empresa FictÃ­cia 5798,"84.648.016/0001-48",2026-08-03 08:38:00.000,
5799,Empresa FictÃ­cia 5799,"84.649.033/0001-49",2026-08-03 08:38:00.000,
5800,Empresa FictÃ­cia 5800,"84.650.050/0001-50",2026-08-03 08:38:00.000,
5801,Empresa FictÃ­cia 5801,"84.651.067/0001-51",2026-08-03 08:38:00.000,
5802,Empresa FictÃ­cia 5802,"84.652.084/0001-52",2026-08-03 08:38:00.000,
5803,Empresa FictÃ­cia 5803,"84.653.101/0001-53",2026-08-03 08:38:00.000,
5804,Empresa FictÃ­cia 5804,"84.654.118/0001-54",2026-08-03 08:38:00.000,
5805,Empresa FictÃ­cia 5805,"84.655.135/0001-55",2026-08-03 08:38:00.000,
5806,Empresa FictÃ­cia 5806,"84.656.152/0001-56",2026-08-03 08:38:00.000,
5807,Empresa FictÃ­cia 5807,"84.657.169/0001-57",2026-08-03 08:38:00.000,
5808,Empresa FictÃ­cia 5808,"84.658.186/0001-58",2026-08-03 08:38:00.000,
5809,Empresa FictÃ­cia 5809,"84.659.203/0001-59",2026-08-03 08:38:00.000,
5810,Empresa FictÃ­cia 5810,"84.660.220/0001-60",2026-08-03 08:38:00.000,
5811,Empresa FictÃ­cia 5811,"84.661.237/0001-61",2026-08-03 08:38:00.000,
5812,Empresa FictÃ­cia 5812,"84.662.254/0001-62",2026-08-03 08:38:00.000,
5813,Empresa FictÃ­cia 5813,"84.663.271/0001-63",2026-08-03 08:38:00.000,
5814,Empresa FictÃ­cia 5814,"84.664.288/0001-64",2026-08-03 08:38:00.000,
5815,Empresa FictÃ­cia 5815,"84.665.305/0001-65",2026-08-03 08:38:00.000,
5816,Empresa FictÃ­cia 5816,"84.666.322/0001-66",2026-08-03 08:38:00.000,
5817,Empresa FictÃ­cia 5817,"84.667.339/0001-67",2026-08-03 08:38:00.000,
5818,Empresa FictÃ­cia 5818,"84.668.356/0001-68",2026-08-03 08:38:00.000,
5819,Empresa FictÃ­cia 5819,"84.669.373/0001-69",2026-08-03 08:38:00.000,
5820,Empresa FictÃ­cia 5820,"84.670.390/0001-70",2026-08-03 08:38:00.000,
5821,Empresa FictÃ­cia 5821,"84.671.407/0001-71",2026-08-03 08:38:00.000,
5822,Empresa FictÃ­cia 5822,"84.672.424/0001-72",2026-08-03 08:38:00.000,
5823,Empresa FictÃ­cia 5823,"84.673.441/0001-73",2026-08-03 08:38:00.000,
5824,Empresa FictÃ­cia 5824,"84.674.458/0001-74",2026-08-03 08:38:00.000,
5825,Empresa FictÃ­cia 5825,"84.675.475/0001-75",2026-08-03 08:38:00.000,
5826,Empresa FictÃ­cia 5826,"84.676.492/0001-76",2026-08-03 08:38:00.000,
5827,Empresa FictÃ­cia 5827,"84.677.509/0001-77",2026-08-03 08:38:00.000,
5828,Empresa FictÃ­cia 5828,"84.678.526/0001-78",2026-08-03 08:38:00.000,
5829,Empresa FictÃ­cia 5829,"84.679.543/0001-79",2026-08-03 08:38:00.000,
5830,Empresa FictÃ­cia 5830,"84.680.560/0001-80",2026-08-03 08:38:00.000,
5831,Empresa FictÃ­cia 5831,"84.681.577/0001-81",2026-08-03 08:38:00.000,
5832,Empresa FictÃ­cia 5832,"84.682.594/0001-82",2026-08-03 08:38:00.000,
5833,Empresa FictÃ­cia 5833,"84.683.611/0001-83",2026-08-03 08:38:00.000,
5834,Empresa FictÃ­cia 5834,"84.684.628/0001-84",2026-08-03 08:38:00.000,
5835,Empresa FictÃ­cia 5835,"84.685.645/0001-85",2026-08-03 08:38:00.000,
5836,Empresa FictÃ­cia 5836,"84.686.662/0001-86",2026-08-03 08:38:00.000,
5837,Empresa FictÃ­cia 5837,"84.687.679/0001-87",2026-08-03 08:38:00.000,
5838,Empresa FictÃ­cia 5838,"84.688.696/0001-88",2026-08-03 08:38:00.000,
5839,Empresa FictÃ­cia 5839,"84.689.713/0001-89",2026-08-03 08:38:00.000,
5840,Empresa FictÃ­cia 5840,"84.690.730/0001-90",2026-08-03 08:38:00.000,
5841,Empresa FictÃ­cia 5841,"84.691.747/0001-91",2026-08-03 08:38:00.000,
5842,Empresa FictÃ­cia 5842,"84.692.764/0001-92",2026-08-03 08:38:00.000,
5843,Empresa FictÃ­cia 5843,"84.693.781/0001-93",2026-08-03 08:38:00.000,
5844,Empresa FictÃ­cia 5844,"84.694.798/0001-94",2026-08-03 08:38:00.000,
5845,Empresa FictÃ­cia 5845,"84.695.815/0001-95",2026-08-03 08:38:00.000,
5846,Empresa FictÃ­cia 5846,"84.696.832/0001-96",2026-08-03 08:38:00.000,
5847,Empresa FictÃ­cia 5847,"84.697.849/0001-97",2026-08-03 08:38:00.000,
5848,Empresa FictÃ­cia 5848,"84.698.866/0001-98",2026-08-03 08:38:00.000,
5849,Empresa FictÃ­cia 5849,"84.699.883/0001-99",2026-08-03 08:38:00.000,
5850,Empresa FictÃ­cia 5850,"84.700.900/0001-00",2026-08-03 08:38:00.000,
5851,Empresa FictÃ­cia 5851,"84.701.917/0001-01",2026-08-03 08:38:00.000,
5852,Empresa FictÃ­cia 5852,"84.702.934/0001-02",2026-08-03 08:38:00.000,
5853,Empresa FictÃ­cia 5853,"84.703.951/0001-03",2026-08-03 08:38:00.000,
5854,Empresa FictÃ­cia 5854,"84.704.968/0001-04",2026-08-03 08:38:00.000,
5855,Empresa FictÃ­cia 5855,"84.705.985/0001-05",2026-08-03 08:38:00.000,
5856,Empresa FictÃ­cia 5856,"84.706.002/0001-06",2026-08-03 08:38:00.000,
5857,Empresa FictÃ­cia 5857,"84.707.019/0001-07",2026-08-03 08:38:00.000,
5858,Empresa FictÃ­cia 5858,"84.708.036/0001-08",2026-08-03 08:38:00.000,
5859,Empresa FictÃ­cia 5859,"84.709.053/0001-09",2026-08-03 08:38:00.000,
5860,Empresa FictÃ­cia 5860,"84.710.070/0001-10",2026-08-03 08:38:00.000,
5861,Empresa FictÃ­cia 5861,"84.711.087/0001-11",2026-08-03 08:38:00.000,
5862,Empresa FictÃ­cia 5862,"84.712.104/0001-12",2026-08-03 08:38:00.000,
5863,Empresa FictÃ­cia 5863,"84.713.121/0001-13",2026-08-03 08:38:00.000,
5864,Empresa FictÃ­cia 5864,"84.714.138/0001-14",2026-08-03 08:38:00.000,
5865,Empresa FictÃ­cia 5865,"84.715.155/0001-15",2026-08-03 08:38:00.000,
5866,Empresa FictÃ­cia 5866,"84.716.172/0001-16",2026-08-03 08:38:00.000,
5867,Empresa FictÃ­cia 5867,"84.717.189/0001-17",2026-08-03 08:38:00.000,
5868,Empresa FictÃ­cia 5868,"84.718.206/0001-18",2026-08-03 08:38:00.000,
5869,Empresa FictÃ­cia 5869,"84.719.223/0001-19",2026-08-03 08:38:00.000,
5870,Empresa FictÃ­cia 5870,"84.720.240/0001-20",2026-08-03 08:38:00.000,
5871,Empresa FictÃ­cia 5871,"84.721.257/0001-21",2026-08-03 08:38:00.000,
5872,Empresa FictÃ­cia 5872,"84.722.274/0001-22",2026-08-03 08:38:00.000,
5873,Empresa FictÃ­cia 5873,"84.723.291/0001-23",2026-08-03 08:38:00.000,
5874,Empresa FictÃ­cia 5874,"84.724.308/0001-24",2026-08-03 08:38:00.000,
5875,Empresa FictÃ­cia 5875,"84.725.325/0001-25",2026-08-03 08:38:00.000,
5876,Empresa FictÃ­cia 5876,"84.726.342/0001-26",2026-08-03 08:38:00.000,
5877,Empresa FictÃ­cia 5877,"84.727.359/0001-27",2026-08-03 08:38:00.000,
5878,Empresa FictÃ­cia 5878,"84.728.376/0001-28",2026-08-03 08:38:00.000,
5879,Empresa FictÃ­cia 5879,"84.729.393/0001-29",2026-08-03 08:38:00.000,
5880,Empresa FictÃ­cia 5880,"84.730.410/0001-30",2026-08-03 08:38:00.000,
5881,Empresa FictÃ­cia 5881,"84.731.427/0001-31",2026-08-03 08:38:00.000,
5882,Empresa FictÃ­cia 5882,"84.732.444/0001-32",2026-08-03 08:38:00.000,
5883,Empresa FictÃ­cia 5883,"84.733.461/0001-33",2026-08-03 08:38:00.000,
5884,Empresa FictÃ­cia 5884,"84.734.478/0001-34",2026-08-03 08:38:00.000,
5885,Empresa FictÃ­cia 5885,"84.735.495/0001-35",2026-08-03 08:38:00.000,
5886,Empresa FictÃ­cia 5886,"84.736.512/0001-36",2026-08-03 08:38:00.000,
5887,Empresa FictÃ­cia 5887,"84.737.529/0001-37",2026-08-03 08:38:00.000,
5888,Empresa FictÃ­cia 5888,"84.738.546/0001-38",2026-08-03 08:38:00.000,
5889,Empresa FictÃ­cia 5889,"84.739.563/0001-39",2026-08-03 08:38:00.000,
5890,Empresa FictÃ­cia 5890,"84.740.580/0001-40",2026-08-03 08:38:00.000,
5891,Empresa FictÃ­cia 5891,"84.741.597/0001-41",2026-08-03 08:38:00.000,
5892,Empresa FictÃ­cia 5892,"84.742.614/0001-42",2026-08-03 08:38:00.000,
5893,Empresa FictÃ­cia 5893,"84.743.631/0001-43",2026-08-03 08:38:00.000,
5894,Empresa FictÃ­cia 5894,"84.744.648/0001-44",2026-08-03 08:38:00.000,
5895,Empresa FictÃ­cia 5895,"84.745.665/0001-45",2026-08-03 08:38:00.000,
5896,Empresa FictÃ­cia 5896,"84.746.682/0001-46",2026-08-03 08:38:00.000,
5897,Empresa FictÃ­cia 5897,"84.747.699/0001-47",2026-08-03 08:38:00.000,
5898,Empresa FictÃ­cia 5898,"84.748.716/0001-48",2026-08-03 08:38:00.000,
5899,Empresa FictÃ­cia 5899,"84.749.733/0001-49",2026-08-03 08:38:00.000,
5900,Empresa FictÃ­cia 5900,"84.750.750/0001-50",2026-08-03 08:38:00.000,
5901,Empresa FictÃ­cia 5901,"84.751.767/0001-51",2026-08-03 08:38:00.000,
5902,Empresa FictÃ­cia 5902,"84.752.784/0001-52",2026-08-03 08:38:00.000,
5903,Empresa FictÃ­cia 5903,"84.753.801/0001-53",2026-08-03 08:38:00.000,
5904,Empresa FictÃ­cia 5904,"84.754.818/0001-54",2026-08-03 08:38:00.000,
5905,Empresa FictÃ­cia 5905,"84.755.835/0001-55",2026-08-03 08:38:00.000,
5906,Empresa FictÃ­cia 5906,"84.756.852/0001-56",2026-08-03 08:38:00.000,
5907,Empresa FictÃ­cia 5907,"84.757.869/0001-57",2026-08-03 08:38:00.000,
5908,Empresa FictÃ­cia 5908,"84.758.886/0001-58",2026-08-03 08:38:00.000,
5909,Empresa FictÃ­cia 5909,"84.759.903/0001-59",2026-08-03 08:38:00.000,
5910,Empresa FictÃ­cia 5910,"84.760.920/0001-60",2026-08-03 08:38:00.000,
5911,Empresa FictÃ­cia 5911,"84.761.937/0001-61",2026-08-03 08:38:00.000,
5912,Empresa FictÃ­cia 5912,"84.762.954/0001-62",2026-08-03 08:38:00.000,
5913,Empresa FictÃ­cia 5913,"84.763.971/0001-63",2026-08-03 08:38:00.000,
5914,Empresa FictÃ­cia 5914,"84.764.988/0001-64",2026-08-03 08:38:00.000,
5915,Empresa FictÃ­cia 5915,"84.765.005/0001-65",2026-08-03 08:38:00.000,
5916,Empresa FictÃ­cia 5916,"84.766.022/0001-66",2026-08-03 08:38:00.000,
5917,Empresa FictÃ­cia 5917,"84.767.039/0001-67",2026-08-03 08:38:00.000,
5918,Empresa FictÃ­cia 5918,"84.768.056/0001-68",2026-08-03 08:38:00.000,
5919,Empresa FictÃ­cia 5919,"84.769.073/0001-69",2026-08-03 08:38:00.000,
5920,Empresa FictÃ­cia 5920,"84.770.090/0001-70",2026-08-03 08:38:00.000,
5921,Empresa FictÃ­cia 5921,"84.771.107/0001-71",2026-08-03 08:38:00.000,
5922,Empresa FictÃ­cia 5922,"84.772.124/0001-72",2026-08-03 08:38:00.000,
5923,Empresa FictÃ­cia 5923,"84.773.141/0001-73",2026-08-03 08:38:00.000,
5924,Empresa FictÃ­cia 5924,"84.774.158/0001-74",2026-08-03 08:38:00.000,
5925,Empresa FictÃ­cia 5925,"84.775.175/0001-75",2026-08-03 08:38:00.000,
5926,Empresa FictÃ­cia 5926,"84.776.192/0001-76",2026-08-03 08:38:00.000,
5927,Empresa FictÃ­cia 5927,"84.777.209/0001-77",2026-08-03 08:38:00.000,
5928,Empresa FictÃ­cia 5928,"84.778.226/0001-78",2026-08-03 08:38:00.000,
5929,Empresa FictÃ­cia 5929,"84.779.243/0001-79",2026-08-03 08:38:00.000,
5930,Empresa FictÃ­cia 5930,"84.780.260/0001-80",2026-08-03 08:38:00.000,
5931,Empresa FictÃ­cia 5931,"84.781.277/0001-81",2026-08-03 08:38:00.000,
5932,Empresa FictÃ­cia 5932,"84.782.294/0001-82",2026-08-03 08:38:00.000,
5933,Empresa FictÃ­cia 5933,"84.783.311/0001-83",2026-08-03 08:38:00.000,
5934,Empresa FictÃ­cia 5934,"84.784.328/0001-84",2026-08-03 08:38:00.000,
5935,Empresa FictÃ­cia 5935,"84.785.345/0001-85",2026-08-03 08:38:00.000,
5936,Empresa FictÃ­cia 5936,"84.786.362/0001-86",2026-08-03 08:38:00.000,
5937,Empresa FictÃ­cia 5937,"84.787.379/0001-87",2026-08-03 08:38:00.000,
5938,Empresa FictÃ­cia 5938,"84.788.396/0001-88",2026-08-03 08:38:00.000,
5939,Empresa FictÃ­cia 5939,"84.789.413/0001-89",2026-08-03 08:38:00.000,
5940,Empresa FictÃ­cia 5940,"84.790.430/0001-90",2026-08-03 08:38:00.000,
5941,Empresa FictÃ­cia 5941,"84.791.447/0001-91",2026-08-03 08:38:00.000,
5942,Empresa FictÃ­cia 5942,"84.792.464/0001-92",2026-08-03 08:38:00.000,
5943,Empresa FictÃ­cia 5943,"84.793.481/0001-93",2026-08-03 08:38:00.000,
5944,Empresa FictÃ­cia 5944,"84.794.498/0001-94",2026-08-03 08:38:00.000,
5945,Empresa FictÃ­cia 5945,"84.795.515/0001-95",2026-08-03 08:38:00.000,
5946,Empresa FictÃ­cia 5946,"84.796.532/0001-96",2026-08-03 08:38:00.000,
5947,Empresa FictÃ­cia 5947,"84.797.549/0001-97",2026-08-03 08:38:00.000,
5948,Empresa FictÃ­cia 5948,"84.798.566/0001-98",2026-08-03 08:38:00.000,
5949,Empresa FictÃ­cia 5949,"84.799.583/0001-99",2026-08-03 08:38:00.000,
5950,Empresa FictÃ­cia 5950,"84.800.600/0001-00",2026-08-03 08:38:00.000,
5951,Empresa FictÃ­cia 5951,"84.801.617/0001-01",2026-08-03 08:38:00.000,
5952,Empresa FictÃ­cia 5952,"84.802.634/0001-02",2026-08-03 08:38:00.000,
5953,Empresa FictÃ­cia 5953,"84.803.651/0001-03",2026-08-03 08:38:00.000,
5954,Empresa FictÃ­cia 5954,"84.804.668/0001-04",2026-08-03 08:38:00.000,
5955,Empresa FictÃ­cia 5955,"84.805.685/0001-05",2026-08-03 08:38:00.000,
5956,Empresa FictÃ­cia 5956,"84.806.702/0001-06",2026-08-03 08:38:00.000,
5957,Empresa FictÃ­cia 5957,"84.807.719/0001-07",2026-08-03 08:38:00.000,
5958,Empresa FictÃ­cia 5958,"84.808.736/0001-08",2026-08-03 08:38:00.000,
5959,Empresa FictÃ­cia 5959,"84.809.753/0001-09",2026-08-03 08:38:00.000,
5960,Empresa FictÃ­cia 5960,"84.810.770/0001-10",2026-08-03 08:38:00.000,
5961,Empresa FictÃ­cia 5961,"84.811.787/0001-11",2026-08-03 08:38:00.000,
5962,Empresa FictÃ­cia 5962,"84.812.804/0001-12",2026-08-03 08:38:00.000,
5963,Empresa FictÃ­cia 5963,"84.813.821/0001-13",2026-08-03 08:38:00.000,
5964,Empresa FictÃ­cia 5964,"84.814.838/0001-14",2026-08-03 08:38:00.000,
5965,Empresa FictÃ­cia 5965,"84.815.855/0001-15",2026-08-03 08:38:00.000,
5966,Empresa FictÃ­cia 5966,"84.816.872/0001-16",2026-08-03 08:38:00.000,
5967,Empresa FictÃ­cia 5967,"84.817.889/0001-17",2026-08-03 08:38:00.000,
5968,Empresa FictÃ­cia 5968,"84.818.906/0001-18",2026-08-03 08:38:00.000,
5969,Empresa FictÃ­cia 5969,"84.819.923/0001-19",2026-08-03 08:38:00.000,
5970,Empresa FictÃ­cia 5970,"84.820.940/0001-20",2026-08-03 08:38:00.000,
5971,Empresa FictÃ­cia 5971,"84.821.957/0001-21",2026-08-03 08:38:00.000,
5972,Empresa FictÃ­cia 5972,"84.822.974/0001-22",2026-08-03 08:38:00.000,
5973,Empresa FictÃ­cia 5973,"84.823.991/0001-23",2026-08-03 08:38:00.000,
5974,Empresa FictÃ­cia 5974,"84.824.008/0001-24",2026-08-03 08:38:00.000,
5975,Empresa FictÃ­cia 5975,"84.825.025/0001-25",2026-08-03 08:38:00.000,
5976,Empresa FictÃ­cia 5976,"84.826.042/0001-26",2026-08-03 08:38:00.000,
5977,Empresa FictÃ­cia 5977,"84.827.059/0001-27",2026-08-03 08:38:00.000,
5978,Empresa FictÃ­cia 5978,"84.828.076/0001-28",2026-08-03 08:38:00.000,
5979,Empresa FictÃ­cia 5979,"84.829.093/0001-29",2026-08-03 08:38:00.000,
5980,Empresa FictÃ­cia 5980,"84.830.110/0001-30",2026-08-03 08:38:00.000,
5981,Empresa FictÃ­cia 5981,"84.831.127/0001-31",2026-08-03 08:38:00.000,
5982,Empresa FictÃ­cia 5982,"84.832.144/0001-32",2026-08-03 08:38:00.000,
5983,Empresa FictÃ­cia 5983,"84.833.161/0001-33",2026-08-03 08:38:00.000,
5984,Empresa FictÃ­cia 5984,"84.834.178/0001-34",2026-08-03 08:38:00.000,
5985,Empresa FictÃ­cia 5985,"84.835.195/0001-35",2026-08-03 08:38:00.000,
5986,Empresa FictÃ­cia 5986,"84.836.212/0001-36",2026-08-03 08:38:00.000,
5987,Empresa FictÃ­cia 5987,"84.837.229/0001-37",2026-08-03 08:38:00.000,
5988,Empresa FictÃ­cia 5988,"84.838.246/0001-38",2026-08-03 08:38:00.000,
5989,Empresa FictÃ­cia 5989,"84.839.263/0001-39",2026-08-03 08:38:00.000,
5990,Empresa FictÃ­cia 5990,"84.840.280/0001-40",2026-08-03 08:38:00.000,
5991,Empresa FictÃ­cia 5991,"84.841.297/0001-41",2026-08-03 08:38:00.000,
5992,Empresa FictÃ­cia 5992,"84.842.314/0001-42",2026-08-03 08:38:00.000,
5993,Empresa FictÃ­cia 5993,"84.843.331/0001-43",2026-08-03 08:38:00.000,
5994,Empresa FictÃ­cia 5994,"84.844.348/0001-44",2026-08-03 08:38:00.000,
5995,Empresa FictÃ­cia 5995,"84.845.365/0001-45",2026-08-03 08:38:00.000,
5996,Empresa FictÃ­cia 5996,"84.846.382/0001-46",2026-08-03 08:38:00.000,
5997,Empresa FictÃ­cia 5997,"84.847.399/0001-47",2026-08-03 08:38:00.000,
5998,Empresa FictÃ­cia 5998,"84.848.416/0001-48",2026-08-03 08:38:00.000,
5999,Empresa FictÃ­cia 5999,"84.849.433/0001-49",2026-08-03 08:38:00.000,
6000,Empresa FictÃ­cia 6000,"84.850.450/0001-50",2026-08-03 08:38:00.000,
6001,Empresa FictÃ­cia 6001,"84.851.467/0001-51",2026-08-03 08:38:00.000,
6002,Empresa FictÃ­cia 6002,"84.852.484/0001-52",2026-08-03 08:38:00.000,
6003,Empresa FictÃ­cia 6003,"84.853.501/0001-53",2026-08-03 08:38:00.000,
6004,Empresa FictÃ­cia 6004,"84.854.518/0001-54",2026-08-03 08:38:00.000,
6005,Empresa FictÃ­cia 6005,"84.855.535/0001-55",2026-08-03 08:38:00.000,
6006,Empresa FictÃ­cia 6006,"84.856.552/0001-56",2026-08-03 08:38:00.000,
6007,Empresa FictÃ­cia 6007,"84.857.569/0001-57",2026-08-03 08:38:00.000,
6008,Empresa FictÃ­cia 6008,"84.858.586/0001-58",2026-08-03 08:38:00.000,
6009,Empresa FictÃ­cia 6009,"84.859.603/0001-59",2026-08-03 08:38:00.000,
6010,Empresa FictÃ­cia 6010,"84.860.620/0001-60",2026-08-03 08:38:00.000,
6011,Empresa FictÃ­cia 6011,"84.861.637/0001-61",2026-08-03 08:38:00.000,
6012,Empresa FictÃ­cia 6012,"84.862.654/0001-62",2026-08-03 08:38:00.000,
6013,Empresa FictÃ­cia 6013,"84.863.671/0001-63",2026-08-03 08:38:00.000,
6014,Empresa FictÃ­cia 6014,"84.864.688/0001-64",2026-08-03 08:38:00.000,
6015,Empresa FictÃ­cia 6015,"84.865.705/0001-65",2026-08-03 08:38:00.000,
6016,Empresa FictÃ­cia 6016,"84.866.722/0001-66",2026-08-03 08:38:00.000,
6017,Empresa FictÃ­cia 6017,"84.867.739/0001-67",2026-08-03 08:38:00.000,
6018,Empresa FictÃ­cia 6018,"84.868.756/0001-68",2026-08-03 08:38:00.000,
6019,Empresa FictÃ­cia 6019,"84.869.773/0001-69",2026-08-03 08:38:00.000,
6020,Empresa FictÃ­cia 6020,"84.870.790/0001-70",2026-08-03 08:38:00.000,
6021,Empresa FictÃ­cia 6021,"84.871.807/0001-71",2026-08-03 08:38:00.000,
6022,Empresa FictÃ­cia 6022,"84.872.824/0001-72",2026-08-03 08:38:00.000,
6023,Empresa FictÃ­cia 6023,"84.873.841/0001-73",2026-08-03 08:38:00.000,
6024,Empresa FictÃ­cia 6024,"84.874.858/0001-74",2026-08-03 08:38:00.000,
6025,Empresa FictÃ­cia 6025,"84.875.875/0001-75",2026-08-03 08:38:00.000,
6026,Empresa FictÃ­cia 6026,"84.876.892/0001-76",2026-08-03 08:38:00.000,
6027,Empresa FictÃ­cia 6027,"84.877.909/0001-77",2026-08-03 08:38:00.000,
6028,Empresa FictÃ­cia 6028,"84.878.926/0001-78",2026-08-03 08:38:00.000,
6029,Empresa FictÃ­cia 6029,"84.879.943/0001-79",2026-08-03 08:38:00.000,
6030,Empresa FictÃ­cia 6030,"84.880.960/0001-80",2026-08-03 08:38:00.000,
6031,Empresa FictÃ­cia 6031,"84.881.977/0001-81",2026-08-03 08:38:00.000,
6032,Empresa FictÃ­cia 6032,"84.882.994/0001-82",2026-08-03 08:38:00.000,
6033,Empresa FictÃ­cia 6033,"84.883.011/0001-83",2026-08-03 08:38:00.000,
6034,Empresa FictÃ­cia 6034,"84.884.028/0001-84",2026-08-03 08:38:00.000,
6035,Empresa FictÃ­cia 6035,"84.885.045/0001-85",2026-08-03 08:38:00.000,
6036,Empresa FictÃ­cia 6036,"84.886.062/0001-86",2026-08-03 08:38:00.000,
6037,Empresa FictÃ­cia 6037,"84.887.079/0001-87",2026-08-03 08:38:00.000,
6038,Empresa FictÃ­cia 6038,"84.888.096/0001-88",2026-08-03 08:38:00.000,
6039,Empresa FictÃ­cia 6039,"84.889.113/0001-89",2026-08-03 08:38:00.000,
6040,Empresa FictÃ­cia 6040,"84.890.130/0001-90",2026-08-03 08:38:00.000,
6041,Empresa FictÃ­cia 6041,"84.891.147/0001-91",2026-08-03 08:38:00.000,
6042,Empresa FictÃ­cia 6042,"84.892.164/0001-92",2026-08-03 08:38:00.000,
6043,Empresa FictÃ­cia 6043,"84.893.181/0001-93",2026-08-03 08:38:00.000,
6044,Empresa FictÃ­cia 6044,"84.894.198/0001-94",2026-08-03 08:38:00.000,
6045,Empresa FictÃ­cia 6045,"84.895.215/0001-95",2026-08-03 08:38:00.000,
6046,Empresa FictÃ­cia 6046,"84.896.232/0001-96",2026-08-03 08:38:00.000,
6047,Empresa FictÃ­cia 6047,"84.897.249/0001-97",2026-08-03 08:38:00.000,
6048,Empresa FictÃ­cia 6048,"84.898.266/0001-98",2026-08-03 08:38:00.000,
6049,Empresa FictÃ­cia 6049,"84.899.283/0001-99",2026-08-03 08:38:00.000,
6050,Empresa FictÃ­cia 6050,"84.900.300/0001-00",2026-08-03 08:38:00.000,
6051,Empresa FictÃ­cia 6051,"84.901.317/0001-01",2026-08-03 08:38:00.000,
6052,Empresa FictÃ­cia 6052,"84.902.334/0001-02",2026-08-03 08:38:00.000,
6053,Empresa FictÃ­cia 6053,"84.903.351/0001-03",2026-08-03 08:38:00.000,
6054,Empresa FictÃ­cia 6054,"84.904.368/0001-04",2026-08-03 08:38:00.000,
6055,Empresa FictÃ­cia 6055,"84.905.385/0001-05",2026-08-03 08:38:00.000,
6056,Empresa FictÃ­cia 6056,"84.906.402/0001-06",2026-08-03 08:38:00.000,
6057,Empresa FictÃ­cia 6057,"84.907.419/0001-07",2026-08-03 08:38:00.000,
6058,Empresa FictÃ­cia 6058,"84.908.436/0001-08",2026-08-03 08:38:00.000,
6059,Empresa FictÃ­cia 6059,"84.909.453/0001-09",2026-08-03 08:38:00.000,
6060,Empresa FictÃ­cia 6060,"84.910.470/0001-10",2026-08-03 08:38:00.000,
6061,Empresa FictÃ­cia 6061,"84.911.487/0001-11",2026-08-03 08:38:00.000,
6062,Empresa FictÃ­cia 6062,"84.912.504/0001-12",2026-08-03 08:38:00.000,
6063,Empresa FictÃ­cia 6063,"84.913.521/0001-13",2026-08-03 08:38:00.000,
6064,Empresa FictÃ­cia 6064,"84.914.538/0001-14",2026-08-03 08:38:00.000,
6065,Empresa FictÃ­cia 6065,"84.915.555/0001-15",2026-08-03 08:38:00.000,
6066,Empresa FictÃ­cia 6066,"84.916.572/0001-16",2026-08-03 08:38:00.000,
6067,Empresa FictÃ­cia 6067,"84.917.589/0001-17",2026-08-03 08:38:00.000,
6068,Empresa FictÃ­cia 6068,"84.918.606/0001-18",2026-08-03 08:38:00.000,
6069,Empresa FictÃ­cia 6069,"84.919.623/0001-19",2026-08-03 08:38:00.000,
6070,Empresa FictÃ­cia 6070,"84.920.640/0001-20",2026-08-03 08:38:00.000,
6071,Empresa FictÃ­cia 6071,"84.921.657/0001-21",2026-08-03 08:38:00.000,
6072,Empresa FictÃ­cia 6072,"84.922.674/0001-22",2026-08-03 08:38:00.000,
6073,Empresa FictÃ­cia 6073,"84.923.691/0001-23",2026-08-03 08:38:00.000,
6074,Empresa FictÃ­cia 6074,"84.924.708/0001-24",2026-08-03 08:38:00.000,
6075,Empresa FictÃ­cia 6075,"84.925.725/0001-25",2026-08-03 08:38:00.000,
6076,Empresa FictÃ­cia 6076,"84.926.742/0001-26",2026-08-03 08:38:00.000,
6077,Empresa FictÃ­cia 6077,"84.927.759/0001-27",2026-08-03 08:38:00.000,
6078,Empresa FictÃ­cia 6078,"84.928.776/0001-28",2026-08-03 08:38:00.000,
6079,Empresa FictÃ­cia 6079,"84.929.793/0001-29",2026-08-03 08:38:00.000,
6080,Empresa FictÃ­cia 6080,"84.930.810/0001-30",2026-08-03 08:38:00.000,
6081,Empresa FictÃ­cia 6081,"84.931.827/0001-31",2026-08-03 08:38:00.000,
6082,Empresa FictÃ­cia 6082,"84.932.844/0001-32",2026-08-03 08:38:00.000,
6083,Empresa FictÃ­cia 6083,"84.933.861/0001-33",2026-08-03 08:38:00.000,
6084,Empresa FictÃ­cia 6084,"84.934.878/0001-34",2026-08-03 08:38:00.000,
6085,Empresa FictÃ­cia 6085,"84.935.895/0001-35",2026-08-03 08:38:00.000,
6086,Empresa FictÃ­cia 6086,"84.936.912/0001-36",2026-08-03 08:38:00.000,
6087,Empresa FictÃ­cia 6087,"84.937.929/0001-37",2026-08-03 08:38:00.000,
6088,Empresa FictÃ­cia 6088,"84.938.946/0001-38",2026-08-03 08:38:00.000,
6089,Empresa FictÃ­cia 6089,"84.939.963/0001-39",2026-08-03 08:38:00.000,
6090,Empresa FictÃ­cia 6090,"84.940.980/0001-40",2026-08-03 08:38:00.000,
6091,Empresa FictÃ­cia 6091,"84.941.997/0001-41",2026-08-03 08:38:00.000,
6092,Empresa FictÃ­cia 6092,"84.942.014/0001-42",2026-08-03 08:38:00.000,
6093,Empresa FictÃ­cia 6093,"84.943.031/0001-43",2026-08-03 08:38:00.000,
6094,Empresa FictÃ­cia 6094,"84.944.048/0001-44",2026-08-03 08:38:00.000,
6095,Empresa FictÃ­cia 6095,"84.945.065/0001-45",2026-08-03 08:38:00.000,
6096,Empresa FictÃ­cia 6096,"84.946.082/0001-46",2026-08-03 08:38:00.000,
6097,Empresa FictÃ­cia 6097,"84.947.099/0001-47",2026-08-03 08:38:00.000,
6098,Empresa FictÃ­cia 6098,"84.948.116/0001-48",2026-08-03 08:38:00.000,
6099,Empresa FictÃ­cia 6099,"84.949.133/0001-49",2026-08-03 08:38:00.000,
6100,Empresa FictÃ­cia 6100,"84.950.150/0001-50",2026-08-03 08:38:00.000,
6101,Empresa FictÃ­cia 6101,"84.951.167/0001-51",2026-08-03 08:38:00.000,
6102,Empresa FictÃ­cia 6102,"84.952.184/0001-52",2026-08-03 08:38:00.000,
6103,Empresa FictÃ­cia 6103,"84.953.201/0001-53",2026-08-03 08:38:00.000,
6104,Empresa FictÃ­cia 6104,"84.954.218/0001-54",2026-08-03 08:38:00.000,
6105,Empresa FictÃ­cia 6105,"84.955.235/0001-55",2026-08-03 08:38:00.000,
6106,Empresa FictÃ­cia 6106,"84.956.252/0001-56",2026-08-03 08:38:00.000,
6107,Empresa FictÃ­cia 6107,"84.957.269/0001-57",2026-08-03 08:38:00.000,
6108,Empresa FictÃ­cia 6108,"84.958.286/0001-58",2026-08-03 08:38:00.000,
6109,Empresa FictÃ­cia 6109,"84.959.303/0001-59",2026-08-03 08:38:00.000,
6110,Empresa FictÃ­cia 6110,"84.960.320/0001-60",2026-08-03 08:38:00.000,
6111,Empresa FictÃ­cia 6111,"84.961.337/0001-61",2026-08-03 08:38:00.000,
6112,Empresa FictÃ­cia 6112,"84.962.354/0001-62",2026-08-03 08:38:00.000,
6113,Empresa FictÃ­cia 6113,"84.963.371/0001-63",2026-08-03 08:38:00.000,
6114,Empresa FictÃ­cia 6114,"84.964.388/0001-64",2026-08-03 08:38:00.000,
6115,Empresa FictÃ­cia 6115,"84.965.405/0001-65",2026-08-03 08:38:00.000,
6116,Empresa FictÃ­cia 6116,"84.966.422/0001-66",2026-08-03 08:38:00.000,
6117,Empresa FictÃ­cia 6117,"84.967.439/0001-67",2026-08-03 08:38:00.000,
6118,Empresa FictÃ­cia 6118,"84.968.456/0001-68",2026-08-03 08:38:00.000,
6119,Empresa FictÃ­cia 6119,"84.969.473/0001-69",2026-08-03 08:38:00.000,
6120,Empresa FictÃ­cia 6120,"84.970.490/0001-70",2026-08-03 08:38:00.000,
6121,Empresa FictÃ­cia 6121,"84.971.507/0001-71",2026-08-03 08:38:00.000,
6122,Empresa FictÃ­cia 6122,"84.972.524/0001-72",2026-08-03 08:38:00.000,
6123,Empresa FictÃ­cia 6123,"84.973.541/0001-73",2026-08-03 08:38:00.000,
6124,Empresa FictÃ­cia 6124,"84.974.558/0001-74",2026-08-03 08:38:00.000,
6125,Empresa FictÃ­cia 6125,"84.975.575/0001-75",2026-08-03 08:38:00.000,
6126,Empresa FictÃ­cia 6126,"84.976.592/0001-76",2026-08-03 08:38:00.000,
6127,Empresa FictÃ­cia 6127,"84.977.609/0001-77",2026-08-03 08:38:00.000,
6128,Empresa FictÃ­cia 6128,"84.978.626/0001-78",2026-08-03 08:38:00.000,
6129,Empresa FictÃ­cia 6129,"84.979.643/0001-79",2026-08-03 08:38:00.000,
6130,Empresa FictÃ­cia 6130,"84.980.660/0001-80",2026-08-03 08:38:00.000,
6131,Empresa FictÃ­cia 6131,"84.981.677/0001-81",2026-08-03 08:38:00.000,
6132,Empresa FictÃ­cia 6132,"84.982.694/0001-82",2026-08-03 08:38:00.000,
6133,Empresa FictÃ­cia 6133,"84.983.711/0001-83",2026-08-03 08:38:00.000,
6134,Empresa FictÃ­cia 6134,"84.984.728/0001-84",2026-08-03 08:38:00.000,
6135,Empresa FictÃ­cia 6135,"84.985.745/0001-85",2026-08-03 08:38:00.000,
6136,Empresa FictÃ­cia 6136,"84.986.762/0001-86",2026-08-03 08:38:00.000,
6137,Empresa FictÃ­cia 6137,"84.987.779/0001-87",2026-08-03 08:38:00.000,
6138,Empresa FictÃ­cia 6138,"84.988.796/0001-88",2026-08-03 08:38:00.000,
6139,Empresa FictÃ­cia 6139,"84.989.813/0001-89",2026-08-03 08:38:00.000,
6140,Empresa FictÃ­cia 6140,"84.990.830/0001-90",2026-08-03 08:38:00.000,
6141,Empresa FictÃ­cia 6141,"84.991.847/0001-91",2026-08-03 08:38:00.000,
6142,Empresa FictÃ­cia 6142,"84.992.864/0001-92",2026-08-03 08:38:00.000,
6143,Empresa FictÃ­cia 6143,"84.993.881/0001-93",2026-08-03 08:38:00.000,
6144,Empresa FictÃ­cia 6144,"84.994.898/0001-94",2026-08-03 08:38:00.000,
6145,Empresa FictÃ­cia 6145,"84.995.915/0001-95",2026-08-03 08:38:00.000,
6146,Empresa FictÃ­cia 6146,"84.996.932/0001-96",2026-08-03 08:38:00.000,
6147,Empresa FictÃ­cia 6147,"84.997.949/0001-97",2026-08-03 08:38:00.000,
6148,Empresa FictÃ­cia 6148,"84.998.966/0001-98",2026-08-03 08:38:00.000,
6149,Empresa FictÃ­cia 6149,"84.999.983/0001-99",2026-08-03 08:38:00.000,
6150,Empresa FictÃ­cia 6150,"85.000.000/0001-00",2026-08-03 08:38:00.000,
6151,Empresa FictÃ­cia 6151,"85.001.017/0001-01",2026-08-03 08:38:00.000,
6152,Empresa FictÃ­cia 6152,"85.002.034/0001-02",2026-08-03 08:38:00.000,
6153,Empresa FictÃ­cia 6153,"85.003.051/0001-03",2026-08-03 08:38:00.000,
6154,Empresa FictÃ­cia 6154,"85.004.068/0001-04",2026-08-03 08:38:00.000,
6155,Empresa FictÃ­cia 6155,"85.005.085/0001-05",2026-08-03 08:38:00.000,
6156,Empresa FictÃ­cia 6156,"85.006.102/0001-06",2026-08-03 08:38:00.000,
6157,Empresa FictÃ­cia 6157,"85.007.119/0001-07",2026-08-03 08:38:00.000,
6158,Empresa FictÃ­cia 6158,"85.008.136/0001-08",2026-08-03 08:38:00.000,
6159,Empresa FictÃ­cia 6159,"85.009.153/0001-09",2026-08-03 08:38:00.000,
6160,Empresa FictÃ­cia 6160,"85.010.170/0001-10",2026-08-03 08:38:00.000,
6161,Empresa FictÃ­cia 6161,"85.011.187/0001-11",2026-08-03 08:38:00.000,
6162,Empresa FictÃ­cia 6162,"85.012.204/0001-12",2026-08-03 08:38:00.000,
6163,Empresa FictÃ­cia 6163,"85.013.221/0001-13",2026-08-03 08:38:00.000,
6164,Empresa FictÃ­cia 6164,"85.014.238/0001-14",2026-08-03 08:38:00.000,
6165,Empresa FictÃ­cia 6165,"85.015.255/0001-15",2026-08-03 08:38:00.000,
6166,Empresa FictÃ­cia 6166,"85.016.272/0001-16",2026-08-03 08:38:00.000,
6167,Empresa FictÃ­cia 6167,"85.017.289/0001-17",2026-08-03 08:38:00.000,
6168,Empresa FictÃ­cia 6168,"85.018.306/0001-18",2026-08-03 08:38:00.000,
6169,Empresa FictÃ­cia 6169,"85.019.323/0001-19",2026-08-03 08:38:00.000,
6170,Empresa FictÃ­cia 6170,"85.020.340/0001-20",2026-08-03 08:38:00.000,
6171,Empresa FictÃ­cia 6171,"85.021.357/0001-21",2026-08-03 08:38:00.000,
6172,Empresa FictÃ­cia 6172,"85.022.374/0001-22",2026-08-03 08:38:00.000,
6173,Empresa FictÃ­cia 6173,"85.023.391/0001-23",2026-08-03 08:38:00.000,
6174,Empresa FictÃ­cia 6174,"85.024.408/0001-24",2026-08-03 08:38:00.000,
6175,Empresa FictÃ­cia 6175,"85.025.425/0001-25",2026-08-03 08:38:00.000,
6176,Empresa FictÃ­cia 6176,"85.026.442/0001-26",2026-08-03 08:38:00.000,
6177,Empresa FictÃ­cia 6177,"85.027.459/0001-27",2026-08-03 08:38:00.000,
6178,Empresa FictÃ­cia 6178,"85.028.476/0001-28",2026-08-03 08:38:00.000,
6179,Empresa FictÃ­cia 6179,"85.029.493/0001-29",2026-08-03 08:38:00.000,
6180,Empresa FictÃ­cia 6180,"85.030.510/0001-30",2026-08-03 08:38:00.000,
6181,Empresa FictÃ­cia 6181,"85.031.527/0001-31",2026-08-03 08:38:00.000,
6182,Empresa FictÃ­cia 6182,"85.032.544/0001-32",2026-08-03 08:38:00.000,
6183,Empresa FictÃ­cia 6183,"85.033.561/0001-33",2026-08-03 08:38:00.000,
6184,Empresa FictÃ­cia 6184,"85.034.578/0001-34",2026-08-03 08:38:00.000,
6185,Empresa FictÃ­cia 6185,"85.035.595/0001-35",2026-08-03 08:38:00.000,
6186,Empresa FictÃ­cia 6186,"85.036.612/0001-36",2026-08-03 08:38:00.000,
6187,Empresa FictÃ­cia 6187,"85.037.629/0001-37",2026-08-03 08:38:00.000,
6188,Empresa FictÃ­cia 6188,"85.038.646/0001-38",2026-08-03 08:38:00.000,
6189,Empresa FictÃ­cia 6189,"85.039.663/0001-39",2026-08-03 08:38:00.000,
6190,Empresa FictÃ­cia 6190,"85.040.680/0001-40",2026-08-03 08:38:00.000,
6191,Empresa FictÃ­cia 6191,"85.041.697/0001-41",2026-08-03 08:38:00.000,
6192,Empresa FictÃ­cia 6192,"85.042.714/0001-42",2026-08-03 08:38:00.000,
6193,Empresa FictÃ­cia 6193,"85.043.731/0001-43",2026-08-03 08:38:00.000,
6194,Empresa FictÃ­cia 6194,"85.044.748/0001-44",2026-08-03 08:38:00.000,
6195,Empresa FictÃ­cia 6195,"85.045.765/0001-45",2026-08-03 08:38:00.000,
6196,Empresa FictÃ­cia 6196,"85.046.782/0001-46",2026-08-03 08:38:00.000,
6197,Empresa FictÃ­cia 6197,"85.047.799/0001-47",2026-08-03 08:38:00.000,
6198,Empresa FictÃ­cia 6198,"85.048.816/0001-48",2026-08-03 08:38:00.000,
6199,Empresa FictÃ­cia 6199,"85.049.833/0001-49",2026-08-03 08:38:00.000,
6200,Empresa FictÃ­cia 6200,"85.050.850/0001-50",2026-08-03 08:38:00.000,
6201,Empresa FictÃ­cia 6201,"85.051.867/0001-51",2026-08-03 08:38:00.000,
6202,Empresa FictÃ­cia 6202,"85.052.884/0001-52",2026-08-03 08:38:00.000,
6203,Empresa FictÃ­cia 6203,"85.053.901/0001-53",2026-08-03 08:38:00.000,
6204,Empresa FictÃ­cia 6204,"85.054.918/0001-54",2026-08-03 08:38:00.000,
6205,Empresa FictÃ­cia 6205,"85.055.935/0001-55",2026-08-03 08:38:00.000,
6206,Empresa FictÃ­cia 6206,"85.056.952/0001-56",2026-08-03 08:38:00.000,
6207,Empresa FictÃ­cia 6207,"85.057.969/0001-57",2026-08-03 08:38:00.000,
6208,Empresa FictÃ­cia 6208,"85.058.986/0001-58",2026-08-03 08:38:00.000,
6209,Empresa FictÃ­cia 6209,"85.059.003/0001-59",2026-08-03 08:38:00.000,
6210,Empresa FictÃ­cia 6210,"85.060.020/0001-60",2026-08-03 08:38:00.000,
6211,Empresa FictÃ­cia 6211,"85.061.037/0001-61",2026-08-03 08:38:00.000,
6212,Empresa FictÃ­cia 6212,"85.062.054/0001-62",2026-08-03 08:38:00.000,
6213,Empresa FictÃ­cia 6213,"85.063.071/0001-63",2026-08-03 08:38:00.000,
6214,Empresa FictÃ­cia 6214,"85.064.088/0001-64",2026-08-03 08:38:00.000,
6215,Empresa FictÃ­cia 6215,"85.065.105/0001-65",2026-08-03 08:38:00.000,
6216,Empresa FictÃ­cia 6216,"85.066.122/0001-66",2026-08-03 08:38:00.000,
6217,Empresa FictÃ­cia 6217,"85.067.139/0001-67",2026-08-03 08:38:00.000,
6218,Empresa FictÃ­cia 6218,"85.068.156/0001-68",2026-08-03 08:38:00.000,
6219,Empresa FictÃ­cia 6219,"85.069.173/0001-69",2026-08-03 08:38:00.000,
6220,Empresa FictÃ­cia 6220,"85.070.190/0001-70",2026-08-03 08:38:00.000,
6221,Empresa FictÃ­cia 6221,"85.071.207/0001-71",2026-08-03 08:38:00.000,
6222,Empresa FictÃ­cia 6222,"85.072.224/0001-72",2026-08-03 08:38:00.000,
6223,Empresa FictÃ­cia 6223,"85.073.241/0001-73",2026-08-03 08:38:00.000,
6224,Empresa FictÃ­cia 6224,"85.074.258/0001-74",2026-08-03 08:38:00.000,
6225,Empresa FictÃ­cia 6225,"85.075.275/0001-75",2026-08-03 08:38:00.000,
6226,Empresa FictÃ­cia 6226,"85.076.292/0001-76",2026-08-03 08:38:00.000,
6227,Empresa FictÃ­cia 6227,"85.077.309/0001-77",2026-08-03 08:38:00.000,
6228,Empresa FictÃ­cia 6228,"85.078.326/0001-78",2026-08-03 08:38:00.000,
6229,Empresa FictÃ­cia 6229,"85.079.343/0001-79",2026-08-03 08:38:00.000,
6230,Empresa FictÃ­cia 6230,"85.080.360/0001-80",2026-08-03 08:38:00.000,
6231,Empresa FictÃ­cia 6231,"85.081.377/0001-81",2026-08-03 08:38:00.000,
6232,Empresa FictÃ­cia 6232,"85.082.394/0001-82",2026-08-03 08:38:00.000,
6233,Empresa FictÃ­cia 6233,"85.083.411/0001-83",2026-08-03 08:38:00.000,
6234,Empresa FictÃ­cia 6234,"85.084.428/0001-84",2026-08-03 08:38:00.000,
6235,Empresa FictÃ­cia 6235,"85.085.445/0001-85",2026-08-03 08:38:00.000,
6236,Empresa FictÃ­cia 6236,"85.086.462/0001-86",2026-08-03 08:38:00.000,
6237,Empresa FictÃ­cia 6237,"85.087.479/0001-87",2026-08-03 08:38:00.000,
6238,Empresa FictÃ­cia 6238,"85.088.496/0001-88",2026-08-03 08:38:00.000,
6239,Empresa FictÃ­cia 6239,"85.089.513/0001-89",2026-08-03 08:38:00.000,
6240,Empresa FictÃ­cia 6240,"85.090.530/0001-90",2026-08-03 08:38:00.000,
6241,Empresa FictÃ­cia 6241,"85.091.547/0001-91",2026-08-03 08:38:00.000,
6242,Empresa FictÃ­cia 6242,"85.092.564/0001-92",2026-08-03 08:38:00.000,
6243,Empresa FictÃ­cia 6243,"85.093.581/0001-93",2026-08-03 08:38:00.000,
6244,Empresa FictÃ­cia 6244,"85.094.598/0001-94",2026-08-03 08:38:00.000,
6245,Empresa FictÃ­cia 6245,"85.095.615/0001-95",2026-08-03 08:38:00.000,
6246,Empresa FictÃ­cia 6246,"85.096.632/0001-96",2026-08-03 08:38:00.000,
6247,Empresa FictÃ­cia 6247,"85.097.649/0001-97",2026-08-03 08:38:00.000,
6248,Empresa FictÃ­cia 6248,"85.098.666/0001-98",2026-08-03 08:38:00.000,
6249,Empresa FictÃ­cia 6249,"85.099.683/0001-99",2026-08-03 08:38:00.000,
6250,Empresa FictÃ­cia 6250,"85.100.700/0001-00",2026-08-03 08:38:00.000,
6251,Empresa FictÃ­cia 6251,"85.101.717/0001-01",2026-08-03 08:38:00.000,
6252,Empresa FictÃ­cia 6252,"85.102.734/0001-02",2026-08-03 08:38:00.000,
6253,Empresa FictÃ­cia 6253,"85.103.751/0001-03",2026-08-03 08:38:00.000,
6254,Empresa FictÃ­cia 6254,"85.104.768/0001-04",2026-08-03 08:38:00.000,
6255,Empresa FictÃ­cia 6255,"85.105.785/0001-05",2026-08-03 08:38:00.000,
6256,Empresa FictÃ­cia 6256,"85.106.802/0001-06",2026-08-03 08:38:00.000,
6257,Empresa FictÃ­cia 6257,"85.107.819/0001-07",2026-08-03 08:38:00.000,
6258,Empresa FictÃ­cia 6258,"85.108.836/0001-08",2026-08-03 08:38:00.000,
6259,Empresa FictÃ­cia 6259,"85.109.853/0001-09",2026-08-03 08:38:00.000,
6260,Empresa FictÃ­cia 6260,"85.110.870/0001-10",2026-08-03 08:38:00.000,
6261,Empresa FictÃ­cia 6261,"85.111.887/0001-11",2026-08-03 08:38:00.000,
6262,Empresa FictÃ­cia 6262,"85.112.904/0001-12",2026-08-03 08:38:00.000,
6263,Empresa FictÃ­cia 6263,"85.113.921/0001-13",2026-08-03 08:38:00.000,
6264,Empresa FictÃ­cia 6264,"85.114.938/0001-14",2026-08-03 08:38:00.000,
6265,Empresa FictÃ­cia 6265,"85.115.955/0001-15",2026-08-03 08:38:00.000,
6266,Empresa FictÃ­cia 6266,"85.116.972/0001-16",2026-08-03 08:38:00.000,
6267,Empresa FictÃ­cia 6267,"85.117.989/0001-17",2026-08-03 08:38:00.000,
6268,Empresa FictÃ­cia 6268,"85.118.006/0001-18",2026-08-03 08:38:00.000,
6269,Empresa FictÃ­cia 6269,"85.119.023/0001-19",2026-08-03 08:38:00.000,
6270,Empresa FictÃ­cia 6270,"85.120.040/0001-20",2026-08-03 08:38:00.000,
6271,Empresa FictÃ­cia 6271,"85.121.057/0001-21",2026-08-03 08:38:00.000,
6272,Empresa FictÃ­cia 6272,"85.122.074/0001-22",2026-08-03 08:38:00.000,
6273,Empresa FictÃ­cia 6273,"85.123.091/0001-23",2026-08-03 08:38:00.000,
6274,Empresa FictÃ­cia 6274,"85.124.108/0001-24",2026-08-03 08:38:00.000,
6275,Empresa FictÃ­cia 6275,"85.125.125/0001-25",2026-08-03 08:38:00.000,
6276,Empresa FictÃ­cia 6276,"85.126.142/0001-26",2026-08-03 08:38:00.000,
6277,Empresa FictÃ­cia 6277,"85.127.159/0001-27",2026-08-03 08:38:00.000,
6278,Empresa FictÃ­cia 6278,"85.128.176/0001-28",2026-08-03 08:38:00.000,
6279,Empresa FictÃ­cia 6279,"85.129.193/0001-29",2026-08-03 08:38:00.000,
6280,Empresa FictÃ­cia 6280,"85.130.210/0001-30",2026-08-03 08:38:00.000,
6281,Empresa FictÃ­cia 6281,"85.131.227/0001-31",2026-08-03 08:38:00.000,
6282,Empresa FictÃ­cia 6282,"85.132.244/0001-32",2026-08-03 08:38:00.000,
6283,Empresa FictÃ­cia 6283,"85.133.261/0001-33",2026-08-03 08:38:00.000,
6284,Empresa FictÃ­cia 6284,"85.134.278/0001-34",2026-08-03 08:38:00.000,
6285,Empresa FictÃ­cia 6285,"85.135.295/0001-35",2026-08-03 08:38:00.000,
6286,Empresa FictÃ­cia 6286,"85.136.312/0001-36",2026-08-03 08:38:00.000,
6287,Empresa FictÃ­cia 6287,"85.137.329/0001-37",2026-08-03 08:38:00.000,
6288,Empresa FictÃ­cia 6288,"85.138.346/0001-38",2026-08-03 08:38:00.000,
6289,Empresa FictÃ­cia 6289,"85.139.363/0001-39",2026-08-03 08:38:00.000,
6290,Empresa FictÃ­cia 6290,"85.140.380/0001-40",2026-08-03 08:38:00.000,
6291,Empresa FictÃ­cia 6291,"85.141.397/0001-41",2026-08-03 08:38:00.000,
6292,Empresa FictÃ­cia 6292,"85.142.414/0001-42",2026-08-03 08:38:00.000,
6293,Empresa FictÃ­cia 6293,"85.143.431/0001-43",2026-08-03 08:38:00.000,
6294,Empresa FictÃ­cia 6294,"85.144.448/0001-44",2026-08-03 08:38:00.000,
6295,Empresa FictÃ­cia 6295,"85.145.465/0001-45",2026-08-03 08:38:00.000,
6296,Empresa FictÃ­cia 6296,"85.146.482/0001-46",2026-08-03 08:38:00.000,
6297,Empresa FictÃ­cia 6297,"85.147.499/0001-47",2026-08-03 08:38:00.000,
6298,Empresa FictÃ­cia 6298,"85.148.516/0001-48",2026-08-03 08:38:00.000,
6299,Empresa FictÃ­cia 6299,"85.149.533/0001-49",2026-08-03 08:38:00.000,
6300,Empresa FictÃ­cia 6300,"85.150.550/0001-50",2026-08-03 08:38:00.000,
6301,Empresa FictÃ­cia 6301,"85.151.567/0001-51",2026-08-03 08:38:00.000,
6302,Empresa FictÃ­cia 6302,"85.152.584/0001-52",2026-08-03 08:38:00.000,
6303,Empresa FictÃ­cia 6303,"85.153.601/0001-53",2026-08-03 08:38:00.000,
6304,Empresa FictÃ­cia 6304,"85.154.618/0001-54",2026-08-03 08:38:00.000,
6305,Empresa FictÃ­cia 6305,"85.155.635/0001-55",2026-08-03 08:38:00.000,
6306,Empresa FictÃ­cia 6306,"85.156.652/0001-56",2026-08-03 08:38:00.000,
6307,Empresa FictÃ­cia 6307,"85.157.669/0001-57",2026-08-03 08:38:00.000,
6308,Empresa FictÃ­cia 6308,"85.158.686/0001-58",2026-08-03 08:38:00.000,
6309,Empresa FictÃ­cia 6309,"85.159.703/0001-59",2026-08-03 08:38:00.000,
6310,Empresa FictÃ­cia 6310,"85.160.720/0001-60",2026-08-03 08:38:00.000,
6311,Empresa FictÃ­cia 6311,"85.161.737/0001-61",2026-08-03 08:38:00.000,
6312,Empresa FictÃ­cia 6312,"85.162.754/0001-62",2026-08-03 08:38:00.000,
6313,Empresa FictÃ­cia 6313,"85.163.771/0001-63",2026-08-03 08:38:00.000,
6314,Empresa FictÃ­cia 6314,"85.164.788/0001-64",2026-08-03 08:38:00.000,
6315,Empresa FictÃ­cia 6315,"85.165.805/0001-65",2026-08-03 08:38:00.000,
6316,Empresa FictÃ­cia 6316,"85.166.822/0001-66",2026-08-03 08:38:00.000,
6317,Empresa FictÃ­cia 6317,"85.167.839/0001-67",2026-08-03 08:38:00.000,
6318,Empresa FictÃ­cia 6318,"85.168.856/0001-68",2026-08-03 08:38:00.000,
6319,Empresa FictÃ­cia 6319,"85.169.873/0001-69",2026-08-03 08:38:00.000,
6320,Empresa FictÃ­cia 6320,"85.170.890/0001-70",2026-08-03 08:38:00.000,
6321,Empresa FictÃ­cia 6321,"85.171.907/0001-71",2026-08-03 08:38:00.000,
6322,Empresa FictÃ­cia 6322,"85.172.924/0001-72",2026-08-03 08:38:00.000,
6323,Empresa FictÃ­cia 6323,"85.173.941/0001-73",2026-08-03 08:38:00.000,
6324,Empresa FictÃ­cia 6324,"85.174.958/0001-74",2026-08-03 08:38:00.000,
6325,Empresa FictÃ­cia 6325,"85.175.975/0001-75",2026-08-03 08:38:00.000,
6326,Empresa FictÃ­cia 6326,"85.176.992/0001-76",2026-08-03 08:38:00.000,
6327,Empresa FictÃ­cia 6327,"85.177.009/0001-77",2026-08-03 08:38:00.000,
6328,Empresa FictÃ­cia 6328,"85.178.026/0001-78",2026-08-03 08:38:00.000,
6329,Empresa FictÃ­cia 6329,"85.179.043/0001-79",2026-08-03 08:38:00.000,
6330,Empresa FictÃ­cia 6330,"85.180.060/0001-80",2026-08-03 08:38:00.000,
6331,Empresa FictÃ­cia 6331,"85.181.077/0001-81",2026-08-03 08:38:00.000,
6332,Empresa FictÃ­cia 6332,"85.182.094/0001-82",2026-08-03 08:38:00.000,
6333,Empresa FictÃ­cia 6333,"85.183.111/0001-83",2026-08-03 08:38:00.000,
6334,Empresa FictÃ­cia 6334,"85.184.128/0001-84",2026-08-03 08:38:00.000,
6335,Empresa FictÃ­cia 6335,"85.185.145/0001-85",2026-08-03 08:38:00.000,
6336,Empresa FictÃ­cia 6336,"85.186.162/0001-86",2026-08-03 08:38:00.000,
6337,Empresa FictÃ­cia 6337,"85.187.179/0001-87",2026-08-03 08:38:00.000,
6338,Empresa FictÃ­cia 6338,"85.188.196/0001-88",2026-08-03 08:38:00.000,
6339,Empresa FictÃ­cia 6339,"85.189.213/0001-89",2026-08-03 08:38:00.000,
6340,Empresa FictÃ­cia 6340,"85.190.230/0001-90",2026-08-03 08:38:00.000,
6341,Empresa FictÃ­cia 6341,"85.191.247/0001-91",2026-08-03 08:38:00.000,
6342,Empresa FictÃ­cia 6342,"85.192.264/0001-92",2026-08-03 08:38:00.000,
6343,Empresa FictÃ­cia 6343,"85.193.281/0001-93",2026-08-03 08:38:00.000,
6344,Empresa FictÃ­cia 6344,"85.194.298/0001-94",2026-08-03 08:38:00.000,
6345,Empresa FictÃ­cia 6345,"85.195.315/0001-95",2026-08-03 08:38:00.000,
6346,Empresa FictÃ­cia 6346,"85.196.332/0001-96",2026-08-03 08:38:00.000,
6347,Empresa FictÃ­cia 6347,"85.197.349/0001-97",2026-08-03 08:38:00.000,
6348,Empresa FictÃ­cia 6348,"85.198.366/0001-98",2026-08-03 08:38:00.000,
6349,Empresa FictÃ­cia 6349,"85.199.383/0001-99",2026-08-03 08:38:00.000,
6350,Empresa FictÃ­cia 6350,"85.200.400/0001-00",2026-08-03 08:38:00.000,
6351,Empresa FictÃ­cia 6351,"85.201.417/0001-01",2026-08-03 08:38:00.000,
6352,Empresa FictÃ­cia 6352,"85.202.434/0001-02",2026-08-03 08:38:00.000,
6353,Empresa FictÃ­cia 6353,"85.203.451/0001-03",2026-08-03 08:38:00.000,
6354,Empresa FictÃ­cia 6354,"85.204.468/0001-04",2026-08-03 08:38:00.000,
6355,Empresa FictÃ­cia 6355,"85.205.485/0001-05",2026-08-03 08:38:00.000,
6356,Empresa FictÃ­cia 6356,"85.206.502/0001-06",2026-08-03 08:38:00.000,
6357,Empresa FictÃ­cia 6357,"85.207.519/0001-07",2026-08-03 08:38:00.000,
6358,Empresa FictÃ­cia 6358,"85.208.536/0001-08",2026-08-03 08:38:00.000,
6359,Empresa FictÃ­cia 6359,"85.209.553/0001-09",2026-08-03 08:38:00.000,
6360,Empresa FictÃ­cia 6360,"85.210.570/0001-10",2026-08-03 08:38:00.000,
6361,Empresa FictÃ­cia 6361,"85.211.587/0001-11",2026-08-03 08:38:00.000,
6362,Empresa FictÃ­cia 6362,"85.212.604/0001-12",2026-08-03 08:38:00.000,
6363,Empresa FictÃ­cia 6363,"85.213.621/0001-13",2026-08-03 08:38:00.000,
6364,Empresa FictÃ­cia 6364,"85.214.638/0001-14",2026-08-03 08:38:00.000,
6365,Empresa FictÃ­cia 6365,"85.215.655/0001-15",2026-08-03 08:38:00.000,
6366,Empresa FictÃ­cia 6366,"85.216.672/0001-16",2026-08-03 08:38:00.000,
6367,Empresa FictÃ­cia 6367,"85.217.689/0001-17",2026-08-03 08:38:00.000,
6368,Empresa FictÃ­cia 6368,"85.218.706/0001-18",2026-08-03 08:38:00.000,
6369,Empresa FictÃ­cia 6369,"85.219.723/0001-19",2026-08-03 08:38:00.000,
6370,Empresa FictÃ­cia 6370,"85.220.740/0001-20",2026-08-03 08:38:00.000,
6371,Empresa FictÃ­cia 6371,"85.221.757/0001-21",2026-08-03 08:38:00.000,
6372,Empresa FictÃ­cia 6372,"85.222.774/0001-22",2026-08-03 08:38:00.000,
6373,Empresa FictÃ­cia 6373,"85.223.791/0001-23",2026-08-03 08:38:00.000,
6374,Empresa FictÃ­cia 6374,"85.224.808/0001-24",2026-08-03 08:38:00.000,
6375,Empresa FictÃ­cia 6375,"85.225.825/0001-25",2026-08-03 08:38:00.000,
6376,Empresa FictÃ­cia 6376,"85.226.842/0001-26",2026-08-03 08:38:00.000,
6377,Empresa FictÃ­cia 6377,"85.227.859/0001-27",2026-08-03 08:38:00.000,
6378,Empresa FictÃ­cia 6378,"85.228.876/0001-28",2026-08-03 08:38:00.000,
6379,Empresa FictÃ­cia 6379,"85.229.893/0001-29",2026-08-03 08:38:00.000,
6380,Empresa FictÃ­cia 6380,"85.230.910/0001-30",2026-08-03 08:38:00.000,
6381,Empresa FictÃ­cia 6381,"85.231.927/0001-31",2026-08-03 08:38:00.000,
6382,Empresa FictÃ­cia 6382,"85.232.944/0001-32",2026-08-03 08:38:00.000,
6383,Empresa FictÃ­cia 6383,"85.233.961/0001-33",2026-08-03 08:38:00.000,
6384,Empresa FictÃ­cia 6384,"85.234.978/0001-34",2026-08-03 08:38:00.000,
6385,Empresa FictÃ­cia 6385,"85.235.995/0001-35",2026-08-03 08:38:00.000,
6386,Empresa FictÃ­cia 6386,"85.236.012/0001-36",2026-08-03 08:38:00.000,
6387,Empresa FictÃ­cia 6387,"85.237.029/0001-37",2026-08-03 08:38:00.000,
6388,Empresa FictÃ­cia 6388,"85.238.046/0001-38",2026-08-03 08:38:00.000,
6389,Empresa FictÃ­cia 6389,"85.239.063/0001-39",2026-08-03 08:38:00.000,
6390,Empresa FictÃ­cia 6390,"85.240.080/0001-40",2026-08-03 08:38:00.000,
6391,Empresa FictÃ­cia 6391,"85.241.097/0001-41",2026-08-03 08:38:00.000,
6392,Empresa FictÃ­cia 6392,"85.242.114/0001-42",2026-08-03 08:38:00.000,
6393,Empresa FictÃ­cia 6393,"85.243.131/0001-43",2026-08-03 08:38:00.000,
6394,Empresa FictÃ­cia 6394,"85.244.148/0001-44",2026-08-03 08:38:00.000,
6395,Empresa FictÃ­cia 6395,"85.245.165/0001-45",2026-08-03 08:38:00.000,
6396,Empresa FictÃ­cia 6396,"85.246.182/0001-46",2026-08-03 08:38:00.000,
6397,Empresa FictÃ­cia 6397,"85.247.199/0001-47",2026-08-03 08:38:00.000,
6398,Empresa FictÃ­cia 6398,"85.248.216/0001-48",2026-08-03 08:38:00.000,
6399,Empresa FictÃ­cia 6399,"85.249.233/0001-49",2026-08-03 08:38:00.000,
6400,Empresa FictÃ­cia 6400,"85.250.250/0001-50",2026-08-03 08:38:00.000,
6401,Empresa FictÃ­cia 6401,"85.251.267/0001-51",2026-08-03 08:38:00.000,
6402,Empresa FictÃ­cia 6402,"85.252.284/0001-52",2026-08-03 08:38:00.000,
6403,Empresa FictÃ­cia 6403,"85.253.301/0001-53",2026-08-03 08:38:00.000,
6404,Empresa FictÃ­cia 6404,"85.254.318/0001-54",2026-08-03 08:38:00.000,
6405,Empresa FictÃ­cia 6405,"85.255.335/0001-55",2026-08-03 08:38:00.000,
6406,Empresa FictÃ­cia 6406,"85.256.352/0001-56",2026-08-03 08:38:00.000,
6407,Empresa FictÃ­cia 6407,"85.257.369/0001-57",2026-08-03 08:38:00.000,
6408,Empresa FictÃ­cia 6408,"85.258.386/0001-58",2026-08-03 08:38:00.000,
6409,Empresa FictÃ­cia 6409,"85.259.403/0001-59",2026-08-03 08:38:00.000,
6410,Empresa FictÃ­cia 6410,"85.260.420/0001-60",2026-08-03 08:38:00.000,
6411,Empresa FictÃ­cia 6411,"85.261.437/0001-61",2026-08-03 08:38:00.000,
6412,Empresa FictÃ­cia 6412,"85.262.454/0001-62",2026-08-03 08:38:00.000,
6413,Empresa FictÃ­cia 6413,"85.263.471/0001-63",2026-08-03 08:38:00.000,
6414,Empresa FictÃ­cia 6414,"85.264.488/0001-64",2026-08-03 08:38:00.000,
6415,Empresa FictÃ­cia 6415,"85.265.505/0001-65",2026-08-03 08:38:00.000,
6416,Empresa FictÃ­cia 6416,"85.266.522/0001-66",2026-08-03 08:38:00.000,
6417,Empresa FictÃ­cia 6417,"85.267.539/0001-67",2026-08-03 08:38:00.000,
6418,Empresa FictÃ­cia 6418,"85.268.556/0001-68",2026-08-03 08:38:00.000,
6419,Empresa FictÃ­cia 6419,"85.269.573/0001-69",2026-08-03 08:38:00.000,
6420,Empresa FictÃ­cia 6420,"85.270.590/0001-70",2026-08-03 08:38:00.000,
6421,Empresa FictÃ­cia 6421,"85.271.607/0001-71",2026-08-03 08:38:00.000,
6422,Empresa FictÃ­cia 6422,"85.272.624/0001-72",2026-08-03 08:38:00.000,
6423,Empresa FictÃ­cia 6423,"85.273.641/0001-73",2026-08-03 08:38:00.000,
6424,Empresa FictÃ­cia 6424,"85.274.658/0001-74",2026-08-03 08:38:00.000,
6425,Empresa FictÃ­cia 6425,"85.275.675/0001-75",2026-08-03 08:38:00.000,
6426,Empresa FictÃ­cia 6426,"85.276.692/0001-76",2026-08-03 08:38:00.000,
6427,Empresa FictÃ­cia 6427,"85.277.709/0001-77",2026-08-03 08:38:00.000,
6428,Empresa FictÃ­cia 6428,"85.278.726/0001-78",2026-08-03 08:38:00.000,
6429,Empresa FictÃ­cia 6429,"85.279.743/0001-79",2026-08-03 08:38:00.000,
6430,Empresa FictÃ­cia 6430,"85.280.760/0001-80",2026-08-03 08:38:00.000,
6431,Empresa FictÃ­cia 6431,"85.281.777/0001-81",2026-08-03 08:38:00.000,
6432,Empresa FictÃ­cia 6432,"85.282.794/0001-82",2026-08-03 08:38:00.000,
6433,Empresa FictÃ­cia 6433,"85.283.811/0001-83",2026-08-03 08:38:00.000,
6434,Empresa FictÃ­cia 6434,"85.284.828/0001-84",2026-08-03 08:38:00.000,
6435,Empresa FictÃ­cia 6435,"85.285.845/0001-85",2026-08-03 08:38:00.000,
6436,Empresa FictÃ­cia 6436,"85.286.862/0001-86",2026-08-03 08:38:00.000,
6437,Empresa FictÃ­cia 6437,"85.287.879/0001-87",2026-08-03 08:38:00.000,
6438,Empresa FictÃ­cia 6438,"85.288.896/0001-88",2026-08-03 08:38:00.000,
6439,Empresa FictÃ­cia 6439,"85.289.913/0001-89",2026-08-03 08:38:00.000,
6440,Empresa FictÃ­cia 6440,"85.290.930/0001-90",2026-08-03 08:38:00.000,
6441,Empresa FictÃ­cia 6441,"85.291.947/0001-91",2026-08-03 08:38:00.000,
6442,Empresa FictÃ­cia 6442,"85.292.964/0001-92",2026-08-03 08:38:00.000,
6443,Empresa FictÃ­cia 6443,"85.293.981/0001-93",2026-08-03 08:38:00.000,
6444,Empresa FictÃ­cia 6444,"85.294.998/0001-94",2026-08-03 08:38:00.000,
6445,Empresa FictÃ­cia 6445,"85.295.015/0001-95",2026-08-03 08:38:00.000,
6446,Empresa FictÃ­cia 6446,"85.296.032/0001-96",2026-08-03 08:38:00.000,
6447,Empresa FictÃ­cia 6447,"85.297.049/0001-97",2026-08-03 08:38:00.000,
6448,Empresa FictÃ­cia 6448,"85.298.066/0001-98",2026-08-03 08:38:00.000,
6449,Empresa FictÃ­cia 6449,"85.299.083/0001-99",2026-08-03 08:38:00.000,
6450,Empresa FictÃ­cia 6450,"85.300.100/0001-00",2026-08-03 08:38:00.000,
6451,Empresa FictÃ­cia 6451,"85.301.117/0001-01",2026-08-03 08:38:00.000,
6452,Empresa FictÃ­cia 6452,"85.302.134/0001-02",2026-08-03 08:38:00.000,
6453,Empresa FictÃ­cia 6453,"85.303.151/0001-03",2026-08-03 08:38:00.000,
6454,Empresa FictÃ­cia 6454,"85.304.168/0001-04",2026-08-03 08:38:00.000,
6455,Empresa FictÃ­cia 6455,"85.305.185/0001-05",2026-08-03 08:38:00.000,
6456,Empresa FictÃ­cia 6456,"85.306.202/0001-06",2026-08-03 08:38:00.000,
6457,Empresa FictÃ­cia 6457,"85.307.219/0001-07",2026-08-03 08:38:00.000,
6458,Empresa FictÃ­cia 6458,"85.308.236/0001-08",2026-08-03 08:38:00.000,
6459,Empresa FictÃ­cia 6459,"85.309.253/0001-09",2026-08-03 08:38:00.000,
6460,Empresa FictÃ­cia 6460,"85.310.270/0001-10",2026-08-03 08:38:00.000,
6461,Empresa FictÃ­cia 6461,"85.311.287/0001-11",2026-08-03 08:38:00.000,
6462,Empresa FictÃ­cia 6462,"85.312.304/0001-12",2026-08-03 08:38:00.000,
6463,Empresa FictÃ­cia 6463,"85.313.321/0001-13",2026-08-03 08:38:00.000,
6464,Empresa FictÃ­cia 6464,"85.314.338/0001-14",2026-08-03 08:38:00.000,
6465,Empresa FictÃ­cia 6465,"85.315.355/0001-15",2026-08-03 08:38:00.000,
6466,Empresa FictÃ­cia 6466,"85.316.372/0001-16",2026-08-03 08:38:00.000,
6467,Empresa FictÃ­cia 6467,"85.317.389/0001-17",2026-08-03 08:38:00.000,
6468,Empresa FictÃ­cia 6468,"85.318.406/0001-18",2026-08-03 08:38:00.000,
6469,Empresa FictÃ­cia 6469,"85.319.423/0001-19",2026-08-03 08:38:00.000,
6470,Empresa FictÃ­cia 6470,"85.320.440/0001-20",2026-08-03 08:38:00.000,
6471,Empresa FictÃ­cia 6471,"85.321.457/0001-21",2026-08-03 08:38:00.000,
6472,Empresa FictÃ­cia 6472,"85.322.474/0001-22",2026-08-03 08:38:00.000,
6473,Empresa FictÃ­cia 6473,"85.323.491/0001-23",2026-08-03 08:38:00.000,
6474,Empresa FictÃ­cia 6474,"85.324.508/0001-24",2026-08-03 08:38:00.000,
6475,Empresa FictÃ­cia 6475,"85.325.525/0001-25",2026-08-03 08:38:00.000,
6476,Empresa FictÃ­cia 6476,"85.326.542/0001-26",2026-08-03 08:38:00.000,
6477,Empresa FictÃ­cia 6477,"85.327.559/0001-27",2026-08-03 08:38:00.000,
6478,Empresa FictÃ­cia 6478,"85.328.576/0001-28",2026-08-03 08:38:00.000,
6479,Empresa FictÃ­cia 6479,"85.329.593/0001-29",2026-08-03 08:38:00.000,
6480,Empresa FictÃ­cia 6480,"85.330.610/0001-30",2026-08-03 08:38:00.000,
6481,Empresa FictÃ­cia 6481,"85.331.627/0001-31",2026-08-03 08:38:00.000,
6482,Empresa FictÃ­cia 6482,"85.332.644/0001-32",2026-08-03 08:38:00.000,
6483,Empresa FictÃ­cia 6483,"85.333.661/0001-33",2026-08-03 08:38:00.000,
6484,Empresa FictÃ­cia 6484,"85.334.678/0001-34",2026-08-03 08:38:00.000,
6485,Empresa FictÃ­cia 6485,"85.335.695/0001-35",2026-08-03 08:38:00.000,
6486,Empresa FictÃ­cia 6486,"85.336.712/0001-36",2026-08-03 08:38:00.000,
6487,Empresa FictÃ­cia 6487,"85.337.729/0001-37",2026-08-03 08:38:00.000,
6488,Empresa FictÃ­cia 6488,"85.338.746/0001-38",2026-08-03 08:38:00.000,
6489,Empresa FictÃ­cia 6489,"85.339.763/0001-39",2026-08-03 08:38:00.000,
6490,Empresa FictÃ­cia 6490,"85.340.780/0001-40",2026-08-03 08:38:00.000,
6491,Empresa FictÃ­cia 6491,"85.341.797/0001-41",2026-08-03 08:38:00.000,
6492,Empresa FictÃ­cia 6492,"85.342.814/0001-42",2026-08-03 08:38:00.000,
6493,Empresa FictÃ­cia 6493,"85.343.831/0001-43",2026-08-03 08:38:00.000,
6494,Empresa FictÃ­cia 6494,"85.344.848/0001-44",2026-08-03 08:38:00.000,
6495,Empresa FictÃ­cia 6495,"85.345.865/0001-45",2026-08-03 08:38:00.000,
6496,Empresa FictÃ­cia 6496,"85.346.882/0001-46",2026-08-03 08:38:00.000,
6497,Empresa FictÃ­cia 6497,"85.347.899/0001-47",2026-08-03 08:38:00.000,
6498,Empresa FictÃ­cia 6498,"85.348.916/0001-48",2026-08-03 08:38:00.000,
6499,Empresa FictÃ­cia 6499,"85.349.933/0001-49",2026-08-03 08:38:00.000,
6500,Empresa FictÃ­cia 6500,"85.350.950/0001-50",2026-08-03 08:38:00.000,
6501,Empresa FictÃ­cia 6501,"85.351.967/0001-51",2026-08-03 08:38:00.000,
6502,Empresa FictÃ­cia 6502,"85.352.984/0001-52",2026-08-03 08:38:00.000,
6503,Empresa FictÃ­cia 6503,"85.353.001/0001-53",2026-08-03 08:38:00.000,
6504,Empresa FictÃ­cia 6504,"85.354.018/0001-54",2026-08-03 08:38:00.000,
6505,Empresa FictÃ­cia 6505,"85.355.035/0001-55",2026-08-03 08:38:00.000,
6506,Empresa FictÃ­cia 6506,"85.356.052/0001-56",2026-08-03 08:38:00.000,
6507,Empresa FictÃ­cia 6507,"85.357.069/0001-57",2026-08-03 08:38:00.000,
6508,Empresa FictÃ­cia 6508,"85.358.086/0001-58",2026-08-03 08:38:00.000,
6509,Empresa FictÃ­cia 6509,"85.359.103/0001-59",2026-08-03 08:38:00.000,
6510,Empresa FictÃ­cia 6510,"85.360.120/0001-60",2026-08-03 08:38:00.000,
6511,Empresa FictÃ­cia 6511,"85.361.137/0001-61",2026-08-03 08:38:00.000,
6512,Empresa FictÃ­cia 6512,"85.362.154/0001-62",2026-08-03 08:38:00.000,
6513,Empresa FictÃ­cia 6513,"85.363.171/0001-63",2026-08-03 08:38:00.000,
6514,Empresa FictÃ­cia 6514,"85.364.188/0001-64",2026-08-03 08:38:00.000,
6515,Empresa FictÃ­cia 6515,"85.365.205/0001-65",2026-08-03 08:38:00.000,
6516,Empresa FictÃ­cia 6516,"85.366.222/0001-66",2026-08-03 08:38:00.000,
6517,Empresa FictÃ­cia 6517,"85.367.239/0001-67",2026-08-03 08:38:00.000,
6518,Empresa FictÃ­cia 6518,"85.368.256/0001-68",2026-08-03 08:38:00.000,
6519,Empresa FictÃ­cia 6519,"85.369.273/0001-69",2026-08-03 08:38:00.000,
6520,Empresa FictÃ­cia 6520,"85.370.290/0001-70",2026-08-03 08:38:00.000,
6521,Empresa FictÃ­cia 6521,"85.371.307/0001-71",2026-08-03 08:38:00.000,
6522,Empresa FictÃ­cia 6522,"85.372.324/0001-72",2026-08-03 08:38:00.000,
6523,Empresa FictÃ­cia 6523,"85.373.341/0001-73",2026-08-03 08:38:00.000,
6524,Empresa FictÃ­cia 6524,"85.374.358/0001-74",2026-08-03 08:38:00.000,
6525,Empresa FictÃ­cia 6525,"85.375.375/0001-75",2026-08-03 08:38:00.000,
6526,Empresa FictÃ­cia 6526,"85.376.392/0001-76",2026-08-03 08:38:00.000,
6527,Empresa FictÃ­cia 6527,"85.377.409/0001-77",2026-08-03 08:38:00.000,
6528,Empresa FictÃ­cia 6528,"85.378.426/0001-78",2026-08-03 08:38:00.000,
6529,Empresa FictÃ­cia 6529,"85.379.443/0001-79",2026-08-03 08:38:00.000,
6530,Empresa FictÃ­cia 6530,"85.380.460/0001-80",2026-08-03 08:38:00.000,
6531,Empresa FictÃ­cia 6531,"85.381.477/0001-81",2026-08-03 08:38:00.000,
6532,Empresa FictÃ­cia 6532,"85.382.494/0001-82",2026-08-03 08:38:00.000,
6533,Empresa FictÃ­cia 6533,"85.383.511/0001-83",2026-08-03 08:38:00.000,
6534,Empresa FictÃ­cia 6534,"85.384.528/0001-84",2026-08-03 08:38:00.000,
6535,Empresa FictÃ­cia 6535,"85.385.545/0001-85",2026-08-03 08:38:00.000,
6536,Empresa FictÃ­cia 6536,"85.386.562/0001-86",2026-08-03 08:38:00.000,
6537,Empresa FictÃ­cia 6537,"85.387.579/0001-87",2026-08-03 08:38:00.000,
6538,Empresa FictÃ­cia 6538,"85.388.596/0001-88",2026-08-03 08:38:00.000,
6539,Empresa FictÃ­cia 6539,"85.389.613/0001-89",2026-08-03 08:38:00.000,
6540,Empresa FictÃ­cia 6540,"85.390.630/0001-90",2026-08-03 08:38:00.000,
6541,Empresa FictÃ­cia 6541,"85.391.647/0001-91",2026-08-03 08:38:00.000,
6542,Empresa FictÃ­cia 6542,"85.392.664/0001-92",2026-08-03 08:38:00.000,
6543,Empresa FictÃ­cia 6543,"85.393.681/0001-93",2026-08-03 08:38:00.000,
6544,Empresa FictÃ­cia 6544,"85.394.698/0001-94",2026-08-03 08:38:00.000,
6545,Empresa FictÃ­cia 6545,"85.395.715/0001-95",2026-08-03 08:38:00.000,
6546,Empresa FictÃ­cia 6546,"85.396.732/0001-96",2026-08-03 08:38:00.000,
6547,Empresa FictÃ­cia 6547,"85.397.749/0001-97",2026-08-03 08:38:00.000,
6548,Empresa FictÃ­cia 6548,"85.398.766/0001-98",2026-08-03 08:38:00.000,
6549,Empresa FictÃ­cia 6549,"85.399.783/0001-99",2026-08-03 08:38:00.000,
6550,Empresa FictÃ­cia 6550,"85.400.800/0001-00",2026-08-03 08:38:00.000,
6551,Empresa FictÃ­cia 6551,"85.401.817/0001-01",2026-08-03 08:38:00.000,
6552,Empresa FictÃ­cia 6552,"85.402.834/0001-02",2026-08-03 08:38:00.000,
6553,Empresa FictÃ­cia 6553,"85.403.851/0001-03",2026-08-03 08:38:00.000,
6554,Empresa FictÃ­cia 6554,"85.404.868/0001-04",2026-08-03 08:38:00.000,
6555,Empresa FictÃ­cia 6555,"85.405.885/0001-05",2026-08-03 08:38:00.000,
6556,Empresa FictÃ­cia 6556,"85.406.902/0001-06",2026-08-03 08:38:00.000,
6557,Empresa FictÃ­cia 6557,"85.407.919/0001-07",2026-08-03 08:38:00.000,
6558,Empresa FictÃ­cia 6558,"85.408.936/0001-08",2026-08-03 08:38:00.000,
6559,Empresa FictÃ­cia 6559,"85.409.953/0001-09",2026-08-03 08:38:00.000,
6560,Empresa FictÃ­cia 6560,"85.410.970/0001-10",2026-08-03 08:38:00.000,
6561,Empresa FictÃ­cia 6561,"85.411.987/0001-11",2026-08-03 08:38:00.000,
6562,Empresa FictÃ­cia 6562,"85.412.004/0001-12",2026-08-03 08:38:00.000,
6563,Empresa FictÃ­cia 6563,"85.413.021/0001-13",2026-08-03 08:38:00.000,
6564,Empresa FictÃ­cia 6564,"85.414.038/0001-14",2026-08-03 08:38:00.000,
6565,Empresa FictÃ­cia 6565,"85.415.055/0001-15",2026-08-03 08:38:00.000,
6566,Empresa FictÃ­cia 6566,"85.416.072/0001-16",2026-08-03 08:38:00.000,
6567,Empresa FictÃ­cia 6567,"85.417.089/0001-17",2026-08-03 08:38:00.000,
6568,Empresa FictÃ­cia 6568,"85.418.106/0001-18",2026-08-03 08:38:00.000,
6569,Empresa FictÃ­cia 6569,"85.419.123/0001-19",2026-08-03 08:38:00.000,
6570,Empresa FictÃ­cia 6570,"85.420.140/0001-20",2026-08-03 08:38:00.000,
6571,Empresa FictÃ­cia 6571,"85.421.157/0001-21",2026-08-03 08:38:00.000,
6572,Empresa FictÃ­cia 6572,"85.422.174/0001-22",2026-08-03 08:38:00.000,
6573,Empresa FictÃ­cia 6573,"85.423.191/0001-23",2026-08-03 08:38:00.000,
6574,Empresa FictÃ­cia 6574,"85.424.208/0001-24",2026-08-03 08:38:00.000,
6575,Empresa FictÃ­cia 6575,"85.425.225/0001-25",2026-08-03 08:38:00.000,
6576,Empresa FictÃ­cia 6576,"85.426.242/0001-26",2026-08-03 08:38:00.000,
6577,Empresa FictÃ­cia 6577,"85.427.259/0001-27",2026-08-03 08:38:00.000,
6578,Empresa FictÃ­cia 6578,"85.428.276/0001-28",2026-08-03 08:38:00.000,
6579,Empresa FictÃ­cia 6579,"85.429.293/0001-29",2026-08-03 08:38:00.000,
6580,Empresa FictÃ­cia 6580,"85.430.310/0001-30",2026-08-03 08:38:00.000,
6581,Empresa FictÃ­cia 6581,"85.431.327/0001-31",2026-08-03 08:38:00.000,
6582,Empresa FictÃ­cia 6582,"85.432.344/0001-32",2026-08-03 08:38:00.000,
6583,Empresa FictÃ­cia 6583,"85.433.361/0001-33",2026-08-03 08:38:00.000,
6584,Empresa FictÃ­cia 6584,"85.434.378/0001-34",2026-08-03 08:38:00.000,
6585,Empresa FictÃ­cia 6585,"85.435.395/0001-35",2026-08-03 08:38:00.000,
6586,Empresa FictÃ­cia 6586,"85.436.412/0001-36",2026-08-03 08:38:00.000,
6587,Empresa FictÃ­cia 6587,"85.437.429/0001-37",2026-08-03 08:38:00.000,
6588,Empresa FictÃ­cia 6588,"85.438.446/0001-38",2026-08-03 08:38:00.000,
6589,Empresa FictÃ­cia 6589,"85.439.463/0001-39",2026-08-03 08:38:00.000,
6590,Empresa FictÃ­cia 6590,"85.440.480/0001-40",2026-08-03 08:38:00.000,
6591,Empresa FictÃ­cia 6591,"85.441.497/0001-41",2026-08-03 08:38:00.000,
6592,Empresa FictÃ­cia 6592,"85.442.514/0001-42",2026-08-03 08:38:00.000,
6593,Empresa FictÃ­cia 6593,"85.443.531/0001-43",2026-08-03 08:38:00.000,
6594,Empresa FictÃ­cia 6594,"85.444.548/0001-44",2026-08-03 08:38:00.000,
6595,Empresa FictÃ­cia 6595,"85.445.565/0001-45",2026-08-03 08:38:00.000,
6596,Empresa FictÃ­cia 6596,"85.446.582/0001-46",2026-08-03 08:38:00.000,
6597,Empresa FictÃ­cia 6597,"85.447.599/0001-47",2026-08-03 08:38:00.000,
6598,Empresa FictÃ­cia 6598,"85.448.616/0001-48",2026-08-03 08:38:00.000,
6599,Empresa FictÃ­cia 6599,"85.449.633/0001-49",2026-08-03 08:38:00.000,
6600,Empresa FictÃ­cia 6600,"85.450.650/0001-50",2026-08-03 08:38:00.000,
6601,Empresa FictÃ­cia 6601,"85.451.667/0001-51",2026-08-03 08:38:00.000,
6602,Empresa FictÃ­cia 6602,"85.452.684/0001-52",2026-08-03 08:38:00.000,
6603,Empresa FictÃ­cia 6603,"85.453.701/0001-53",2026-08-03 08:38:00.000,
6604,Empresa FictÃ­cia 6604,"85.454.718/0001-54",2026-08-03 08:38:00.000,
6605,Empresa FictÃ­cia 6605,"85.455.735/0001-55",2026-08-03 08:38:00.000,
6606,Empresa FictÃ­cia 6606,"85.456.752/0001-56",2026-08-03 08:38:00.000,
6607,Empresa FictÃ­cia 6607,"85.457.769/0001-57",2026-08-03 08:38:00.000,
6608,Empresa FictÃ­cia 6608,"85.458.786/0001-58",2026-08-03 08:38:00.000,
6609,Empresa FictÃ­cia 6609,"85.459.803/0001-59",2026-08-03 08:38:00.000,
6610,Empresa FictÃ­cia 6610,"85.460.820/0001-60",2026-08-03 08:38:00.000,
6611,Empresa FictÃ­cia 6611,"85.461.837/0001-61",2026-08-03 08:38:00.000,
6612,Empresa FictÃ­cia 6612,"85.462.854/0001-62",2026-08-03 08:38:00.000,
6613,Empresa FictÃ­cia 6613,"85.463.871/0001-63",2026-08-03 08:38:00.000,
6614,Empresa FictÃ­cia 6614,"85.464.888/0001-64",2026-08-03 08:38:00.000,
6615,Empresa FictÃ­cia 6615,"85.465.905/0001-65",2026-08-03 08:38:00.000,
6616,Empresa FictÃ­cia 6616,"85.466.922/0001-66",2026-08-03 08:38:00.000,
6617,Empresa FictÃ­cia 6617,"85.467.939/0001-67",2026-08-03 08:38:00.000,
6618,Empresa FictÃ­cia 6618,"85.468.956/0001-68",2026-08-03 08:38:00.000,
6619,Empresa FictÃ­cia 6619,"85.469.973/0001-69",2026-08-03 08:38:00.000,
6620,Empresa FictÃ­cia 6620,"85.470.990/0001-70",2026-08-03 08:38:00.000,
6621,Empresa FictÃ­cia 6621,"85.471.007/0001-71",2026-08-03 08:38:00.000,
6622,Empresa FictÃ­cia 6622,"85.472.024/0001-72",2026-08-03 08:38:00.000,
6623,Empresa FictÃ­cia 6623,"85.473.041/0001-73",2026-08-03 08:38:00.000,
6624,Empresa FictÃ­cia 6624,"85.474.058/0001-74",2026-08-03 08:38:00.000,
6625,Empresa FictÃ­cia 6625,"85.475.075/0001-75",2026-08-03 08:38:00.000,
6626,Empresa FictÃ­cia 6626,"85.476.092/0001-76",2026-08-03 08:38:00.000,
6627,Empresa FictÃ­cia 6627,"85.477.109/0001-77",2026-08-03 08:38:00.000,
6628,Empresa FictÃ­cia 6628,"85.478.126/0001-78",2026-08-03 08:38:00.000,
6629,Empresa FictÃ­cia 6629,"85.479.143/0001-79",2026-08-03 08:38:00.000,
6630,Empresa FictÃ­cia 6630,"85.480.160/0001-80",2026-08-03 08:38:00.000,
6631,Empresa FictÃ­cia 6631,"85.481.177/0001-81",2026-08-03 08:38:00.000,
6632,Empresa FictÃ­cia 6632,"85.482.194/0001-82",2026-08-03 08:38:00.000,
6633,Empresa FictÃ­cia 6633,"85.483.211/0001-83",2026-08-03 08:38:00.000,
6634,Empresa FictÃ­cia 6634,"85.484.228/0001-84",2026-08-03 08:38:00.000,
6635,Empresa FictÃ­cia 6635,"85.485.245/0001-85",2026-08-03 08:38:00.000,
6636,Empresa FictÃ­cia 6636,"85.486.262/0001-86",2026-08-03 08:38:00.000,
6637,Empresa FictÃ­cia 6637,"85.487.279/0001-87",2026-08-03 08:38:00.000,
6638,Empresa FictÃ­cia 6638,"85.488.296/0001-88",2026-08-03 08:38:00.000,
6639,Empresa FictÃ­cia 6639,"85.489.313/0001-89",2026-08-03 08:38:00.000,
6640,Empresa FictÃ­cia 6640,"85.490.330/0001-90",2026-08-03 08:38:00.000,
6641,Empresa FictÃ­cia 6641,"85.491.347/0001-91",2026-08-03 08:38:00.000,
6642,Empresa FictÃ­cia 6642,"85.492.364/0001-92",2026-08-03 08:38:00.000,
6643,Empresa FictÃ­cia 6643,"85.493.381/0001-93",2026-08-03 08:38:00.000,
6644,Empresa FictÃ­cia 6644,"85.494.398/0001-94",2026-08-03 08:38:00.000,
6645,Empresa FictÃ­cia 6645,"85.495.415/0001-95",2026-08-03 08:38:00.000,
6646,Empresa FictÃ­cia 6646,"85.496.432/0001-96",2026-08-03 08:38:00.000,
6647,Empresa FictÃ­cia 6647,"85.497.449/0001-97",2026-08-03 08:38:00.000,
6648,Empresa FictÃ­cia 6648,"85.498.466/0001-98",2026-08-03 08:38:00.000,
6649,Empresa FictÃ­cia 6649,"85.499.483/0001-99",2026-08-03 08:38:00.000,
6650,Empresa FictÃ­cia 6650,"85.500.500/0001-00",2026-08-03 08:38:00.000,
6651,Empresa FictÃ­cia 6651,"85.501.517/0001-01",2026-08-03 08:38:00.000,
6652,Empresa FictÃ­cia 6652,"85.502.534/0001-02",2026-08-03 08:38:00.000,
6653,Empresa FictÃ­cia 6653,"85.503.551/0001-03",2026-08-03 08:38:00.000,
6654,Empresa FictÃ­cia 6654,"85.504.568/0001-04",2026-08-03 08:38:00.000,
6655,Empresa FictÃ­cia 6655,"85.505.585/0001-05",2026-08-03 08:38:00.000,
6656,Empresa FictÃ­cia 6656,"85.506.602/0001-06",2026-08-03 08:38:00.000,
6657,Empresa FictÃ­cia 6657,"85.507.619/0001-07",2026-08-03 08:38:00.000,
6658,Empresa FictÃ­cia 6658,"85.508.636/0001-08",2026-08-03 08:38:00.000,
6659,Empresa FictÃ­cia 6659,"85.509.653/0001-09",2026-08-03 08:38:00.000,
6660,Empresa FictÃ­cia 6660,"85.510.670/0001-10",2026-08-03 08:38:00.000,
6661,Empresa FictÃ­cia 6661,"85.511.687/0001-11",2026-08-03 08:38:00.000,
6662,Empresa FictÃ­cia 6662,"85.512.704/0001-12",2026-08-03 08:38:00.000,
6663,Empresa FictÃ­cia 6663,"85.513.721/0001-13",2026-08-03 08:38:00.000,
6664,Empresa FictÃ­cia 6664,"85.514.738/0001-14",2026-08-03 08:38:00.000,
6665,Empresa FictÃ­cia 6665,"85.515.755/0001-15",2026-08-03 08:38:00.000,
6666,Empresa FictÃ­cia 6666,"85.516.772/0001-16",2026-08-03 08:38:00.000,
6667,Empresa FictÃ­cia 6667,"85.517.789/0001-17",2026-08-03 08:38:00.000,
6668,Empresa FictÃ­cia 6668,"85.518.806/0001-18",2026-08-03 08:38:00.000,
6669,Empresa FictÃ­cia 6669,"85.519.823/0001-19",2026-08-03 08:38:00.000,
6670,Empresa FictÃ­cia 6670,"85.520.840/0001-20",2026-08-03 08:38:00.000,
6671,Empresa FictÃ­cia 6671,"85.521.857/0001-21",2026-08-03 08:38:00.000,
6672,Empresa FictÃ­cia 6672,"85.522.874/0001-22",2026-08-03 08:38:00.000,
6673,Empresa FictÃ­cia 6673,"85.523.891/0001-23",2026-08-03 08:38:00.000,
6674,Empresa FictÃ­cia 6674,"85.524.908/0001-24",2026-08-03 08:38:00.000,
6675,Empresa FictÃ­cia 6675,"85.525.925/0001-25",2026-08-03 08:38:00.000,
6676,Empresa FictÃ­cia 6676,"85.526.942/0001-26",2026-08-03 08:38:00.000,
6677,Empresa FictÃ­cia 6677,"85.527.959/0001-27",2026-08-03 08:38:00.000,
6678,Empresa FictÃ­cia 6678,"85.528.976/0001-28",2026-08-03 08:38:00.000,
6679,Empresa FictÃ­cia 6679,"85.529.993/0001-29",2026-08-03 08:38:00.000,
6680,Empresa FictÃ­cia 6680,"85.530.010/0001-30",2026-08-03 08:38:00.000,
6681,Empresa FictÃ­cia 6681,"85.531.027/0001-31",2026-08-03 08:38:00.000,
6682,Empresa FictÃ­cia 6682,"85.532.044/0001-32",2026-08-03 08:38:00.000,
6683,Empresa FictÃ­cia 6683,"85.533.061/0001-33",2026-08-03 08:38:00.000,
6684,Empresa FictÃ­cia 6684,"85.534.078/0001-34",2026-08-03 08:38:00.000,
6685,Empresa FictÃ­cia 6685,"85.535.095/0001-35",2026-08-03 08:38:00.000,
6686,Empresa FictÃ­cia 6686,"85.536.112/0001-36",2026-08-03 08:38:00.000,
6687,Empresa FictÃ­cia 6687,"85.537.129/0001-37",2026-08-03 08:38:00.000,
6688,Empresa FictÃ­cia 6688,"85.538.146/0001-38",2026-08-03 08:38:00.000,
6689,Empresa FictÃ­cia 6689,"85.539.163/0001-39",2026-08-03 08:38:00.000,
6690,Empresa FictÃ­cia 6690,"85.540.180/0001-40",2026-08-03 08:38:00.000,
6691,Empresa FictÃ­cia 6691,"85.541.197/0001-41",2026-08-03 08:38:00.000,
6692,Empresa FictÃ­cia 6692,"85.542.214/0001-42",2026-08-03 08:38:00.000,
6693,Empresa FictÃ­cia 6693,"85.543.231/0001-43",2026-08-03 08:38:00.000,
6694,Empresa FictÃ­cia 6694,"85.544.248/0001-44",2026-08-03 08:38:00.000,
6695,Empresa FictÃ­cia 6695,"85.545.265/0001-45",2026-08-03 08:38:00.000,
6696,Empresa FictÃ­cia 6696,"85.546.282/0001-46",2026-08-03 08:38:00.000,
6697,Empresa FictÃ­cia 6697,"85.547.299/0001-47",2026-08-03 08:38:00.000,
6698,Empresa FictÃ­cia 6698,"85.548.316/0001-48",2026-08-03 08:38:00.000,
6699,Empresa FictÃ­cia 6699,"85.549.333/0001-49",2026-08-03 08:38:00.000,
6700,Empresa FictÃ­cia 6700,"85.550.350/0001-50",2026-08-03 08:38:00.000,
6701,Empresa FictÃ­cia 6701,"85.551.367/0001-51",2026-08-03 08:38:00.000,
6702,Empresa FictÃ­cia 6702,"85.552.384/0001-52",2026-08-03 08:38:00.000,
6703,Empresa FictÃ­cia 6703,"85.553.401/0001-53",2026-08-03 08:38:00.000,
6704,Empresa FictÃ­cia 6704,"85.554.418/0001-54",2026-08-03 08:38:00.000,
6705,Empresa FictÃ­cia 6705,"85.555.435/0001-55",2026-08-03 08:38:00.000,
6706,Empresa FictÃ­cia 6706,"85.556.452/0001-56",2026-08-03 08:38:00.000,
6707,Empresa FictÃ­cia 6707,"85.557.469/0001-57",2026-08-03 08:38:00.000,
6708,Empresa FictÃ­cia 6708,"85.558.486/0001-58",2026-08-03 08:38:00.000,
6709,Empresa FictÃ­cia 6709,"85.559.503/0001-59",2026-08-03 08:38:00.000,
6710,Empresa FictÃ­cia 6710,"85.560.520/0001-60",2026-08-03 08:38:00.000,
6711,Empresa FictÃ­cia 6711,"85.561.537/0001-61",2026-08-03 08:38:00.000,
6712,Empresa FictÃ­cia 6712,"85.562.554/0001-62",2026-08-03 08:38:00.000,
6713,Empresa FictÃ­cia 6713,"85.563.571/0001-63",2026-08-03 08:38:00.000,
6714,Empresa FictÃ­cia 6714,"85.564.588/0001-64",2026-08-03 08:38:00.000,
6715,Empresa FictÃ­cia 6715,"85.565.605/0001-65",2026-08-03 08:38:00.000,
6716,Empresa FictÃ­cia 6716,"85.566.622/0001-66",2026-08-03 08:38:00.000,
6717,Empresa FictÃ­cia 6717,"85.567.639/0001-67",2026-08-03 08:38:00.000,
6718,Empresa FictÃ­cia 6718,"85.568.656/0001-68",2026-08-03 08:38:00.000,
6719,Empresa FictÃ­cia 6719,"85.569.673/0001-69",2026-08-03 08:38:00.000,
6720,Empresa FictÃ­cia 6720,"85.570.690/0001-70",2026-08-03 08:38:00.000,
6721,Empresa FictÃ­cia 6721,"85.571.707/0001-71",2026-08-03 08:38:00.000,
6722,Empresa FictÃ­cia 6722,"85.572.724/0001-72",2026-08-03 08:38:00.000,
6723,Empresa FictÃ­cia 6723,"85.573.741/0001-73",2026-08-03 08:38:00.000,
6724,Empresa FictÃ­cia 6724,"85.574.758/0001-74",2026-08-03 08:38:00.000,
6725,Empresa FictÃ­cia 6725,"85.575.775/0001-75",2026-08-03 08:38:00.000,
6726,Empresa FictÃ­cia 6726,"85.576.792/0001-76",2026-08-03 08:38:00.000,
6727,Empresa FictÃ­cia 6727,"85.577.809/0001-77",2026-08-03 08:38:00.000,
6728,Empresa FictÃ­cia 6728,"85.578.826/0001-78",2026-08-03 08:38:00.000,
6729,Empresa FictÃ­cia 6729,"85.579.843/0001-79",2026-08-03 08:38:00.000,
6730,Empresa FictÃ­cia 6730,"85.580.860/0001-80",2026-08-03 08:38:00.000,
6731,Empresa FictÃ­cia 6731,"85.581.877/0001-81",2026-08-03 08:38:00.000,
6732,Empresa FictÃ­cia 6732,"85.582.894/0001-82",2026-08-03 08:38:00.000,
6733,Empresa FictÃ­cia 6733,"85.583.911/0001-83",2026-08-03 08:38:00.000,
6734,Empresa FictÃ­cia 6734,"85.584.928/0001-84",2026-08-03 08:38:00.000,
6735,Empresa FictÃ­cia 6735,"85.585.945/0001-85",2026-08-03 08:38:00.000,
6736,Empresa FictÃ­cia 6736,"85.586.962/0001-86",2026-08-03 08:38:00.000,
6737,Empresa FictÃ­cia 6737,"85.587.979/0001-87",2026-08-03 08:38:00.000,
6738,Empresa FictÃ­cia 6738,"85.588.996/0001-88",2026-08-03 08:38:00.000,
6739,Empresa FictÃ­cia 6739,"85.589.013/0001-89",2026-08-03 08:38:00.000,
6740,Empresa FictÃ­cia 6740,"85.590.030/0001-90",2026-08-03 08:38:00.000,
6741,Empresa FictÃ­cia 6741,"85.591.047/0001-91",2026-08-03 08:38:00.000,
6742,Empresa FictÃ­cia 6742,"85.592.064/0001-92",2026-08-03 08:38:00.000,
6743,Empresa FictÃ­cia 6743,"85.593.081/0001-93",2026-08-03 08:38:00.000,
6744,Empresa FictÃ­cia 6744,"85.594.098/0001-94",2026-08-03 08:38:00.000,
6745,Empresa FictÃ­cia 6745,"85.595.115/0001-95",2026-08-03 08:38:00.000,
6746,Empresa FictÃ­cia 6746,"85.596.132/0001-96",2026-08-03 08:38:00.000,
6747,Empresa FictÃ­cia 6747,"85.597.149/0001-97",2026-08-03 08:38:00.000,
6748,Empresa FictÃ­cia 6748,"85.598.166/0001-98",2026-08-03 08:38:00.000,
6749,Empresa FictÃ­cia 6749,"85.599.183/0001-99",2026-08-03 08:38:00.000,
6750,Empresa FictÃ­cia 6750,"85.600.200/0001-00",2026-08-03 08:38:00.000,
6751,Empresa FictÃ­cia 6751,"85.601.217/0001-01",2026-08-03 08:38:00.000,
6752,Empresa FictÃ­cia 6752,"85.602.234/0001-02",2026-08-03 08:38:00.000,
6753,Empresa FictÃ­cia 6753,"85.603.251/0001-03",2026-08-03 08:38:00.000,
6754,Empresa FictÃ­cia 6754,"85.604.268/0001-04",2026-08-03 08:38:00.000,
6755,Empresa FictÃ­cia 6755,"85.605.285/0001-05",2026-08-03 08:38:00.000,
6756,Empresa FictÃ­cia 6756,"85.606.302/0001-06",2026-08-03 08:38:00.000,
6757,Empresa FictÃ­cia 6757,"85.607.319/0001-07",2026-08-03 08:38:00.000,
6758,Empresa FictÃ­cia 6758,"85.608.336/0001-08",2026-08-03 08:38:00.000,
6759,Empresa FictÃ­cia 6759,"85.609.353/0001-09",2026-08-03 08:38:00.000,
6760,Empresa FictÃ­cia 6760,"85.610.370/0001-10",2026-08-03 08:38:00.000,
6761,Empresa FictÃ­cia 6761,"85.611.387/0001-11",2026-08-03 08:38:00.000,
6762,Empresa FictÃ­cia 6762,"85.612.404/0001-12",2026-08-03 08:38:00.000,
6763,Empresa FictÃ­cia 6763,"85.613.421/0001-13",2026-08-03 08:38:00.000,
6764,Empresa FictÃ­cia 6764,"85.614.438/0001-14",2026-08-03 08:38:00.000,
6765,Empresa FictÃ­cia 6765,"85.615.455/0001-15",2026-08-03 08:38:00.000,
6766,Empresa FictÃ­cia 6766,"85.616.472/0001-16",2026-08-03 08:38:00.000,
6767,Empresa FictÃ­cia 6767,"85.617.489/0001-17",2026-08-03 08:38:00.000,
6768,Empresa FictÃ­cia 6768,"85.618.506/0001-18",2026-08-03 08:38:00.000,
6769,Empresa FictÃ­cia 6769,"85.619.523/0001-19",2026-08-03 08:38:00.000,
6770,Empresa FictÃ­cia 6770,"85.620.540/0001-20",2026-08-03 08:38:00.000,
6771,Empresa FictÃ­cia 6771,"85.621.557/0001-21",2026-08-03 08:38:00.000,
6772,Empresa FictÃ­cia 6772,"85.622.574/0001-22",2026-08-03 08:38:00.000,
6773,Empresa FictÃ­cia 6773,"85.623.591/0001-23",2026-08-03 08:38:00.000,
6774,Empresa FictÃ­cia 6774,"85.624.608/0001-24",2026-08-03 08:38:00.000,
6775,Empresa FictÃ­cia 6775,"85.625.625/0001-25",2026-08-03 08:38:00.000,
6776,Empresa FictÃ­cia 6776,"85.626.642/0001-26",2026-08-03 08:38:00.000,
6777,Empresa FictÃ­cia 6777,"85.627.659/0001-27",2026-08-03 08:38:00.000,
6778,Empresa FictÃ­cia 6778,"85.628.676/0001-28",2026-08-03 08:38:00.000,
6779,Empresa FictÃ­cia 6779,"85.629.693/0001-29",2026-08-03 08:38:00.000,
6780,Empresa FictÃ­cia 6780,"85.630.710/0001-30",2026-08-03 08:38:00.000,
6781,Empresa FictÃ­cia 6781,"85.631.727/0001-31",2026-08-03 08:38:00.000,
6782,Empresa FictÃ­cia 6782,"85.632.744/0001-32",2026-08-03 08:38:00.000,
6783,Empresa FictÃ­cia 6783,"85.633.761/0001-33",2026-08-03 08:38:00.000,
6784,Empresa FictÃ­cia 6784,"85.634.778/0001-34",2026-08-03 08:38:00.000,
6785,Empresa FictÃ­cia 6785,"85.635.795/0001-35",2026-08-03 08:38:00.000,
6786,Empresa FictÃ­cia 6786,"85.636.812/0001-36",2026-08-03 08:38:00.000,
6787,Empresa FictÃ­cia 6787,"85.637.829/0001-37",2026-08-03 08:38:00.000,
6788,Empresa FictÃ­cia 6788,"85.638.846/0001-38",2026-08-03 08:38:00.000,
6789,Empresa FictÃ­cia 6789,"85.639.863/0001-39",2026-08-03 08:38:00.000,
6790,Empresa FictÃ­cia 6790,"85.640.880/0001-40",2026-08-03 08:38:00.000,
6791,Empresa FictÃ­cia 6791,"85.641.897/0001-41",2026-08-03 08:38:00.000,
6792,Empresa FictÃ­cia 6792,"85.642.914/0001-42",2026-08-03 08:38:00.000,
6793,Empresa FictÃ­cia 6793,"85.643.931/0001-43",2026-08-03 08:38:00.000,
6794,Empresa FictÃ­cia 6794,"85.644.948/0001-44",2026-08-03 08:38:00.000,
6795,Empresa FictÃ­cia 6795,"85.645.965/0001-45",2026-08-03 08:38:00.000,
6796,Empresa FictÃ­cia 6796,"85.646.982/0001-46",2026-08-03 08:38:00.000,
6797,Empresa FictÃ­cia 6797,"85.647.999/0001-47",2026-08-03 08:38:00.000,
6798,Empresa FictÃ­cia 6798,"85.648.016/0001-48",2026-08-03 08:38:00.000,
6799,Empresa FictÃ­cia 6799,"85.649.033/0001-49",2026-08-03 08:38:00.000,
6800,Empresa FictÃ­cia 6800,"85.650.050/0001-50",2026-08-03 08:38:00.000,
6801,Empresa FictÃ­cia 6801,"85.651.067/0001-51",2026-08-03 08:38:00.000,
6802,Empresa FictÃ­cia 6802,"85.652.084/0001-52",2026-08-03 08:38:00.000,
6803,Empresa FictÃ­cia 6803,"85.653.101/0001-53",2026-08-03 08:38:00.000,
6804,Empresa FictÃ­cia 6804,"85.654.118/0001-54",2026-08-03 08:38:00.000,
6805,Empresa FictÃ­cia 6805,"85.655.135/0001-55",2026-08-03 08:38:00.000,
6806,Empresa FictÃ­cia 6806,"85.656.152/0001-56",2026-08-03 08:38:00.000,
6807,Empresa FictÃ­cia 6807,"85.657.169/0001-57",2026-08-03 08:38:00.000,
6808,Empresa FictÃ­cia 6808,"85.658.186/0001-58",2026-08-03 08:38:00.000,
6809,Empresa FictÃ­cia 6809,"85.659.203/0001-59",2026-08-03 08:38:00.000,
6810,Empresa FictÃ­cia 6810,"85.660.220/0001-60",2026-08-03 08:38:00.000,
6811,Empresa FictÃ­cia 6811,"85.661.237/0001-61",2026-08-03 08:38:00.000,
6812,Empresa FictÃ­cia 6812,"85.662.254/0001-62",2026-08-03 08:38:00.000,
6813,Empresa FictÃ­cia 6813,"85.663.271/0001-63",2026-08-03 08:38:00.000,
6814,Empresa FictÃ­cia 6814,"85.664.288/0001-64",2026-08-03 08:38:00.000,
6815,Empresa FictÃ­cia 6815,"85.665.305/0001-65",2026-08-03 08:38:00.000,
6816,Empresa FictÃ­cia 6816,"85.666.322/0001-66",2026-08-03 08:38:00.000,
6817,Empresa FictÃ­cia 6817,"85.667.339/0001-67",2026-08-03 08:38:00.000,
6818,Empresa FictÃ­cia 6818,"85.668.356/0001-68",2026-08-03 08:38:00.000,
6819,Empresa FictÃ­cia 6819,"85.669.373/0001-69",2026-08-03 08:38:00.000,
6820,Empresa FictÃ­cia 6820,"85.670.390/0001-70",2026-08-03 08:38:00.000,
6821,Empresa FictÃ­cia 6821,"85.671.407/0001-71",2026-08-03 08:38:00.000,
6822,Empresa FictÃ­cia 6822,"85.672.424/0001-72",2026-08-03 08:38:00.000,
6823,Empresa FictÃ­cia 6823,"85.673.441/0001-73",2026-08-03 08:38:00.000,
6824,Empresa FictÃ­cia 6824,"85.674.458/0001-74",2026-08-03 08:38:00.000,
6825,Empresa FictÃ­cia 6825,"85.675.475/0001-75",2026-08-03 08:38:00.000,
6826,Empresa FictÃ­cia 6826,"85.676.492/0001-76",2026-08-03 08:38:00.000,
6827,Empresa FictÃ­cia 6827,"85.677.509/0001-77",2026-08-03 08:38:00.000,
6828,Empresa FictÃ­cia 6828,"85.678.526/0001-78",2026-08-03 08:38:00.000,
6829,Empresa FictÃ­cia 6829,"85.679.543/0001-79",2026-08-03 08:38:00.000,
6830,Empresa FictÃ­cia 6830,"85.680.560/0001-80",2026-08-03 08:38:00.000,
6831,Empresa FictÃ­cia 6831,"85.681.577/0001-81",2026-08-03 08:38:00.000,
6832,Empresa FictÃ­cia 6832,"85.682.594/0001-82",2026-08-03 08:38:00.000,
6833,Empresa FictÃ­cia 6833,"85.683.611/0001-83",2026-08-03 08:38:00.000,
6834,Empresa FictÃ­cia 6834,"85.684.628/0001-84",2026-08-03 08:38:00.000,
6835,Empresa FictÃ­cia 6835,"85.685.645/0001-85",2026-08-03 08:38:00.000,
6836,Empresa FictÃ­cia 6836,"85.686.662/0001-86",2026-08-03 08:38:00.000,
6837,Empresa FictÃ­cia 6837,"85.687.679/0001-87",2026-08-03 08:38:00.000,
6838,Empresa FictÃ­cia 6838,"85.688.696/0001-88",2026-08-03 08:38:00.000,
6839,Empresa FictÃ­cia 6839,"85.689.713/0001-89",2026-08-03 08:38:00.000,
6840,Empresa FictÃ­cia 6840,"85.690.730/0001-90",2026-08-03 08:38:00.000,
6841,Empresa FictÃ­cia 6841,"85.691.747/0001-91",2026-08-03 08:38:00.000,
6842,Empresa FictÃ­cia 6842,"85.692.764/0001-92",2026-08-03 08:38:00.000,
6843,Empresa FictÃ­cia 6843,"85.693.781/0001-93",2026-08-03 08:38:00.000,
6844,Empresa FictÃ­cia 6844,"85.694.798/0001-94",2026-08-03 08:38:00.000,
6845,Empresa FictÃ­cia 6845,"85.695.815/0001-95",2026-08-03 08:38:00.000,
6846,Empresa FictÃ­cia 6846,"85.696.832/0001-96",2026-08-03 08:38:00.000,
6847,Empresa FictÃ­cia 6847,"85.697.849/0001-97",2026-08-03 08:38:00.000,
6848,Empresa FictÃ­cia 6848,"85.698.866/0001-98",2026-08-03 08:38:00.000,
6849,Empresa FictÃ­cia 6849,"85.699.883/0001-99",2026-08-03 08:38:00.000,
6850,Empresa FictÃ­cia 6850,"85.700.900/0001-00",2026-08-03 08:38:00.000,
6851,Empresa FictÃ­cia 6851,"85.701.917/0001-01",2026-08-03 08:38:00.000,
6852,Empresa FictÃ­cia 6852,"85.702.934/0001-02",2026-08-03 08:38:00.000,
6853,Empresa FictÃ­cia 6853,"85.703.951/0001-03",2026-08-03 08:38:00.000,
6854,Empresa FictÃ­cia 6854,"85.704.968/0001-04",2026-08-03 08:38:00.000,
6855,Empresa FictÃ­cia 6855,"85.705.985/0001-05",2026-08-03 08:38:00.000,
6856,Empresa FictÃ­cia 6856,"85.706.002/0001-06",2026-08-03 08:38:00.000,
6857,Empresa FictÃ­cia 6857,"85.707.019/0001-07",2026-08-03 08:38:00.000,
6858,Empresa FictÃ­cia 6858,"85.708.036/0001-08",2026-08-03 08:38:00.000,
6859,Empresa FictÃ­cia 6859,"85.709.053/0001-09",2026-08-03 08:38:00.000,
6860,Empresa FictÃ­cia 6860,"85.710.070/0001-10",2026-08-03 08:38:00.000,
6861,Empresa FictÃ­cia 6861,"85.711.087/0001-11",2026-08-03 08:38:00.000,
6862,Empresa FictÃ­cia 6862,"85.712.104/0001-12",2026-08-03 08:38:00.000,
6863,Empresa FictÃ­cia 6863,"85.713.121/0001-13",2026-08-03 08:38:00.000,
6864,Empresa FictÃ­cia 6864,"85.714.138/0001-14",2026-08-03 08:38:00.000,
6865,Empresa FictÃ­cia 6865,"85.715.155/0001-15",2026-08-03 08:38:00.000,
6866,Empresa FictÃ­cia 6866,"85.716.172/0001-16",2026-08-03 08:38:00.000,
6867,Empresa FictÃ­cia 6867,"85.717.189/0001-17",2026-08-03 08:38:00.000,
6868,Empresa FictÃ­cia 6868,"85.718.206/0001-18",2026-08-03 08:38:00.000,
6869,Empresa FictÃ­cia 6869,"85.719.223/0001-19",2026-08-03 08:38:00.000,
6870,Empresa FictÃ­cia 6870,"85.720.240/0001-20",2026-08-03 08:38:00.000,
6871,Empresa FictÃ­cia 6871,"85.721.257/0001-21",2026-08-03 08:38:00.000,
6872,Empresa FictÃ­cia 6872,"85.722.274/0001-22",2026-08-03 08:38:00.000,
6873,Empresa FictÃ­cia 6873,"85.723.291/0001-23",2026-08-03 08:38:00.000,
6874,Empresa FictÃ­cia 6874,"85.724.308/0001-24",2026-08-03 08:38:00.000,
6875,Empresa FictÃ­cia 6875,"85.725.325/0001-25",2026-08-03 08:38:00.000,
6876,Empresa FictÃ­cia 6876,"85.726.342/0001-26",2026-08-03 08:38:00.000,
6877,Empresa FictÃ­cia 6877,"85.727.359/0001-27",2026-08-03 08:38:00.000,
6878,Empresa FictÃ­cia 6878,"85.728.376/0001-28",2026-08-03 08:38:00.000,
6879,Empresa FictÃ­cia 6879,"85.729.393/0001-29",2026-08-03 08:38:00.000,
6880,Empresa FictÃ­cia 6880,"85.730.410/0001-30",2026-08-03 08:38:00.000,
6881,Empresa FictÃ­cia 6881,"85.731.427/0001-31",2026-08-03 08:38:00.000,
6882,Empresa FictÃ­cia 6882,"85.732.444/0001-32",2026-08-03 08:38:00.000,
6883,Empresa FictÃ­cia 6883,"85.733.461/0001-33",2026-08-03 08:38:00.000,
6884,Empresa FictÃ­cia 6884,"85.734.478/0001-34",2026-08-03 08:38:00.000,
6885,Empresa FictÃ­cia 6885,"85.735.495/0001-35",2026-08-03 08:38:00.000,
6886,Empresa FictÃ­cia 6886,"85.736.512/0001-36",2026-08-03 08:38:00.000,
6887,Empresa FictÃ­cia 6887,"85.737.529/0001-37",2026-08-03 08:38:00.000,
6888,Empresa FictÃ­cia 6888,"85.738.546/0001-38",2026-08-03 08:38:00.000,
6889,Empresa FictÃ­cia 6889,"85.739.563/0001-39",2026-08-03 08:38:00.000,
6890,Empresa FictÃ­cia 6890,"85.740.580/0001-40",2026-08-03 08:38:00.000,
6891,Empresa FictÃ­cia 6891,"85.741.597/0001-41",2026-08-03 08:38:00.000,
6892,Empresa FictÃ­cia 6892,"85.742.614/0001-42",2026-08-03 08:38:00.000,
6893,Empresa FictÃ­cia 6893,"85.743.631/0001-43",2026-08-03 08:38:00.000,
6894,Empresa FictÃ­cia 6894,"85.744.648/0001-44",2026-08-03 08:38:00.000,
6895,Empresa FictÃ­cia 6895,"85.745.665/0001-45",2026-08-03 08:38:00.000,
6896,Empresa FictÃ­cia 6896,"85.746.682/0001-46",2026-08-03 08:38:00.000,
6897,Empresa FictÃ­cia 6897,"85.747.699/0001-47",2026-08-03 08:38:00.000,
6898,Empresa FictÃ­cia 6898,"85.748.716/0001-48",2026-08-03 08:38:00.000,
6899,Empresa FictÃ­cia 6899,"85.749.733/0001-49",2026-08-03 08:38:00.000,
6900,Empresa FictÃ­cia 6900,"85.750.750/0001-50",2026-08-03 08:38:00.000,
6901,Empresa FictÃ­cia 6901,"85.751.767/0001-51",2026-08-03 08:38:00.000,
6902,Empresa FictÃ­cia 6902,"85.752.784/0001-52",2026-08-03 08:38:00.000,
6903,Empresa FictÃ­cia 6903,"85.753.801/0001-53",2026-08-03 08:38:00.000,
6904,Empresa FictÃ­cia 6904,"85.754.818/0001-54",2026-08-03 08:38:00.000,
6905,Empresa FictÃ­cia 6905,"85.755.835/0001-55",2026-08-03 08:38:00.000,
6906,Empresa FictÃ­cia 6906,"85.756.852/0001-56",2026-08-03 08:38:00.000,
6907,Empresa FictÃ­cia 6907,"85.757.869/0001-57",2026-08-03 08:38:00.000,
6908,Empresa FictÃ­cia 6908,"85.758.886/0001-58",2026-08-03 08:38:00.000,
6909,Empresa FictÃ­cia 6909,"85.759.903/0001-59",2026-08-03 08:38:00.000,
6910,Empresa FictÃ­cia 6910,"85.760.920/0001-60",2026-08-03 08:38:00.000,
6911,Empresa FictÃ­cia 6911,"85.761.937/0001-61",2026-08-03 08:38:00.000,
6912,Empresa FictÃ­cia 6912,"85.762.954/0001-62",2026-08-03 08:38:00.000,
6913,Empresa FictÃ­cia 6913,"85.763.971/0001-63",2026-08-03 08:38:00.000,
6914,Empresa FictÃ­cia 6914,"85.764.988/0001-64",2026-08-03 08:38:00.000,
6915,Empresa FictÃ­cia 6915,"85.765.005/0001-65",2026-08-03 08:38:00.000,
6916,Empresa FictÃ­cia 6916,"85.766.022/0001-66",2026-08-03 08:38:00.000,
6917,Empresa FictÃ­cia 6917,"85.767.039/0001-67",2026-08-03 08:38:00.000,
6918,Empresa FictÃ­cia 6918,"85.768.056/0001-68",2026-08-03 08:38:00.000,
6919,Empresa FictÃ­cia 6919,"85.769.073/0001-69",2026-08-03 08:38:00.000,
6920,Empresa FictÃ­cia 6920,"85.770.090/0001-70",2026-08-03 08:38:00.000,
6921,Empresa FictÃ­cia 6921,"85.771.107/0001-71",2026-08-03 08:38:00.000,
6922,Empresa FictÃ­cia 6922,"85.772.124/0001-72",2026-08-03 08:38:00.000,
6923,Empresa FictÃ­cia 6923,"85.773.141/0001-73",2026-08-03 08:38:00.000,
6924,Empresa FictÃ­cia 6924,"85.774.158/0001-74",2026-08-03 08:38:00.000,
6925,Empresa FictÃ­cia 6925,"85.775.175/0001-75",2026-08-03 08:38:00.000,
6926,Empresa FictÃ­cia 6926,"85.776.192/0001-76",2026-08-03 08:38:00.000,
6927,Empresa FictÃ­cia 6927,"85.777.209/0001-77",2026-08-03 08:38:00.000,
6928,Empresa FictÃ­cia 6928,"85.778.226/0001-78",2026-08-03 08:38:00.000,
6929,Empresa FictÃ­cia 6929,"85.779.243/0001-79",2026-08-03 08:38:00.000,
6930,Empresa FictÃ­cia 6930,"85.780.260/0001-80",2026-08-03 08:38:00.000,
6931,Empresa FictÃ­cia 6931,"85.781.277/0001-81",2026-08-03 08:38:00.000,
6932,Empresa FictÃ­cia 6932,"85.782.294/0001-82",2026-08-03 08:38:00.000,
6933,Empresa FictÃ­cia 6933,"85.783.311/0001-83",2026-08-03 08:38:00.000,
6934,Empresa FictÃ­cia 6934,"85.784.328/0001-84",2026-08-03 08:38:00.000,
6935,Empresa FictÃ­cia 6935,"85.785.345/0001-85",2026-08-03 08:38:00.000,
6936,Empresa FictÃ­cia 6936,"85.786.362/0001-86",2026-08-03 08:38:00.000,
6937,Empresa FictÃ­cia 6937,"85.787.379/0001-87",2026-08-03 08:38:00.000,
6938,Empresa FictÃ­cia 6938,"85.788.396/0001-88",2026-08-03 08:38:00.000,
6939,Empresa FictÃ­cia 6939,"85.789.413/0001-89",2026-08-03 08:38:00.000,
6940,Empresa FictÃ­cia 6940,"85.790.430/0001-90",2026-08-03 08:38:00.000,
6941,Empresa FictÃ­cia 6941,"85.791.447/0001-91",2026-08-03 08:38:00.000,
6942,Empresa FictÃ­cia 6942,"85.792.464/0001-92",2026-08-03 08:38:00.000,
6943,Empresa FictÃ­cia 6943,"85.793.481/0001-93",2026-08-03 08:38:00.000,
6944,Empresa FictÃ­cia 6944,"85.794.498/0001-94",2026-08-03 08:38:00.000,
6945,Empresa FictÃ­cia 6945,"85.795.515/0001-95",2026-08-03 08:38:00.000,
6946,Empresa FictÃ­cia 6946,"85.796.532/0001-96",2026-08-03 08:38:00.000,
6947,Empresa FictÃ­cia 6947,"85.797.549/0001-97",2026-08-03 08:38:00.000,
6948,Empresa FictÃ­cia 6948,"85.798.566/0001-98",2026-08-03 08:38:00.000,
6949,Empresa FictÃ­cia 6949,"85.799.583/0001-99",2026-08-03 08:38:00.000,
6950,Empresa FictÃ­cia 6950,"85.800.600/0001-00",2026-08-03 08:38:00.000,
6951,Empresa FictÃ­cia 6951,"85.801.617/0001-01",2026-08-03 08:38:00.000,
6952,Empresa FictÃ­cia 6952,"85.802.634/0001-02",2026-08-03 08:38:00.000,
6953,Empresa FictÃ­cia 6953,"85.803.651/0001-03",2026-08-03 08:38:00.000,
6954,Empresa FictÃ­cia 6954,"85.804.668/0001-04",2026-08-03 08:38:00.000,
6955,Empresa FictÃ­cia 6955,"85.805.685/0001-05",2026-08-03 08:38:00.000,
6956,Empresa FictÃ­cia 6956,"85.806.702/0001-06",2026-08-03 08:38:00.000,
6957,Empresa FictÃ­cia 6957,"85.807.719/0001-07",2026-08-03 08:38:00.000,
6958,Empresa FictÃ­cia 6958,"85.808.736/0001-08",2026-08-03 08:38:00.000,
6959,Empresa FictÃ­cia 6959,"85.809.753/0001-09",2026-08-03 08:38:00.000,
6960,Empresa FictÃ­cia 6960,"85.810.770/0001-10",2026-08-03 08:38:00.000,
6961,Empresa FictÃ­cia 6961,"85.811.787/0001-11",2026-08-03 08:38:00.000,
6962,Empresa FictÃ­cia 6962,"85.812.804/0001-12",2026-08-03 08:38:00.000,
6963,Empresa FictÃ­cia 6963,"85.813.821/0001-13",2026-08-03 08:38:00.000,
6964,Empresa FictÃ­cia 6964,"85.814.838/0001-14",2026-08-03 08:38:00.000,
6965,Empresa FictÃ­cia 6965,"85.815.855/0001-15",2026-08-03 08:38:00.000,
6966,Empresa FictÃ­cia 6966,"85.816.872/0001-16",2026-08-03 08:38:00.000,
6967,Empresa FictÃ­cia 6967,"85.817.889/0001-17",2026-08-03 08:38:00.000,
6968,Empresa FictÃ­cia 6968,"85.818.906/0001-18",2026-08-03 08:38:00.000,
6969,Empresa FictÃ­cia 6969,"85.819.923/0001-19",2026-08-03 08:38:00.000,
6970,Empresa FictÃ­cia 6970,"85.820.940/0001-20",2026-08-03 08:38:00.000,
6971,Empresa FictÃ­cia 6971,"85.821.957/0001-21",2026-08-03 08:38:00.000,
6972,Empresa FictÃ­cia 6972,"85.822.974/0001-22",2026-08-03 08:38:00.000,
6973,Empresa FictÃ­cia 6973,"85.823.991/0001-23",2026-08-03 08:38:00.000,
6974,Empresa FictÃ­cia 6974,"85.824.008/0001-24",2026-08-03 08:38:00.000,
6975,Empresa FictÃ­cia 6975,"85.825.025/0001-25",2026-08-03 08:38:00.000,
6976,Empresa FictÃ­cia 6976,"85.826.042/0001-26",2026-08-03 08:38:00.000,
6977,Empresa FictÃ­cia 6977,"85.827.059/0001-27",2026-08-03 08:38:00.000,
6978,Empresa FictÃ­cia 6978,"85.828.076/0001-28",2026-08-03 08:38:00.000,
6979,Empresa FictÃ­cia 6979,"85.829.093/0001-29",2026-08-03 08:38:00.000,
6980,Empresa FictÃ­cia 6980,"85.830.110/0001-30",2026-08-03 08:38:00.000,
6981,Empresa FictÃ­cia 6981,"85.831.127/0001-31",2026-08-03 08:38:00.000,
6982,Empresa FictÃ­cia 6982,"85.832.144/0001-32",2026-08-03 08:38:00.000,
6983,Empresa FictÃ­cia 6983,"85.833.161/0001-33",2026-08-03 08:38:00.000,
6984,Empresa FictÃ­cia 6984,"85.834.178/0001-34",2026-08-03 08:38:00.000,
6985,Empresa FictÃ­cia 6985,"85.835.195/0001-35",2026-08-03 08:38:00.000,
6986,Empresa FictÃ­cia 6986,"85.836.212/0001-36",2026-08-03 08:38:00.000,
6987,Empresa FictÃ­cia 6987,"85.837.229/0001-37",2026-08-03 08:38:00.000,
6988,Empresa FictÃ­cia 6988,"85.838.246/0001-38",2026-08-03 08:38:00.000,
6989,Empresa FictÃ­cia 6989,"85.839.263/0001-39",2026-08-03 08:38:00.000,
6990,Empresa FictÃ­cia 6990,"85.840.280/0001-40",2026-08-03 08:38:00.000,
6991,Empresa FictÃ­cia 6991,"85.841.297/0001-41",2026-08-03 08:38:00.000,
6992,Empresa FictÃ­cia 6992,"85.842.314/0001-42",2026-08-03 08:38:00.000,
6993,Empresa FictÃ­cia 6993,"85.843.331/0001-43",2026-08-03 08:38:00.000,
6994,Empresa FictÃ­cia 6994,"85.844.348/0001-44",2026-08-03 08:38:00.000,
6995,Empresa FictÃ­cia 6995,"85.845.365/0001-45",2026-08-03 08:38:00.000,
6996,Empresa FictÃ­cia 6996,"85.846.382/0001-46",2026-08-03 08:38:00.000,
6997,Empresa FictÃ­cia 6997,"85.847.399/0001-47",2026-08-03 08:38:00.000,
6998,Empresa FictÃ­cia 6998,"85.848.416/0001-48",2026-08-03 08:38:00.000,
6999,Empresa FictÃ­cia 6999,"85.849.433/0001-49",2026-08-03 08:38:00.000,
7000,Empresa FictÃ­cia 7000,"85.850.450/0001-50",2026-08-03 08:38:00.000,
7001,Empresa FictÃ­cia 7001,"85.851.467/0001-51",2026-08-03 08:38:00.000,
7002,Empresa FictÃ­cia 7002,"85.852.484/0001-52",2026-08-03 08:38:00.000,
7003,Empresa FictÃ­cia 7003,"85.853.501/0001-53",2026-08-03 08:38:00.000,
7004,Empresa FictÃ­cia 7004,"85.854.518/0001-54",2026-08-03 08:38:00.000,
7005,Empresa FictÃ­cia 7005,"85.855.535/0001-55",2026-08-03 08:38:00.000,
7006,Empresa FictÃ­cia 7006,"85.856.552/0001-56",2026-08-03 08:38:00.000,
7007,Empresa FictÃ­cia 7007,"85.857.569/0001-57",2026-08-03 08:38:00.000,
7008,Empresa FictÃ­cia 7008,"85.858.586/0001-58",2026-08-03 08:38:00.000,
7009,Empresa FictÃ­cia 7009,"85.859.603/0001-59",2026-08-03 08:38:00.000,
7010,Empresa FictÃ­cia 7010,"85.860.620/0001-60",2026-08-03 08:38:00.000,
7011,Empresa FictÃ­cia 7011,"85.861.637/0001-61",2026-08-03 08:38:00.000,
7012,Empresa FictÃ­cia 7012,"85.862.654/0001-62",2026-08-03 08:38:00.000,
7013,Empresa FictÃ­cia 7013,"85.863.671/0001-63",2026-08-03 08:38:00.000,
7014,Empresa FictÃ­cia 7014,"85.864.688/0001-64",2026-08-03 08:38:00.000,
7015,Empresa FictÃ­cia 7015,"85.865.705/0001-65",2026-08-03 08:38:00.000,
7016,Empresa FictÃ­cia 7016,"85.866.722/0001-66",2026-08-03 08:38:00.000,
7017,Empresa FictÃ­cia 7017,"85.867.739/0001-67",2026-08-03 08:38:00.000,
7018,Empresa FictÃ­cia 7018,"85.868.756/0001-68",2026-08-03 08:38:00.000,
7019,Empresa FictÃ­cia 7019,"85.869.773/0001-69",2026-08-03 08:38:00.000,
7020,Empresa FictÃ­cia 7020,"85.870.790/0001-70",2026-08-03 08:38:00.000,
7021,Empresa FictÃ­cia 7021,"85.871.807/0001-71",2026-08-03 08:38:00.000,
7022,Empresa FictÃ­cia 7022,"85.872.824/0001-72",2026-08-03 08:38:00.000,
7023,Empresa FictÃ­cia 7023,"85.873.841/0001-73",2026-08-03 08:38:00.000,
7024,Empresa FictÃ­cia 7024,"85.874.858/0001-74",2026-08-03 08:38:00.000,
7025,Empresa FictÃ­cia 7025,"85.875.875/0001-75",2026-08-03 08:38:00.000,
7026,Empresa FictÃ­cia 7026,"85.876.892/0001-76",2026-08-03 08:38:00.000,
7027,Empresa FictÃ­cia 7027,"85.877.909/0001-77",2026-08-03 08:38:00.000,
7028,Empresa FictÃ­cia 7028,"85.878.926/0001-78",2026-08-03 08:38:00.000,
7029,Empresa FictÃ­cia 7029,"85.879.943/0001-79",2026-08-03 08:38:00.000,
7030,Empresa FictÃ­cia 7030,"85.880.960/0001-80",2026-08-03 08:38:00.000,
7031,Empresa FictÃ­cia 7031,"85.881.977/0001-81",2026-08-03 08:38:00.000,
7032,Empresa FictÃ­cia 7032,"85.882.994/0001-82",2026-08-03 08:38:00.000,
7033,Empresa FictÃ­cia 7033,"85.883.011/0001-83",2026-08-03 08:38:00.000,
7034,Empresa FictÃ­cia 7034,"85.884.028/0001-84",2026-08-03 08:38:00.000,
7035,Empresa FictÃ­cia 7035,"85.885.045/0001-85",2026-08-03 08:38:00.000,
7036,Empresa FictÃ­cia 7036,"85.886.062/0001-86",2026-08-03 08:38:00.000,
7037,Empresa FictÃ­cia 7037,"85.887.079/0001-87",2026-08-03 08:38:00.000,
7038,Empresa FictÃ­cia 7038,"85.888.096/0001-88",2026-08-03 08:38:00.000,
7039,Empresa FictÃ­cia 7039,"85.889.113/0001-89",2026-08-03 08:38:00.000,
7040,Empresa FictÃ­cia 7040,"85.890.130/0001-90",2026-08-03 08:38:00.000,
7041,Empresa FictÃ­cia 7041,"85.891.147/0001-91",2026-08-03 08:38:00.000,
7042,Empresa FictÃ­cia 7042,"85.892.164/0001-92",2026-08-03 08:38:00.000,
7043,Empresa FictÃ­cia 7043,"85.893.181/0001-93",2026-08-03 08:38:00.000,
7044,Empresa FictÃ­cia 7044,"85.894.198/0001-94",2026-08-03 08:38:00.000,
7045,Empresa FictÃ­cia 7045,"85.895.215/0001-95",2026-08-03 08:38:00.000,
7046,Empresa FictÃ­cia 7046,"85.896.232/0001-96",2026-08-03 08:38:00.000,
7047,Empresa FictÃ­cia 7047,"85.897.249/0001-97",2026-08-03 08:38:00.000,
7048,Empresa FictÃ­cia 7048,"85.898.266/0001-98",2026-08-03 08:38:00.000,
7049,Empresa FictÃ­cia 7049,"85.899.283/0001-99",2026-08-03 08:38:00.000,
7050,Empresa FictÃ­cia 7050,"85.900.300/0001-00",2026-08-03 08:38:00.000,
7051,Empresa FictÃ­cia 7051,"85.901.317/0001-01",2026-08-03 08:38:00.000,
7052,Empresa FictÃ­cia 7052,"85.902.334/0001-02",2026-08-03 08:38:00.000,
7053,Empresa FictÃ­cia 7053,"85.903.351/0001-03",2026-08-03 08:38:00.000,
7054,Empresa FictÃ­cia 7054,"85.904.368/0001-04",2026-08-03 08:38:00.000,
7055,Empresa FictÃ­cia 7055,"85.905.385/0001-05",2026-08-03 08:38:00.000,
7056,Empresa FictÃ­cia 7056,"85.906.402/0001-06",2026-08-03 08:38:00.000,
7057,Empresa FictÃ­cia 7057,"85.907.419/0001-07",2026-08-03 08:38:00.000,
7058,Empresa FictÃ­cia 7058,"85.908.436/0001-08",2026-08-03 08:38:00.000,
7059,Empresa FictÃ­cia 7059,"85.909.453/0001-09",2026-08-03 08:38:00.000,
7060,Empresa FictÃ­cia 7060,"85.910.470/0001-10",2026-08-03 08:38:00.000,
7061,Empresa FictÃ­cia 7061,"85.911.487/0001-11",2026-08-03 08:38:00.000,
7062,Empresa FictÃ­cia 7062,"85.912.504/0001-12",2026-08-03 08:38:00.000,
7063,Empresa FictÃ­cia 7063,"85.913.521/0001-13",2026-08-03 08:38:00.000,
7064,Empresa FictÃ­cia 7064,"85.914.538/0001-14",2026-08-03 08:38:00.000,
7065,Empresa FictÃ­cia 7065,"85.915.555/0001-15",2026-08-03 08:38:00.000,
7066,Empresa FictÃ­cia 7066,"85.916.572/0001-16",2026-08-03 08:38:00.000,
7067,Empresa FictÃ­cia 7067,"85.917.589/0001-17",2026-08-03 08:38:00.000,
7068,Empresa FictÃ­cia 7068,"85.918.606/0001-18",2026-08-03 08:38:00.000,
7069,Empresa FictÃ­cia 7069,"85.919.623/0001-19",2026-08-03 08:38:00.000,
7070,Empresa FictÃ­cia 7070,"85.920.640/0001-20",2026-08-03 08:38:00.000,
7071,Empresa FictÃ­cia 7071,"85.921.657/0001-21",2026-08-03 08:38:00.000,
7072,Empresa FictÃ­cia 7072,"85.922.674/0001-22",2026-08-03 08:38:00.000,
7073,Empresa FictÃ­cia 7073,"85.923.691/0001-23",2026-08-03 08:38:00.000,
7074,Empresa FictÃ­cia 7074,"85.924.708/0001-24",2026-08-03 08:38:00.000,
7075,Empresa FictÃ­cia 7075,"85.925.725/0001-25",2026-08-03 08:38:00.000,
7076,Empresa FictÃ­cia 7076,"85.926.742/0001-26",2026-08-03 08:38:00.000,
7077,Empresa FictÃ­cia 7077,"85.927.759/0001-27",2026-08-03 08:38:00.000,
7078,Empresa FictÃ­cia 7078,"85.928.776/0001-28",2026-08-03 08:38:00.000,
7079,Empresa FictÃ­cia 7079,"85.929.793/0001-29",2026-08-03 08:38:00.000,
7080,Empresa FictÃ­cia 7080,"85.930.810/0001-30",2026-08-03 08:38:00.000,
7081,Empresa FictÃ­cia 7081,"85.931.827/0001-31",2026-08-03 08:38:00.000,
7082,Empresa FictÃ­cia 7082,"85.932.844/0001-32",2026-08-03 08:38:00.000,
7083,Empresa FictÃ­cia 7083,"85.933.861/0001-33",2026-08-03 08:38:00.000,
7084,Empresa FictÃ­cia 7084,"85.934.878/0001-34",2026-08-03 08:38:00.000,
7085,Empresa FictÃ­cia 7085,"85.935.895/0001-35",2026-08-03 08:38:00.000,
7086,Empresa FictÃ­cia 7086,"85.936.912/0001-36",2026-08-03 08:38:00.000,
7087,Empresa FictÃ­cia 7087,"85.937.929/0001-37",2026-08-03 08:38:00.000,
7088,Empresa FictÃ­cia 7088,"85.938.946/0001-38",2026-08-03 08:38:00.000,
7089,Empresa FictÃ­cia 7089,"85.939.963/0001-39",2026-08-03 08:38:00.000,
7090,Empresa FictÃ­cia 7090,"85.940.980/0001-40",2026-08-03 08:38:00.000,
7091,Empresa FictÃ­cia 7091,"85.941.997/0001-41",2026-08-03 08:38:00.000,
7092,Empresa FictÃ­cia 7092,"85.942.014/0001-42",2026-08-03 08:38:00.000,
7093,Empresa FictÃ­cia 7093,"85.943.031/0001-43",2026-08-03 08:38:00.000,
7094,Empresa FictÃ­cia 7094,"85.944.048/0001-44",2026-08-03 08:38:00.000,
7095,Empresa FictÃ­cia 7095,"85.945.065/0001-45",2026-08-03 08:38:00.000,
7096,Empresa FictÃ­cia 7096,"85.946.082/0001-46",2026-08-03 08:38:00.000,
7097,Empresa FictÃ­cia 7097,"85.947.099/0001-47",2026-08-03 08:38:00.000,
7098,Empresa FictÃ­cia 7098,"85.948.116/0001-48",2026-08-03 08:38:00.000,
7099,Empresa FictÃ­cia 7099,"85.949.133/0001-49",2026-08-03 08:38:00.000,
7100,Empresa FictÃ­cia 7100,"85.950.150/0001-50",2026-08-03 08:38:00.000,
7101,Empresa FictÃ­cia 7101,"85.951.167/0001-51",2026-08-03 08:38:00.000,
7102,Empresa FictÃ­cia 7102,"85.952.184/0001-52",2026-08-03 08:38:00.000,
7103,Empresa FictÃ­cia 7103,"85.953.201/0001-53",2026-08-03 08:38:00.000,
7104,Empresa FictÃ­cia 7104,"85.954.218/0001-54",2026-08-03 08:38:00.000,
7105,Empresa FictÃ­cia 7105,"85.955.235/0001-55",2026-08-03 08:38:00.000,
7106,Empresa FictÃ­cia 7106,"85.956.252/0001-56",2026-08-03 08:38:00.000,
7107,Empresa FictÃ­cia 7107,"85.957.269/0001-57",2026-08-03 08:38:00.000,
7108,Empresa FictÃ­cia 7108,"85.958.286/0001-58",2026-08-03 08:38:00.000,
7109,Empresa FictÃ­cia 7109,"85.959.303/0001-59",2026-08-03 08:38:00.000,
7110,Empresa FictÃ­cia 7110,"85.960.320/0001-60",2026-08-03 08:38:00.000,
7111,Empresa FictÃ­cia 7111,"85.961.337/0001-61",2026-08-03 08:38:00.000,
7112,Empresa FictÃ­cia 7112,"85.962.354/0001-62",2026-08-03 08:38:00.000,
7113,Empresa FictÃ­cia 7113,"85.963.371/0001-63",2026-08-03 08:38:00.000,
7114,Empresa FictÃ­cia 7114,"85.964.388/0001-64",2026-08-03 08:38:00.000,
7115,Empresa FictÃ­cia 7115,"85.965.405/0001-65",2026-08-03 08:38:00.000,
7116,Empresa FictÃ­cia 7116,"85.966.422/0001-66",2026-08-03 08:38:00.000,
7117,Empresa FictÃ­cia 7117,"85.967.439/0001-67",2026-08-03 08:38:00.000,
7118,Empresa FictÃ­cia 7118,"85.968.456/0001-68",2026-08-03 08:38:00.000,
7119,Empresa FictÃ­cia 7119,"85.969.473/0001-69",2026-08-03 08:38:00.000,
7120,Empresa FictÃ­cia 7120,"85.970.490/0001-70",2026-08-03 08:38:00.000,
7121,Empresa FictÃ­cia 7121,"85.971.507/0001-71",2026-08-03 08:38:00.000,
7122,Empresa FictÃ­cia 7122,"85.972.524/0001-72",2026-08-03 08:38:00.000,
7123,Empresa FictÃ­cia 7123,"85.973.541/0001-73",2026-08-03 08:38:00.000,
7124,Empresa FictÃ­cia 7124,"85.974.558/0001-74",2026-08-03 08:38:00.000,
7125,Empresa FictÃ­cia 7125,"85.975.575/0001-75",2026-08-03 08:38:00.000,
7126,Empresa FictÃ­cia 7126,"85.976.592/0001-76",2026-08-03 08:38:00.000,
7127,Empresa FictÃ­cia 7127,"85.977.609/0001-77",2026-08-03 08:38:00.000,
7128,Empresa FictÃ­cia 7128,"85.978.626/0001-78",2026-08-03 08:38:00.000,
7129,Empresa FictÃ­cia 7129,"85.979.643/0001-79",2026-08-03 08:38:00.000,
7130,Empresa FictÃ­cia 7130,"85.980.660/0001-80",2026-08-03 08:38:00.000,
7131,Empresa FictÃ­cia 7131,"85.981.677/0001-81",2026-08-03 08:38:00.000,
7132,Empresa FictÃ­cia 7132,"85.982.694/0001-82",2026-08-03 08:38:00.000,
7133,Empresa FictÃ­cia 7133,"85.983.711/0001-83",2026-08-03 08:38:00.000,
7134,Empresa FictÃ­cia 7134,"85.984.728/0001-84",2026-08-03 08:38:00.000,
7135,Empresa FictÃ­cia 7135,"85.985.745/0001-85",2026-08-03 08:38:00.000,
7136,Empresa FictÃ­cia 7136,"85.986.762/0001-86",2026-08-03 08:38:00.000,
7137,Empresa FictÃ­cia 7137,"85.987.779/0001-87",2026-08-03 08:38:00.000,
7138,Empresa FictÃ­cia 7138,"85.988.796/0001-88",2026-08-03 08:38:00.000,
7139,Empresa FictÃ­cia 7139,"85.989.813/0001-89",2026-08-03 08:38:00.000,
7140,Empresa FictÃ­cia 7140,"85.990.830/0001-90",2026-08-03 08:38:00.000,
7141,Empresa FictÃ­cia 7141,"85.991.847/0001-91",2026-08-03 08:38:00.000,
7142,Empresa FictÃ­cia 7142,"85.992.864/0001-92",2026-08-03 08:38:00.000,
7143,Empresa FictÃ­cia 7143,"85.993.881/0001-93",2026-08-03 08:38:00.000,
7144,Empresa FictÃ­cia 7144,"85.994.898/0001-94",2026-08-03 08:38:00.000,
7145,Empresa FictÃ­cia 7145,"85.995.915/0001-95",2026-08-03 08:38:00.000,
7146,Empresa FictÃ­cia 7146,"85.996.932/0001-96",2026-08-03 08:38:00.000,
7147,Empresa FictÃ­cia 7147,"85.997.949/0001-97",2026-08-03 08:38:00.000,
7148,Empresa FictÃ­cia 7148,"85.998.966/0001-98",2026-08-03 08:38:00.000,
7149,Empresa FictÃ­cia 7149,"85.999.983/0001-99",2026-08-03 08:38:00.000,
7150,Empresa FictÃ­cia 7150,"86.000.000/0001-00",2026-08-03 08:38:00.000,
7151,Empresa FictÃ­cia 7151,"86.001.017/0001-01",2026-08-03 08:38:00.000,
7152,Empresa FictÃ­cia 7152,"86.002.034/0001-02",2026-08-03 08:38:00.000,
7153,Empresa FictÃ­cia 7153,"86.003.051/0001-03",2026-08-03 08:38:00.000,
7154,Empresa FictÃ­cia 7154,"86.004.068/0001-04",2026-08-03 08:38:00.000,
7155,Empresa FictÃ­cia 7155,"86.005.085/0001-05",2026-08-03 08:38:00.000,
7156,Empresa FictÃ­cia 7156,"86.006.102/0001-06",2026-08-03 08:38:00.000,
7157,Empresa FictÃ­cia 7157,"86.007.119/0001-07",2026-08-03 08:38:00.000,
7158,Empresa FictÃ­cia 7158,"86.008.136/0001-08",2026-08-03 08:38:00.000,
7159,Empresa FictÃ­cia 7159,"86.009.153/0001-09",2026-08-03 08:38:00.000,
7160,Empresa FictÃ­cia 7160,"86.010.170/0001-10",2026-08-03 08:38:00.000,
7161,Empresa FictÃ­cia 7161,"86.011.187/0001-11",2026-08-03 08:38:00.000,
7162,Empresa FictÃ­cia 7162,"86.012.204/0001-12",2026-08-03 08:38:00.000,
7163,Empresa FictÃ­cia 7163,"86.013.221/0001-13",2026-08-03 08:38:00.000,
7164,Empresa FictÃ­cia 7164,"86.014.238/0001-14",2026-08-03 08:38:00.000,
7165,Empresa FictÃ­cia 7165,"86.015.255/0001-15",2026-08-03 08:38:00.000,
7166,Empresa FictÃ­cia 7166,"86.016.272/0001-16",2026-08-03 08:38:00.000,
7167,Empresa FictÃ­cia 7167,"86.017.289/0001-17",2026-08-03 08:38:00.000,
7168,Empresa FictÃ­cia 7168,"86.018.306/0001-18",2026-08-03 08:38:00.000,
7169,Empresa FictÃ­cia 7169,"86.019.323/0001-19",2026-08-03 08:38:00.000,
7170,Empresa FictÃ­cia 7170,"86.020.340/0001-20",2026-08-03 08:38:00.000,
7171,Empresa FictÃ­cia 7171,"86.021.357/0001-21",2026-08-03 08:38:00.000,
7172,Empresa FictÃ­cia 7172,"86.022.374/0001-22",2026-08-03 08:38:00.000,
7173,Empresa FictÃ­cia 7173,"86.023.391/0001-23",2026-08-03 08:38:00.000,
7174,Empresa FictÃ­cia 7174,"86.024.408/0001-24",2026-08-03 08:38:00.000,
7175,Empresa FictÃ­cia 7175,"86.025.425/0001-25",2026-08-03 08:38:00.000,
7176,Empresa FictÃ­cia 7176,"86.026.442/0001-26",2026-08-03 08:38:00.000,
7177,Empresa FictÃ­cia 7177,"86.027.459/0001-27",2026-08-03 08:38:00.000,
7178,Empresa FictÃ­cia 7178,"86.028.476/0001-28",2026-08-03 08:38:00.000,
7179,Empresa FictÃ­cia 7179,"86.029.493/0001-29",2026-08-03 08:38:00.000,
7180,Empresa FictÃ­cia 7180,"86.030.510/0001-30",2026-08-03 08:38:00.000,
7181,Empresa FictÃ­cia 7181,"86.031.527/0001-31",2026-08-03 08:38:00.000,
7182,Empresa FictÃ­cia 7182,"86.032.544/0001-32",2026-08-03 08:38:00.000,
7183,Empresa FictÃ­cia 7183,"86.033.561/0001-33",2026-08-03 08:38:00.000,
7184,Empresa FictÃ­cia 7184,"86.034.578/0001-34",2026-08-03 08:38:00.000,
7185,Empresa FictÃ­cia 7185,"86.035.595/0001-35",2026-08-03 08:38:00.000,
7186,Empresa FictÃ­cia 7186,"86.036.612/0001-36",2026-08-03 08:38:00.000,
7187,Empresa FictÃ­cia 7187,"86.037.629/0001-37",2026-08-03 08:38:00.000,
7188,Empresa FictÃ­cia 7188,"86.038.646/0001-38",2026-08-03 08:38:00.000,
7189,Empresa FictÃ­cia 7189,"86.039.663/0001-39",2026-08-03 08:38:00.000,
7190,Empresa FictÃ­cia 7190,"86.040.680/0001-40",2026-08-03 08:38:00.000,
7191,Empresa FictÃ­cia 7191,"86.041.697/0001-41",2026-08-03 08:38:00.000,
7192,Empresa FictÃ­cia 7192,"86.042.714/0001-42",2026-08-03 08:38:00.000,
7193,Empresa FictÃ­cia 7193,"86.043.731/0001-43",2026-08-03 08:38:00.000,
7194,Empresa FictÃ­cia 7194,"86.044.748/0001-44",2026-08-03 08:38:00.000,
7195,Empresa FictÃ­cia 7195,"86.045.765/0001-45",2026-08-03 08:38:00.000,
7196,Empresa FictÃ­cia 7196,"86.046.782/0001-46",2026-08-03 08:38:00.000,
7197,Empresa FictÃ­cia 7197,"86.047.799/0001-47",2026-08-03 08:38:00.000,
7198,Empresa FictÃ­cia 7198,"86.048.816/0001-48",2026-08-03 08:38:00.000,
7199,Empresa FictÃ­cia 7199,"86.049.833/0001-49",2026-08-03 08:38:00.000,
7200,Empresa FictÃ­cia 7200,"86.050.850/0001-50",2026-08-03 08:38:00.000,
7201,Empresa FictÃ­cia 7201,"86.051.867/0001-51",2026-08-03 08:38:00.000,
7202,Empresa FictÃ­cia 7202,"86.052.884/0001-52",2026-08-03 08:38:00.000,
7203,Empresa FictÃ­cia 7203,"86.053.901/0001-53",2026-08-03 08:38:00.000,
7204,Empresa FictÃ­cia 7204,"86.054.918/0001-54",2026-08-03 08:38:00.000,
7205,Empresa FictÃ­cia 7205,"86.055.935/0001-55",2026-08-03 08:38:00.000,
7206,Empresa FictÃ­cia 7206,"86.056.952/0001-56",2026-08-03 08:38:00.000,
7207,Empresa FictÃ­cia 7207,"86.057.969/0001-57",2026-08-03 08:38:00.000,
7208,Empresa FictÃ­cia 7208,"86.058.986/0001-58",2026-08-03 08:38:00.000,
7209,Empresa FictÃ­cia 7209,"86.059.003/0001-59",2026-08-03 08:38:00.000,
7210,Empresa FictÃ­cia 7210,"86.060.020/0001-60",2026-08-03 08:38:00.000,
7211,Empresa FictÃ­cia 7211,"86.061.037/0001-61",2026-08-03 08:38:00.000,
7212,Empresa FictÃ­cia 7212,"86.062.054/0001-62",2026-08-03 08:38:00.000,
7213,Empresa FictÃ­cia 7213,"86.063.071/0001-63",2026-08-03 08:38:00.000,
7214,Empresa FictÃ­cia 7214,"86.064.088/0001-64",2026-08-03 08:38:00.000,
7215,Empresa FictÃ­cia 7215,"86.065.105/0001-65",2026-08-03 08:38:00.000,
7216,Empresa FictÃ­cia 7216,"86.066.122/0001-66",2026-08-03 08:38:00.000,
7217,Empresa FictÃ­cia 7217,"86.067.139/0001-67",2026-08-03 08:38:00.000,
7218,Empresa FictÃ­cia 7218,"86.068.156/0001-68",2026-08-03 08:38:00.000,
7219,Empresa FictÃ­cia 7219,"86.069.173/0001-69",2026-08-03 08:38:00.000,
7220,Empresa FictÃ­cia 7220,"86.070.190/0001-70",2026-08-03 08:38:00.000,
7221,Empresa FictÃ­cia 7221,"86.071.207/0001-71",2026-08-03 08:38:00.000,
7222,Empresa FictÃ­cia 7222,"86.072.224/0001-72",2026-08-03 08:38:00.000,
7223,Empresa FictÃ­cia 7223,"86.073.241/0001-73",2026-08-03 08:38:00.000,
7224,Empresa FictÃ­cia 7224,"86.074.258/0001-74",2026-08-03 08:38:00.000,
7225,Empresa FictÃ­cia 7225,"86.075.275/0001-75",2026-08-03 08:38:00.000,
7226,Empresa FictÃ­cia 7226,"86.076.292/0001-76",2026-08-03 08:38:00.000,
7227,Empresa FictÃ­cia 7227,"86.077.309/0001-77",2026-08-03 08:38:00.000,
7228,Empresa FictÃ­cia 7228,"86.078.326/0001-78",2026-08-03 08:38:00.000,
7229,Empresa FictÃ­cia 7229,"86.079.343/0001-79",2026-08-03 08:38:00.000,
7230,Empresa FictÃ­cia 7230,"86.080.360/0001-80",2026-08-03 08:38:00.000,
7231,Empresa FictÃ­cia 7231,"86.081.377/0001-81",2026-08-03 08:38:00.000,
7232,Empresa FictÃ­cia 7232,"86.082.394/0001-82",2026-08-03 08:38:00.000,
7233,Empresa FictÃ­cia 7233,"86.083.411/0001-83",2026-08-03 08:38:00.000,
7234,Empresa FictÃ­cia 7234,"86.084.428/0001-84",2026-08-03 08:38:00.000,
7235,Empresa FictÃ­cia 7235,"86.085.445/0001-85",2026-08-03 08:38:00.000,
7236,Empresa FictÃ­cia 7236,"86.086.462/0001-86",2026-08-03 08:38:00.000,
7237,Empresa FictÃ­cia 7237,"86.087.479/0001-87",2026-08-03 08:38:00.000,
7238,Empresa FictÃ­cia 7238,"86.088.496/0001-88",2026-08-03 08:38:00.000,
7239,Empresa FictÃ­cia 7239,"86.089.513/0001-89",2026-08-03 08:38:00.000,
7240,Empresa FictÃ­cia 7240,"86.090.530/0001-90",2026-08-03 08:38:00.000,
7241,Empresa FictÃ­cia 7241,"86.091.547/0001-91",2026-08-03 08:38:00.000,
7242,Empresa FictÃ­cia 7242,"86.092.564/0001-92",2026-08-03 08:38:00.000,
7243,Empresa FictÃ­cia 7243,"86.093.581/0001-93",2026-08-03 08:38:00.000,
7244,Empresa FictÃ­cia 7244,"86.094.598/0001-94",2026-08-03 08:38:00.000,
7245,Empresa FictÃ­cia 7245,"86.095.615/0001-95",2026-08-03 08:38:00.000,
7246,Empresa FictÃ­cia 7246,"86.096.632/0001-96",2026-08-03 08:38:00.000,
7247,Empresa FictÃ­cia 7247,"86.097.649/0001-97",2026-08-03 08:38:00.000,
7248,Empresa FictÃ­cia 7248,"86.098.666/0001-98",2026-08-03 08:38:00.000,
7249,Empresa FictÃ­cia 7249,"86.099.683/0001-99",2026-08-03 08:38:00.000,
7250,Empresa FictÃ­cia 7250,"86.100.700/0001-00",2026-08-03 08:38:00.000,
7251,Empresa FictÃ­cia 7251,"86.101.717/0001-01",2026-08-03 08:38:00.000,
7252,Empresa FictÃ­cia 7252,"86.102.734/0001-02",2026-08-03 08:38:00.000,
7253,Empresa FictÃ­cia 7253,"86.103.751/0001-03",2026-08-03 08:38:00.000,
7254,Empresa FictÃ­cia 7254,"86.104.768/0001-04",2026-08-03 08:38:00.000,
7255,Empresa FictÃ­cia 7255,"86.105.785/0001-05",2026-08-03 08:38:00.000,
7256,Empresa FictÃ­cia 7256,"86.106.802/0001-06",2026-08-03 08:38:00.000,
7257,Empresa FictÃ­cia 7257,"86.107.819/0001-07",2026-08-03 08:38:00.000,
7258,Empresa FictÃ­cia 7258,"86.108.836/0001-08",2026-08-03 08:38:00.000,
7259,Empresa FictÃ­cia 7259,"86.109.853/0001-09",2026-08-03 08:38:00.000,
7260,Empresa FictÃ­cia 7260,"86.110.870/0001-10",2026-08-03 08:38:00.000,
7261,Empresa FictÃ­cia 7261,"86.111.887/0001-11",2026-08-03 08:38:00.000,
7262,Empresa FictÃ­cia 7262,"86.112.904/0001-12",2026-08-03 08:38:00.000,
7263,Empresa FictÃ­cia 7263,"86.113.921/0001-13",2026-08-03 08:38:00.000,
7264,Empresa FictÃ­cia 7264,"86.114.938/0001-14",2026-08-03 08:38:00.000,
7265,Empresa FictÃ­cia 7265,"86.115.955/0001-15",2026-08-03 08:38:00.000,
7266,Empresa FictÃ­cia 7266,"86.116.972/0001-16",2026-08-03 08:38:00.000,
7267,Empresa FictÃ­cia 7267,"86.117.989/0001-17",2026-08-03 08:38:00.000,
7268,Empresa FictÃ­cia 7268,"86.118.006/0001-18",2026-08-03 08:38:00.000,
7269,Empresa FictÃ­cia 7269,"86.119.023/0001-19",2026-08-03 08:38:00.000,
7270,Empresa FictÃ­cia 7270,"86.120.040/0001-20",2026-08-03 08:38:00.000,
7271,Empresa FictÃ­cia 7271,"86.121.057/0001-21",2026-08-03 08:38:00.000,
7272,Empresa FictÃ­cia 7272,"86.122.074/0001-22",2026-08-03 08:38:00.000,
7273,Empresa FictÃ­cia 7273,"86.123.091/0001-23",2026-08-03 08:38:00.000,
7274,Empresa FictÃ­cia 7274,"86.124.108/0001-24",2026-08-03 08:38:00.000,
7275,Empresa FictÃ­cia 7275,"86.125.125/0001-25",2026-08-03 08:38:00.000,
7276,Empresa FictÃ­cia 7276,"86.126.142/0001-26",2026-08-03 08:38:00.000,
7277,Empresa FictÃ­cia 7277,"86.127.159/0001-27",2026-08-03 08:38:00.000,
7278,Empresa FictÃ­cia 7278,"86.128.176/0001-28",2026-08-03 08:38:00.000,
7279,Empresa FictÃ­cia 7279,"86.129.193/0001-29",2026-08-03 08:38:00.000,
7280,Empresa FictÃ­cia 7280,"86.130.210/0001-30",2026-08-03 08:38:00.000,
7281,Empresa FictÃ­cia 7281,"86.131.227/0001-31",2026-08-03 08:38:00.000,
7282,Empresa FictÃ­cia 7282,"86.132.244/0001-32",2026-08-03 08:38:00.000,
7283,Empresa FictÃ­cia 7283,"86.133.261/0001-33",2026-08-03 08:38:00.000,
7284,Empresa FictÃ­cia 7284,"86.134.278/0001-34",2026-08-03 08:38:00.000,
7285,Empresa FictÃ­cia 7285,"86.135.295/0001-35",2026-08-03 08:38:00.000,
7286,Empresa FictÃ­cia 7286,"86.136.312/0001-36",2026-08-03 08:38:00.000,
7287,Empresa FictÃ­cia 7287,"86.137.329/0001-37",2026-08-03 08:38:00.000,
7288,Empresa FictÃ­cia 7288,"86.138.346/0001-38",2026-08-03 08:38:00.000,
7289,Empresa FictÃ­cia 7289,"86.139.363/0001-39",2026-08-03 08:38:00.000,
7290,Empresa FictÃ­cia 7290,"86.140.380/0001-40",2026-08-03 08:38:00.000,
7291,Empresa FictÃ­cia 7291,"86.141.397/0001-41",2026-08-03 08:38:00.000,
7292,Empresa FictÃ­cia 7292,"86.142.414/0001-42",2026-08-03 08:38:00.000,
7293,Empresa FictÃ­cia 7293,"86.143.431/0001-43",2026-08-03 08:38:00.000,
7294,Empresa FictÃ­cia 7294,"86.144.448/0001-44",2026-08-03 08:38:00.000,
7295,Empresa FictÃ­cia 7295,"86.145.465/0001-45",2026-08-03 08:38:00.000,
7296,Empresa FictÃ­cia 7296,"86.146.482/0001-46",2026-08-03 08:38:00.000,
7297,Empresa FictÃ­cia 7297,"86.147.499/0001-47",2026-08-03 08:38:00.000,
7298,Empresa FictÃ­cia 7298,"86.148.516/0001-48",2026-08-03 08:38:00.000,
7299,Empresa FictÃ­cia 7299,"86.149.533/0001-49",2026-08-03 08:38:00.000,
7300,Empresa FictÃ­cia 7300,"86.150.550/0001-50",2026-08-03 08:38:00.000,
7301,Empresa FictÃ­cia 7301,"86.151.567/0001-51",2026-08-03 08:38:00.000,
7302,Empresa FictÃ­cia 7302,"86.152.584/0001-52",2026-08-03 08:38:00.000,
7303,Empresa FictÃ­cia 7303,"86.153.601/0001-53",2026-08-03 08:38:00.000,
7304,Empresa FictÃ­cia 7304,"86.154.618/0001-54",2026-08-03 08:38:00.000,
7305,Empresa FictÃ­cia 7305,"86.155.635/0001-55",2026-08-03 08:38:00.000,
7306,Empresa FictÃ­cia 7306,"86.156.652/0001-56",2026-08-03 08:38:00.000,
7307,Empresa FictÃ­cia 7307,"86.157.669/0001-57",2026-08-03 08:38:00.000,
7308,Empresa FictÃ­cia 7308,"86.158.686/0001-58",2026-08-03 08:38:00.000,
7309,Empresa FictÃ­cia 7309,"86.159.703/0001-59",2026-08-03 08:38:00.000,
7310,Empresa FictÃ­cia 7310,"86.160.720/0001-60",2026-08-03 08:38:00.000,
7311,Empresa FictÃ­cia 7311,"86.161.737/0001-61",2026-08-03 08:38:00.000,
7312,Empresa FictÃ­cia 7312,"86.162.754/0001-62",2026-08-03 08:38:00.000,
7313,Empresa FictÃ­cia 7313,"86.163.771/0001-63",2026-08-03 08:38:00.000,
7314,Empresa FictÃ­cia 7314,"86.164.788/0001-64",2026-08-03 08:38:00.000,
7315,Empresa FictÃ­cia 7315,"86.165.805/0001-65",2026-08-03 08:38:00.000,
7316,Empresa FictÃ­cia 7316,"86.166.822/0001-66",2026-08-03 08:38:00.000,
7317,Empresa FictÃ­cia 7317,"86.167.839/0001-67",2026-08-03 08:38:00.000,
7318,Empresa FictÃ­cia 7318,"86.168.856/0001-68",2026-08-03 08:38:00.000,
7319,Empresa FictÃ­cia 7319,"86.169.873/0001-69",2026-08-03 08:38:00.000,
7320,Empresa FictÃ­cia 7320,"86.170.890/0001-70",2026-08-03 08:38:00.000,
7321,Empresa FictÃ­cia 7321,"86.171.907/0001-71",2026-08-03 08:38:00.000,
7322,Empresa FictÃ­cia 7322,"86.172.924/0001-72",2026-08-03 08:38:00.000,
7323,Empresa FictÃ­cia 7323,"86.173.941/0001-73",2026-08-03 08:38:00.000,
7324,Empresa FictÃ­cia 7324,"86.174.958/0001-74",2026-08-03 08:38:00.000,
7325,Empresa FictÃ­cia 7325,"86.175.975/0001-75",2026-08-03 08:38:00.000,
7326,Empresa FictÃ­cia 7326,"86.176.992/0001-76",2026-08-03 08:38:00.000,
7327,Empresa FictÃ­cia 7327,"86.177.009/0001-77",2026-08-03 08:38:00.000,
7328,Empresa FictÃ­cia 7328,"86.178.026/0001-78",2026-08-03 08:38:00.000,
7329,Empresa FictÃ­cia 7329,"86.179.043/0001-79",2026-08-03 08:38:00.000,
7330,Empresa FictÃ­cia 7330,"86.180.060/0001-80",2026-08-03 08:38:00.000,
7331,Empresa FictÃ­cia 7331,"86.181.077/0001-81",2026-08-03 08:38:00.000,
7332,Empresa FictÃ­cia 7332,"86.182.094/0001-82",2026-08-03 08:38:00.000,
7333,Empresa FictÃ­cia 7333,"86.183.111/0001-83",2026-08-03 08:38:00.000,
7334,Empresa FictÃ­cia 7334,"86.184.128/0001-84",2026-08-03 08:38:00.000,
7335,Empresa FictÃ­cia 7335,"86.185.145/0001-85",2026-08-03 08:38:00.000,
7336,Empresa FictÃ­cia 7336,"86.186.162/0001-86",2026-08-03 08:38:00.000,
7337,Empresa FictÃ­cia 7337,"86.187.179/0001-87",2026-08-03 08:38:00.000,
7338,Empresa FictÃ­cia 7338,"86.188.196/0001-88",2026-08-03 08:38:00.000,
7339,Empresa FictÃ­cia 7339,"86.189.213/0001-89",2026-08-03 08:38:00.000,
7340,Empresa FictÃ­cia 7340,"86.190.230/0001-90",2026-08-03 08:38:00.000,
7341,Empresa FictÃ­cia 7341,"86.191.247/0001-91",2026-08-03 08:38:00.000,
7342,Empresa FictÃ­cia 7342,"86.192.264/0001-92",2026-08-03 08:38:00.000,
7343,Empresa FictÃ­cia 7343,"86.193.281/0001-93",2026-08-03 08:38:00.000,
7344,Empresa FictÃ­cia 7344,"86.194.298/0001-94",2026-08-03 08:38:00.000,
7345,Empresa FictÃ­cia 7345,"86.195.315/0001-95",2026-08-03 08:38:00.000,
7346,Empresa FictÃ­cia 7346,"86.196.332/0001-96",2026-08-03 08:38:00.000,
7347,Empresa FictÃ­cia 7347,"86.197.349/0001-97",2026-08-03 08:38:00.000,
7348,Empresa FictÃ­cia 7348,"86.198.366/0001-98",2026-08-03 08:38:00.000,
7349,Empresa FictÃ­cia 7349,"86.199.383/0001-99",2026-08-03 08:38:00.000,
7350,Empresa FictÃ­cia 7350,"86.200.400/0001-00",2026-08-03 08:38:00.000,
7351,Empresa FictÃ­cia 7351,"86.201.417/0001-01",2026-08-03 08:38:00.000,
7352,Empresa FictÃ­cia 7352,"86.202.434/0001-02",2026-08-03 08:38:00.000,
7353,Empresa FictÃ­cia 7353,"86.203.451/0001-03",2026-08-03 08:38:00.000,
7354,Empresa FictÃ­cia 7354,"86.204.468/0001-04",2026-08-03 08:38:00.000,
7355,Empresa FictÃ­cia 7355,"86.205.485/0001-05",2026-08-03 08:38:00.000,
7356,Empresa FictÃ­cia 7356,"86.206.502/0001-06",2026-08-03 08:38:00.000,
7357,Empresa FictÃ­cia 7357,"86.207.519/0001-07",2026-08-03 08:38:00.000,
7358,Empresa FictÃ­cia 7358,"86.208.536/0001-08",2026-08-03 08:38:00.000,
7359,Empresa FictÃ­cia 7359,"86.209.553/0001-09",2026-08-03 08:38:00.000,
7360,Empresa FictÃ­cia 7360,"86.210.570/0001-10",2026-08-03 08:38:00.000,
7361,Empresa FictÃ­cia 7361,"86.211.587/0001-11",2026-08-03 08:38:00.000,
7362,Empresa FictÃ­cia 7362,"86.212.604/0001-12",2026-08-03 08:38:00.000,
7363,Empresa FictÃ­cia 7363,"86.213.621/0001-13",2026-08-03 08:38:00.000,
7364,Empresa FictÃ­cia 7364,"86.214.638/0001-14",2026-08-03 08:38:00.000,
7365,Empresa FictÃ­cia 7365,"86.215.655/0001-15",2026-08-03 08:38:00.000,
7366,Empresa FictÃ­cia 7366,"86.216.672/0001-16",2026-08-03 08:38:00.000,
7367,Empresa FictÃ­cia 7367,"86.217.689/0001-17",2026-08-03 08:38:00.000,
7368,Empresa FictÃ­cia 7368,"86.218.706/0001-18",2026-08-03 08:38:00.000,
7369,Empresa FictÃ­cia 7369,"86.219.723/0001-19",2026-08-03 08:38:00.000,
7370,Empresa FictÃ­cia 7370,"86.220.740/0001-20",2026-08-03 08:38:00.000,
7371,Empresa FictÃ­cia 7371,"86.221.757/0001-21",2026-08-03 08:38:00.000,
7372,Empresa FictÃ­cia 7372,"86.222.774/0001-22",2026-08-03 08:38:00.000,
7373,Empresa FictÃ­cia 7373,"86.223.791/0001-23",2026-08-03 08:38:00.000,
7374,Empresa FictÃ­cia 7374,"86.224.808/0001-24",2026-08-03 08:38:00.000,
7375,Empresa FictÃ­cia 7375,"86.225.825/0001-25",2026-08-03 08:38:00.000,
7376,Empresa FictÃ­cia 7376,"86.226.842/0001-26",2026-08-03 08:38:00.000,
7377,Empresa FictÃ­cia 7377,"86.227.859/0001-27",2026-08-03 08:38:00.000,
7378,Empresa FictÃ­cia 7378,"86.228.876/0001-28",2026-08-03 08:38:00.000,
7379,Empresa FictÃ­cia 7379,"86.229.893/0001-29",2026-08-03 08:38:00.000,
7380,Empresa FictÃ­cia 7380,"86.230.910/0001-30",2026-08-03 08:38:00.000,
7381,Empresa FictÃ­cia 7381,"86.231.927/0001-31",2026-08-03 08:38:00.000,
7382,Empresa FictÃ­cia 7382,"86.232.944/0001-32",2026-08-03 08:38:00.000,
7383,Empresa FictÃ­cia 7383,"86.233.961/0001-33",2026-08-03 08:38:00.000,
7384,Empresa FictÃ­cia 7384,"86.234.978/0001-34",2026-08-03 08:38:00.000,
7385,Empresa FictÃ­cia 7385,"86.235.995/0001-35",2026-08-03 08:38:00.000,
7386,Empresa FictÃ­cia 7386,"86.236.012/0001-36",2026-08-03 08:38:00.000,
7387,Empresa FictÃ­cia 7387,"86.237.029/0001-37",2026-08-03 08:38:00.000,
7388,Empresa FictÃ­cia 7388,"86.238.046/0001-38",2026-08-03 08:38:00.000,
7389,Empresa FictÃ­cia 7389,"86.239.063/0001-39",2026-08-03 08:38:00.000,
7390,Empresa FictÃ­cia 7390,"86.240.080/0001-40",2026-08-03 08:38:00.000,
7391,Empresa FictÃ­cia 7391,"86.241.097/0001-41",2026-08-03 08:38:00.000,
7392,Empresa FictÃ­cia 7392,"86.242.114/0001-42",2026-08-03 08:38:00.000,
7393,Empresa FictÃ­cia 7393,"86.243.131/0001-43",2026-08-03 08:38:00.000,
7394,Empresa FictÃ­cia 7394,"86.244.148/0001-44",2026-08-03 08:38:00.000,
7395,Empresa FictÃ­cia 7395,"86.245.165/0001-45",2026-08-03 08:38:00.000,
7396,Empresa FictÃ­cia 7396,"86.246.182/0001-46",2026-08-03 08:38:00.000,
7397,Empresa FictÃ­cia 7397,"86.247.199/0001-47",2026-08-03 08:38:00.000,
7398,Empresa FictÃ­cia 7398,"86.248.216/0001-48",2026-08-03 08:38:00.000,
7399,Empresa FictÃ­cia 7399,"86.249.233/0001-49",2026-08-03 08:38:00.000,
7400,Empresa FictÃ­cia 7400,"86.250.250/0001-50",2026-08-03 08:38:00.000,
7401,Empresa FictÃ­cia 7401,"86.251.267/0001-51",2026-08-03 08:38:00.000,
7402,Empresa FictÃ­cia 7402,"86.252.284/0001-52",2026-08-03 08:38:00.000,
7403,Empresa FictÃ­cia 7403,"86.253.301/0001-53",2026-08-03 08:38:00.000,
7404,Empresa FictÃ­cia 7404,"86.254.318/0001-54",2026-08-03 08:38:00.000,
7405,Empresa FictÃ­cia 7405,"86.255.335/0001-55",2026-08-03 08:38:00.000,
7406,Empresa FictÃ­cia 7406,"86.256.352/0001-56",2026-08-03 08:38:00.000,
7407,Empresa FictÃ­cia 7407,"86.257.369/0001-57",2026-08-03 08:38:00.000,
7408,Empresa FictÃ­cia 7408,"86.258.386/0001-58",2026-08-03 08:38:00.000,
7409,Empresa FictÃ­cia 7409,"86.259.403/0001-59",2026-08-03 08:38:00.000,
7410,Empresa FictÃ­cia 7410,"86.260.420/0001-60",2026-08-03 08:38:00.000,
7411,Empresa FictÃ­cia 7411,"86.261.437/0001-61",2026-08-03 08:38:00.000,
7412,Empresa FictÃ­cia 7412,"86.262.454/0001-62",2026-08-03 08:38:00.000,
7413,Empresa FictÃ­cia 7413,"86.263.471/0001-63",2026-08-03 08:38:00.000,
7414,Empresa FictÃ­cia 7414,"86.264.488/0001-64",2026-08-03 08:38:00.000,
7415,Empresa FictÃ­cia 7415,"86.265.505/0001-65",2026-08-03 08:38:00.000,
7416,Empresa FictÃ­cia 7416,"86.266.522/0001-66",2026-08-03 08:38:00.000,
7417,Empresa FictÃ­cia 7417,"86.267.539/0001-67",2026-08-03 08:38:00.000,
7418,Empresa FictÃ­cia 7418,"86.268.556/0001-68",2026-08-03 08:38:00.000,
7419,Empresa FictÃ­cia 7419,"86.269.573/0001-69",2026-08-03 08:38:00.000,
7420,Empresa FictÃ­cia 7420,"86.270.590/0001-70",2026-08-03 08:38:00.000,
7421,Empresa FictÃ­cia 7421,"86.271.607/0001-71",2026-08-03 08:38:00.000,
7422,Empresa FictÃ­cia 7422,"86.272.624/0001-72",2026-08-03 08:38:00.000,
7423,Empresa FictÃ­cia 7423,"86.273.641/0001-73",2026-08-03 08:38:00.000,
7424,Empresa FictÃ­cia 7424,"86.274.658/0001-74",2026-08-03 08:38:00.000,
7425,Empresa FictÃ­cia 7425,"86.275.675/0001-75",2026-08-03 08:38:00.000,
7426,Empresa FictÃ­cia 7426,"86.276.692/0001-76",2026-08-03 08:38:00.000,
7427,Empresa FictÃ­cia 7427,"86.277.709/0001-77",2026-08-03 08:38:00.000,
7428,Empresa FictÃ­cia 7428,"86.278.726/0001-78",2026-08-03 08:38:00.000,
7429,Empresa FictÃ­cia 7429,"86.279.743/0001-79",2026-08-03 08:38:00.000,
7430,Empresa FictÃ­cia 7430,"86.280.760/0001-80",2026-08-03 08:38:00.000,
7431,Empresa FictÃ­cia 7431,"86.281.777/0001-81",2026-08-03 08:38:00.000,
7432,Empresa FictÃ­cia 7432,"86.282.794/0001-82",2026-08-03 08:38:00.000,
7433,Empresa FictÃ­cia 7433,"86.283.811/0001-83",2026-08-03 08:38:00.000,
7434,Empresa FictÃ­cia 7434,"86.284.828/0001-84",2026-08-03 08:38:00.000,
7435,Empresa FictÃ­cia 7435,"86.285.845/0001-85",2026-08-03 08:38:00.000,
7436,Empresa FictÃ­cia 7436,"86.286.862/0001-86",2026-08-03 08:38:00.000,
7437,Empresa FictÃ­cia 7437,"86.287.879/0001-87",2026-08-03 08:38:00.000,
7438,Empresa FictÃ­cia 7438,"86.288.896/0001-88",2026-08-03 08:38:00.000,
7439,Empresa FictÃ­cia 7439,"86.289.913/0001-89",2026-08-03 08:38:00.000,
7440,Empresa FictÃ­cia 7440,"86.290.930/0001-90",2026-08-03 08:38:00.000,
7441,Empresa FictÃ­cia 7441,"86.291.947/0001-91",2026-08-03 08:38:00.000,
7442,Empresa FictÃ­cia 7442,"86.292.964/0001-92",2026-08-03 08:38:00.000,
7443,Empresa FictÃ­cia 7443,"86.293.981/0001-93",2026-08-03 08:38:00.000,
7444,Empresa FictÃ­cia 7444,"86.294.998/0001-94",2026-08-03 08:38:00.000,
7445,Empresa FictÃ­cia 7445,"86.295.015/0001-95",2026-08-03 08:38:00.000,
7446,Empresa FictÃ­cia 7446,"86.296.032/0001-96",2026-08-03 08:38:00.000,
7447,Empresa FictÃ­cia 7447,"86.297.049/0001-97",2026-08-03 08:38:00.000,
7448,Empresa FictÃ­cia 7448,"86.298.066/0001-98",2026-08-03 08:38:00.000,
7449,Empresa FictÃ­cia 7449,"86.299.083/0001-99",2026-08-03 08:38:00.000,
7450,Empresa FictÃ­cia 7450,"86.300.100/0001-00",2026-08-03 08:38:00.000,
7451,Empresa FictÃ­cia 7451,"86.301.117/0001-01",2026-08-03 08:38:00.000,
7452,Empresa FictÃ­cia 7452,"86.302.134/0001-02",2026-08-03 08:38:00.000,
7453,Empresa FictÃ­cia 7453,"86.303.151/0001-03",2026-08-03 08:38:00.000,
7454,Empresa FictÃ­cia 7454,"86.304.168/0001-04",2026-08-03 08:38:00.000,
7455,Empresa FictÃ­cia 7455,"86.305.185/0001-05",2026-08-03 08:38:00.000,
7456,Empresa FictÃ­cia 7456,"86.306.202/0001-06",2026-08-03 08:38:00.000,
7457,Empresa FictÃ­cia 7457,"86.307.219/0001-07",2026-08-03 08:38:00.000,
7458,Empresa FictÃ­cia 7458,"86.308.236/0001-08",2026-08-03 08:38:00.000,
7459,Empresa FictÃ­cia 7459,"86.309.253/0001-09",2026-08-03 08:38:00.000,
7460,Empresa FictÃ­cia 7460,"86.310.270/0001-10",2026-08-03 08:38:00.000,
7461,Empresa FictÃ­cia 7461,"86.311.287/0001-11",2026-08-03 08:38:00.000,
7462,Empresa FictÃ­cia 7462,"86.312.304/0001-12",2026-08-03 08:38:00.000,
7463,Empresa FictÃ­cia 7463,"86.313.321/0001-13",2026-08-03 08:38:00.000,
7464,Empresa FictÃ­cia 7464,"86.314.338/0001-14",2026-08-03 08:38:00.000,
7465,Empresa FictÃ­cia 7465,"86.315.355/0001-15",2026-08-03 08:38:00.000,
7466,Empresa FictÃ­cia 7466,"86.316.372/0001-16",2026-08-03 08:38:00.000,
7467,Empresa FictÃ­cia 7467,"86.317.389/0001-17",2026-08-03 08:38:00.000,
7468,Empresa FictÃ­cia 7468,"86.318.406/0001-18",2026-08-03 08:38:00.000,
7469,Empresa FictÃ­cia 7469,"86.319.423/0001-19",2026-08-03 08:38:00.000,
7470,Empresa FictÃ­cia 7470,"86.320.440/0001-20",2026-08-03 08:38:00.000,
7471,Empresa FictÃ­cia 7471,"86.321.457/0001-21",2026-08-03 08:38:00.000,
7472,Empresa FictÃ­cia 7472,"86.322.474/0001-22",2026-08-03 08:38:00.000,
7473,Empresa FictÃ­cia 7473,"86.323.491/0001-23",2026-08-03 08:38:00.000,
7474,Empresa FictÃ­cia 7474,"86.324.508/0001-24",2026-08-03 08:38:00.000,
7475,Empresa FictÃ­cia 7475,"86.325.525/0001-25",2026-08-03 08:38:00.000,
7476,Empresa FictÃ­cia 7476,"86.326.542/0001-26",2026-08-03 08:38:00.000,
7477,Empresa FictÃ­cia 7477,"86.327.559/0001-27",2026-08-03 08:38:00.000,
7478,Empresa FictÃ­cia 7478,"86.328.576/0001-28",2026-08-03 08:38:00.000,
7479,Empresa FictÃ­cia 7479,"86.329.593/0001-29",2026-08-03 08:38:00.000,
7480,Empresa FictÃ­cia 7480,"86.330.610/0001-30",2026-08-03 08:38:00.000,
7481,Empresa FictÃ­cia 7481,"86.331.627/0001-31",2026-08-03 08:38:00.000,
7482,Empresa FictÃ­cia 7482,"86.332.644/0001-32",2026-08-03 08:38:00.000,
7483,Empresa FictÃ­cia 7483,"86.333.661/0001-33",2026-08-03 08:38:00.000,
7484,Empresa FictÃ­cia 7484,"86.334.678/0001-34",2026-08-03 08:38:00.000,
7485,Empresa FictÃ­cia 7485,"86.335.695/0001-35",2026-08-03 08:38:00.000,
7486,Empresa FictÃ­cia 7486,"86.336.712/0001-36",2026-08-03 08:38:00.000,
7487,Empresa FictÃ­cia 7487,"86.337.729/0001-37",2026-08-03 08:38:00.000,
7488,Empresa FictÃ­cia 7488,"86.338.746/0001-38",2026-08-03 08:38:00.000,
7489,Empresa FictÃ­cia 7489,"86.339.763/0001-39",2026-08-03 08:38:00.000,
7490,Empresa FictÃ­cia 7490,"86.340.780/0001-40",2026-08-03 08:38:00.000,
7491,Empresa FictÃ­cia 7491,"86.341.797/0001-41",2026-08-03 08:38:00.000,
7492,Empresa FictÃ­cia 7492,"86.342.814/0001-42",2026-08-03 08:38:00.000,
7493,Empresa FictÃ­cia 7493,"86.343.831/0001-43",2026-08-03 08:38:00.000,
7494,Empresa FictÃ­cia 7494,"86.344.848/0001-44",2026-08-03 08:38:00.000,
7495,Empresa FictÃ­cia 7495,"86.345.865/0001-45",2026-08-03 08:38:00.000,
7496,Empresa FictÃ­cia 7496,"86.346.882/0001-46",2026-08-03 08:38:00.000,
7497,Empresa FictÃ­cia 7497,"86.347.899/0001-47",2026-08-03 08:38:00.000,
7498,Empresa FictÃ­cia 7498,"86.348.916/0001-48",2026-08-03 08:38:00.000,
7499,Empresa FictÃ­cia 7499,"86.349.933/0001-49",2026-08-03 08:38:00.000,
7500,Empresa FictÃ­cia 7500,"86.350.950/0001-50",2026-08-03 08:38:00.000,
7501,Empresa FictÃ­cia 7501,"86.351.967/0001-51",2026-08-03 08:38:00.000,
7502,Empresa FictÃ­cia 7502,"86.352.984/0001-52",2026-08-03 08:38:00.000,
7503,Empresa FictÃ­cia 7503,"86.353.001/0001-53",2026-08-03 08:38:00.000,
7504,Empresa FictÃ­cia 7504,"86.354.018/0001-54",2026-08-03 08:38:00.000,
7505,Empresa FictÃ­cia 7505,"86.355.035/0001-55",2026-08-03 08:38:00.000,
7506,Empresa FictÃ­cia 7506,"86.356.052/0001-56",2026-08-03 08:38:00.000,
7507,Empresa FictÃ­cia 7507,"86.357.069/0001-57",2026-08-03 08:38:00.000,
7508,Empresa FictÃ­cia 7508,"86.358.086/0001-58",2026-08-03 08:38:00.000,
7509,Empresa FictÃ­cia 7509,"86.359.103/0001-59",2026-08-03 08:38:00.000,
7510,Empresa FictÃ­cia 7510,"86.360.120/0001-60",2026-08-03 08:38:00.000,
7511,Empresa FictÃ­cia 7511,"86.361.137/0001-61",2026-08-03 08:38:00.000,
7512,Empresa FictÃ­cia 7512,"86.362.154/0001-62",2026-08-03 08:38:00.000,
7513,Empresa FictÃ­cia 7513,"86.363.171/0001-63",2026-08-03 08:38:00.000,
7514,Empresa FictÃ­cia 7514,"86.364.188/0001-64",2026-08-03 08:38:00.000,
7515,Empresa FictÃ­cia 7515,"86.365.205/0001-65",2026-08-03 08:38:00.000,
7516,Empresa FictÃ­cia 7516,"86.366.222/0001-66",2026-08-03 08:38:00.000,
7517,Empresa FictÃ­cia 7517,"86.367.239/0001-67",2026-08-03 08:38:00.000,
7518,Empresa FictÃ­cia 7518,"86.368.256/0001-68",2026-08-03 08:38:00.000,
7519,Empresa FictÃ­cia 7519,"86.369.273/0001-69",2026-08-03 08:38:00.000,
7520,Empresa FictÃ­cia 7520,"86.370.290/0001-70",2026-08-03 08:38:00.000,
7521,Empresa FictÃ­cia 7521,"86.371.307/0001-71",2026-08-03 08:38:00.000,
7522,Empresa FictÃ­cia 7522,"86.372.324/0001-72",2026-08-03 08:38:00.000,
7523,Empresa FictÃ­cia 7523,"86.373.341/0001-73",2026-08-03 08:38:00.000,
7524,Empresa FictÃ­cia 7524,"86.374.358/0001-74",2026-08-03 08:38:00.000,
7525,Empresa FictÃ­cia 7525,"86.375.375/0001-75",2026-08-03 08:38:00.000,
7526,Empresa FictÃ­cia 7526,"86.376.392/0001-76",2026-08-03 08:38:00.000,
7527,Empresa FictÃ­cia 7527,"86.377.409/0001-77",2026-08-03 08:38:00.000,
7528,Empresa FictÃ­cia 7528,"86.378.426/0001-78",2026-08-03 08:38:00.000,
7529,Empresa FictÃ­cia 7529,"86.379.443/0001-79",2026-08-03 08:38:00.000,
7530,Empresa FictÃ­cia 7530,"86.380.460/0001-80",2026-08-03 08:38:00.000,
7531,Empresa FictÃ­cia 7531,"86.381.477/0001-81",2026-08-03 08:38:00.000,
7532,Empresa FictÃ­cia 7532,"86.382.494/0001-82",2026-08-03 08:38:00.000,
7533,Empresa FictÃ­cia 7533,"86.383.511/0001-83",2026-08-03 08:38:00.000,
7534,Empresa FictÃ­cia 7534,"86.384.528/0001-84",2026-08-03 08:38:00.000,
7535,Empresa FictÃ­cia 7535,"86.385.545/0001-85",2026-08-03 08:38:00.000,
7536,Empresa FictÃ­cia 7536,"86.386.562/0001-86",2026-08-03 08:38:00.000,
7537,Empresa FictÃ­cia 7537,"86.387.579/0001-87",2026-08-03 08:38:00.000,
7538,Empresa FictÃ­cia 7538,"86.388.596/0001-88",2026-08-03 08:38:00.000,
7539,Empresa FictÃ­cia 7539,"86.389.613/0001-89",2026-08-03 08:38:00.000,
7540,Empresa FictÃ­cia 7540,"86.390.630/0001-90",2026-08-03 08:38:00.000,
7541,Empresa FictÃ­cia 7541,"86.391.647/0001-91",2026-08-03 08:38:00.000,
7542,Empresa FictÃ­cia 7542,"86.392.664/0001-92",2026-08-03 08:38:00.000,
7543,Empresa FictÃ­cia 7543,"86.393.681/0001-93",2026-08-03 08:38:00.000,
7544,Empresa FictÃ­cia 7544,"86.394.698/0001-94",2026-08-03 08:38:00.000,
7545,Empresa FictÃ­cia 7545,"86.395.715/0001-95",2026-08-03 08:38:00.000,
7546,Empresa FictÃ­cia 7546,"86.396.732/0001-96",2026-08-03 08:38:00.000,
7547,Empresa FictÃ­cia 7547,"86.397.749/0001-97",2026-08-03 08:38:00.000,
7548,Empresa FictÃ­cia 7548,"86.398.766/0001-98",2026-08-03 08:38:00.000,
7549,Empresa FictÃ­cia 7549,"86.399.783/0001-99",2026-08-03 08:38:00.000,
7550,Empresa FictÃ­cia 7550,"86.400.800/0001-00",2026-08-03 08:38:00.000,
7551,Empresa FictÃ­cia 7551,"86.401.817/0001-01",2026-08-03 08:38:00.000,
7552,Empresa FictÃ­cia 7552,"86.402.834/0001-02",2026-08-03 08:38:00.000,
7553,Empresa FictÃ­cia 7553,"86.403.851/0001-03",2026-08-03 08:38:00.000,
7554,Empresa FictÃ­cia 7554,"86.404.868/0001-04",2026-08-03 08:38:00.000,
7555,Empresa FictÃ­cia 7555,"86.405.885/0001-05",2026-08-03 08:38:00.000,
7556,Empresa FictÃ­cia 7556,"86.406.902/0001-06",2026-08-03 08:38:00.000,
7557,Empresa FictÃ­cia 7557,"86.407.919/0001-07",2026-08-03 08:38:00.000,
7558,Empresa FictÃ­cia 7558,"86.408.936/0001-08",2026-08-03 08:38:00.000,
7559,Empresa FictÃ­cia 7559,"86.409.953/0001-09",2026-08-03 08:38:00.000,
7560,Empresa FictÃ­cia 7560,"86.410.970/0001-10",2026-08-03 08:38:00.000,
7561,Empresa FictÃ­cia 7561,"86.411.987/0001-11",2026-08-03 08:38:00.000,
7562,Empresa FictÃ­cia 7562,"86.412.004/0001-12",2026-08-03 08:38:00.000,
7563,Empresa FictÃ­cia 7563,"86.413.021/0001-13",2026-08-03 08:38:00.000,
7564,Empresa FictÃ­cia 7564,"86.414.038/0001-14",2026-08-03 08:38:00.000,
7565,Empresa FictÃ­cia 7565,"86.415.055/0001-15",2026-08-03 08:38:00.000,
7566,Empresa FictÃ­cia 7566,"86.416.072/0001-16",2026-08-03 08:38:00.000,
7567,Empresa FictÃ­cia 7567,"86.417.089/0001-17",2026-08-03 08:38:00.000,
7568,Empresa FictÃ­cia 7568,"86.418.106/0001-18",2026-08-03 08:38:00.000,
7569,Empresa FictÃ­cia 7569,"86.419.123/0001-19",2026-08-03 08:38:00.000,
7570,Empresa FictÃ­cia 7570,"86.420.140/0001-20",2026-08-03 08:38:00.000,
7571,Empresa FictÃ­cia 7571,"86.421.157/0001-21",2026-08-03 08:38:00.000,
7572,Empresa FictÃ­cia 7572,"86.422.174/0001-22",2026-08-03 08:38:00.000,
7573,Empresa FictÃ­cia 7573,"86.423.191/0001-23",2026-08-03 08:38:00.000,
7574,Empresa FictÃ­cia 7574,"86.424.208/0001-24",2026-08-03 08:38:00.000,
7575,Empresa FictÃ­cia 7575,"86.425.225/0001-25",2026-08-03 08:38:00.000,
7576,Empresa FictÃ­cia 7576,"86.426.242/0001-26",2026-08-03 08:38:00.000,
7577,Empresa FictÃ­cia 7577,"86.427.259/0001-27",2026-08-03 08:38:00.000,
7578,Empresa FictÃ­cia 7578,"86.428.276/0001-28",2026-08-03 08:38:00.000,
7579,Empresa FictÃ­cia 7579,"86.429.293/0001-29",2026-08-03 08:38:00.000,
7580,Empresa FictÃ­cia 7580,"86.430.310/0001-30",2026-08-03 08:38:00.000,
7581,Empresa FictÃ­cia 7581,"86.431.327/0001-31",2026-08-03 08:38:00.000,
7582,Empresa FictÃ­cia 7582,"86.432.344/0001-32",2026-08-03 08:38:00.000,
7583,Empresa FictÃ­cia 7583,"86.433.361/0001-33",2026-08-03 08:38:00.000,
7584,Empresa FictÃ­cia 7584,"86.434.378/0001-34",2026-08-03 08:38:00.000,
7585,Empresa FictÃ­cia 7585,"86.435.395/0001-35",2026-08-03 08:38:00.000,
7586,Empresa FictÃ­cia 7586,"86.436.412/0001-36",2026-08-03 08:38:00.000,
7587,Empresa FictÃ­cia 7587,"86.437.429/0001-37",2026-08-03 08:38:00.000,
7588,Empresa FictÃ­cia 7588,"86.438.446/0001-38",2026-08-03 08:38:00.000,
7589,Empresa FictÃ­cia 7589,"86.439.463/0001-39",2026-08-03 08:38:00.000,
7590,Empresa FictÃ­cia 7590,"86.440.480/0001-40",2026-08-03 08:38:00.000,
7591,Empresa FictÃ­cia 7591,"86.441.497/0001-41",2026-08-03 08:38:00.000,
7592,Empresa FictÃ­cia 7592,"86.442.514/0001-42",2026-08-03 08:38:00.000,
7593,Empresa FictÃ­cia 7593,"86.443.531/0001-43",2026-08-03 08:38:00.000,
7594,Empresa FictÃ­cia 7594,"86.444.548/0001-44",2026-08-03 08:38:00.000,
7595,Empresa FictÃ­cia 7595,"86.445.565/0001-45",2026-08-03 08:38:00.000,
7596,Empresa FictÃ­cia 7596,"86.446.582/0001-46",2026-08-03 08:38:00.000,
7597,Empresa FictÃ­cia 7597,"86.447.599/0001-47",2026-08-03 08:38:00.000,
7598,Empresa FictÃ­cia 7598,"86.448.616/0001-48",2026-08-03 08:38:00.000,
7599,Empresa FictÃ­cia 7599,"86.449.633/0001-49",2026-08-03 08:38:00.000,
7600,Empresa FictÃ­cia 7600,"86.450.650/0001-50",2026-08-03 08:38:00.000,
7601,Empresa FictÃ­cia 7601,"86.451.667/0001-51",2026-08-03 08:38:00.000,
7602,Empresa FictÃ­cia 7602,"86.452.684/0001-52",2026-08-03 08:38:00.000,
7603,Empresa FictÃ­cia 7603,"86.453.701/0001-53",2026-08-03 08:38:00.000,
7604,Empresa FictÃ­cia 7604,"86.454.718/0001-54",2026-08-03 08:38:00.000,
7605,Empresa FictÃ­cia 7605,"86.455.735/0001-55",2026-08-03 08:38:00.000,
7606,Empresa FictÃ­cia 7606,"86.456.752/0001-56",2026-08-03 08:38:00.000,
7607,Empresa FictÃ­cia 7607,"86.457.769/0001-57",2026-08-03 08:38:00.000,
7608,Empresa FictÃ­cia 7608,"86.458.786/0001-58",2026-08-03 08:38:00.000,
7609,Empresa FictÃ­cia 7609,"86.459.803/0001-59",2026-08-03 08:38:00.000,
7610,Empresa FictÃ­cia 7610,"86.460.820/0001-60",2026-08-03 08:38:00.000,
7611,Empresa FictÃ­cia 7611,"86.461.837/0001-61",2026-08-03 08:38:00.000,
7612,Empresa FictÃ­cia 7612,"86.462.854/0001-62",2026-08-03 08:38:00.000,
7613,Empresa FictÃ­cia 7613,"86.463.871/0001-63",2026-08-03 08:38:00.000,
7614,Empresa FictÃ­cia 7614,"86.464.888/0001-64",2026-08-03 08:38:00.000,
7615,Empresa FictÃ­cia 7615,"86.465.905/0001-65",2026-08-03 08:38:00.000,
7616,Empresa FictÃ­cia 7616,"86.466.922/0001-66",2026-08-03 08:38:00.000,
7617,Empresa FictÃ­cia 7617,"86.467.939/0001-67",2026-08-03 08:38:00.000,
7618,Empresa FictÃ­cia 7618,"86.468.956/0001-68",2026-08-03 08:38:00.000,
7619,Empresa FictÃ­cia 7619,"86.469.973/0001-69",2026-08-03 08:38:00.000,
7620,Empresa FictÃ­cia 7620,"86.470.990/0001-70",2026-08-03 08:38:00.000,
7621,Empresa FictÃ­cia 7621,"86.471.007/0001-71",2026-08-03 08:38:00.000,
7622,Empresa FictÃ­cia 7622,"86.472.024/0001-72",2026-08-03 08:38:00.000,
7623,Empresa FictÃ­cia 7623,"86.473.041/0001-73",2026-08-03 08:38:00.000,
7624,Empresa FictÃ­cia 7624,"86.474.058/0001-74",2026-08-03 08:38:00.000,
7625,Empresa FictÃ­cia 7625,"86.475.075/0001-75",2026-08-03 08:38:00.000,
7626,Empresa FictÃ­cia 7626,"86.476.092/0001-76",2026-08-03 08:38:00.000,
7627,Empresa FictÃ­cia 7627,"86.477.109/0001-77",2026-08-03 08:38:00.000,
7628,Empresa FictÃ­cia 7628,"86.478.126/0001-78",2026-08-03 08:38:00.000,
7629,Empresa FictÃ­cia 7629,"86.479.143/0001-79",2026-08-03 08:38:00.000,
7630,Empresa FictÃ­cia 7630,"86.480.160/0001-80",2026-08-03 08:38:00.000,
7631,Empresa FictÃ­cia 7631,"86.481.177/0001-81",2026-08-03 08:38:00.000,
7632,Empresa FictÃ­cia 7632,"86.482.194/0001-82",2026-08-03 08:38:00.000,
7633,Empresa FictÃ­cia 7633,"86.483.211/0001-83",2026-08-03 08:38:00.000,
7634,Empresa FictÃ­cia 7634,"86.484.228/0001-84",2026-08-03 08:38:00.000,
7635,Empresa FictÃ­cia 7635,"86.485.245/0001-85",2026-08-03 08:38:00.000,
7636,Empresa FictÃ­cia 7636,"86.486.262/0001-86",2026-08-03 08:38:00.000,
7637,Empresa FictÃ­cia 7637,"86.487.279/0001-87",2026-08-03 08:38:00.000,
7638,Empresa FictÃ­cia 7638,"86.488.296/0001-88",2026-08-03 08:38:00.000,
7639,Empresa FictÃ­cia 7639,"86.489.313/0001-89",2026-08-03 08:38:00.000,
7640,Empresa FictÃ­cia 7640,"86.490.330/0001-90",2026-08-03 08:38:00.000,
7641,Empresa FictÃ­cia 7641,"86.491.347/0001-91",2026-08-03 08:38:00.000,
7642,Empresa FictÃ­cia 7642,"86.492.364/0001-92",2026-08-03 08:38:00.000,
7643,Empresa FictÃ­cia 7643,"86.493.381/0001-93",2026-08-03 08:38:00.000,
7644,Empresa FictÃ­cia 7644,"86.494.398/0001-94",2026-08-03 08:38:00.000,
7645,Empresa FictÃ­cia 7645,"86.495.415/0001-95",2026-08-03 08:38:00.000,
7646,Empresa FictÃ­cia 7646,"86.496.432/0001-96",2026-08-03 08:38:00.000,
7647,Empresa FictÃ­cia 7647,"86.497.449/0001-97",2026-08-03 08:38:00.000,
7648,Empresa FictÃ­cia 7648,"86.498.466/0001-98",2026-08-03 08:38:00.000,
7649,Empresa FictÃ­cia 7649,"86.499.483/0001-99",2026-08-03 08:38:00.000,
7650,Empresa FictÃ­cia 7650,"86.500.500/0001-00",2026-08-03 08:38:00.000,
7651,Empresa FictÃ­cia 7651,"86.501.517/0001-01",2026-08-03 08:38:00.000,
7652,Empresa FictÃ­cia 7652,"86.502.534/0001-02",2026-08-03 08:38:00.000,
7653,Empresa FictÃ­cia 7653,"86.503.551/0001-03",2026-08-03 08:38:00.000,
7654,Empresa FictÃ­cia 7654,"86.504.568/0001-04",2026-08-03 08:38:00.000,
7655,Empresa FictÃ­cia 7655,"86.505.585/0001-05",2026-08-03 08:38:00.000,
7656,Empresa FictÃ­cia 7656,"86.506.602/0001-06",2026-08-03 08:38:00.000,
7657,Empresa FictÃ­cia 7657,"86.507.619/0001-07",2026-08-03 08:38:00.000,
7658,Empresa FictÃ­cia 7658,"86.508.636/0001-08",2026-08-03 08:38:00.000,
7659,Empresa FictÃ­cia 7659,"86.509.653/0001-09",2026-08-03 08:38:00.000,
7660,Empresa FictÃ­cia 7660,"86.510.670/0001-10",2026-08-03 08:38:00.000,
7661,Empresa FictÃ­cia 7661,"86.511.687/0001-11",2026-08-03 08:38:00.000,
7662,Empresa FictÃ­cia 7662,"86.512.704/0001-12",2026-08-03 08:38:00.000,
7663,Empresa FictÃ­cia 7663,"86.513.721/0001-13",2026-08-03 08:38:00.000,
7664,Empresa FictÃ­cia 7664,"86.514.738/0001-14",2026-08-03 08:38:00.000,
7665,Empresa FictÃ­cia 7665,"86.515.755/0001-15",2026-08-03 08:38:00.000,
7666,Empresa FictÃ­cia 7666,"86.516.772/0001-16",2026-08-03 08:38:00.000,
7667,Empresa FictÃ­cia 7667,"86.517.789/0001-17",2026-08-03 08:38:00.000,
7668,Empresa FictÃ­cia 7668,"86.518.806/0001-18",2026-08-03 08:38:00.000,
7669,Empresa FictÃ­cia 7669,"86.519.823/0001-19",2026-08-03 08:38:00.000,
7670,Empresa FictÃ­cia 7670,"86.520.840/0001-20",2026-08-03 08:38:00.000,
7671,Empresa FictÃ­cia 7671,"86.521.857/0001-21",2026-08-03 08:38:00.000,
7672,Empresa FictÃ­cia 7672,"86.522.874/0001-22",2026-08-03 08:38:00.000,
7673,Empresa FictÃ­cia 7673,"86.523.891/0001-23",2026-08-03 08:38:00.000,
7674,Empresa FictÃ­cia 7674,"86.524.908/0001-24",2026-08-03 08:38:00.000,
7675,Empresa FictÃ­cia 7675,"86.525.925/0001-25",2026-08-03 08:38:00.000,
7676,Empresa FictÃ­cia 7676,"86.526.942/0001-26",2026-08-03 08:38:00.000,
7677,Empresa FictÃ­cia 7677,"86.527.959/0001-27",2026-08-03 08:38:00.000,
7678,Empresa FictÃ­cia 7678,"86.528.976/0001-28",2026-08-03 08:38:00.000,
7679,Empresa FictÃ­cia 7679,"86.529.993/0001-29",2026-08-03 08:38:00.000,
7680,Empresa FictÃ­cia 7680,"86.530.010/0001-30",2026-08-03 08:38:00.000,
7681,Empresa FictÃ­cia 7681,"86.531.027/0001-31",2026-08-03 08:38:00.000,
7682,Empresa FictÃ­cia 7682,"86.532.044/0001-32",2026-08-03 08:38:00.000,
7683,Empresa FictÃ­cia 7683,"86.533.061/0001-33",2026-08-03 08:38:00.000,
7684,Empresa FictÃ­cia 7684,"86.534.078/0001-34",2026-08-03 08:38:00.000,
7685,Empresa FictÃ­cia 7685,"86.535.095/0001-35",2026-08-03 08:38:00.000,
7686,Empresa FictÃ­cia 7686,"86.536.112/0001-36",2026-08-03 08:38:00.000,
7687,Empresa FictÃ­cia 7687,"86.537.129/0001-37",2026-08-03 08:38:00.000,
7688,Empresa FictÃ­cia 7688,"86.538.146/0001-38",2026-08-03 08:38:00.000,
7689,Empresa FictÃ­cia 7689,"86.539.163/0001-39",2026-08-03 08:38:00.000,
7690,Empresa FictÃ­cia 7690,"86.540.180/0001-40",2026-08-03 08:38:00.000,
7691,Empresa FictÃ­cia 7691,"86.541.197/0001-41",2026-08-03 08:38:00.000,
7692,Empresa FictÃ­cia 7692,"86.542.214/0001-42",2026-08-03 08:38:00.000,
7693,Empresa FictÃ­cia 7693,"86.543.231/0001-43",2026-08-03 08:38:00.000,
7694,Empresa FictÃ­cia 7694,"86.544.248/0001-44",2026-08-03 08:38:00.000,
7695,Empresa FictÃ­cia 7695,"86.545.265/0001-45",2026-08-03 08:38:00.000,
7696,Empresa FictÃ­cia 7696,"86.546.282/0001-46",2026-08-03 08:38:00.000,
7697,Empresa FictÃ­cia 7697,"86.547.299/0001-47",2026-08-03 08:38:00.000,
7698,Empresa FictÃ­cia 7698,"86.548.316/0001-48",2026-08-03 08:38:00.000,
7699,Empresa FictÃ­cia 7699,"86.549.333/0001-49",2026-08-03 08:38:00.000,
7700,Empresa FictÃ­cia 7700,"86.550.350/0001-50",2026-08-03 08:38:00.000,
7701,Empresa FictÃ­cia 7701,"86.551.367/0001-51",2026-08-03 08:38:00.000,
7702,Empresa FictÃ­cia 7702,"86.552.384/0001-52",2026-08-03 08:38:00.000,
7703,Empresa FictÃ­cia 7703,"86.553.401/0001-53",2026-08-03 08:38:00.000,
7704,Empresa FictÃ­cia 7704,"86.554.418/0001-54",2026-08-03 08:38:00.000,
7705,Empresa FictÃ­cia 7705,"86.555.435/0001-55",2026-08-03 08:38:00.000,
7706,Empresa FictÃ­cia 7706,"86.556.452/0001-56",2026-08-03 08:38:00.000,
7707,Empresa FictÃ­cia 7707,"86.557.469/0001-57",2026-08-03 08:38:00.000,
7708,Empresa FictÃ­cia 7708,"86.558.486/0001-58",2026-08-03 08:38:00.000,
7709,Empresa FictÃ­cia 7709,"86.559.503/0001-59",2026-08-03 08:38:00.000,
7710,Empresa FictÃ­cia 7710,"86.560.520/0001-60",2026-08-03 08:38:00.000,
7711,Empresa FictÃ­cia 7711,"86.561.537/0001-61",2026-08-03 08:38:00.000,
7712,Empresa FictÃ­cia 7712,"86.562.554/0001-62",2026-08-03 08:38:00.000,
7713,Empresa FictÃ­cia 7713,"86.563.571/0001-63",2026-08-03 08:38:00.000,
7714,Empresa FictÃ­cia 7714,"86.564.588/0001-64",2026-08-03 08:38:00.000,
7715,Empresa FictÃ­cia 7715,"86.565.605/0001-65",2026-08-03 08:38:00.000,
7716,Empresa FictÃ­cia 7716,"86.566.622/0001-66",2026-08-03 08:38:00.000,
7717,Empresa FictÃ­cia 7717,"86.567.639/0001-67",2026-08-03 08:38:00.000,
7718,Empresa FictÃ­cia 7718,"86.568.656/0001-68",2026-08-03 08:38:00.000,
7719,Empresa FictÃ­cia 7719,"86.569.673/0001-69",2026-08-03 08:38:00.000,
7720,Empresa FictÃ­cia 7720,"86.570.690/0001-70",2026-08-03 08:38:00.000,
7721,Empresa FictÃ­cia 7721,"86.571.707/0001-71",2026-08-03 08:38:00.000,
7722,Empresa FictÃ­cia 7722,"86.572.724/0001-72",2026-08-03 08:38:00.000,
7723,Empresa FictÃ­cia 7723,"86.573.741/0001-73",2026-08-03 08:38:00.000,
7724,Empresa FictÃ­cia 7724,"86.574.758/0001-74",2026-08-03 08:38:00.000,
7725,Empresa FictÃ­cia 7725,"86.575.775/0001-75",2026-08-03 08:38:00.000,
7726,Empresa FictÃ­cia 7726,"86.576.792/0001-76",2026-08-03 08:38:00.000,
7727,Empresa FictÃ­cia 7727,"86.577.809/0001-77",2026-08-03 08:38:00.000,
7728,Empresa FictÃ­cia 7728,"86.578.826/0001-78",2026-08-03 08:38:00.000,
7729,Empresa FictÃ­cia 7729,"86.579.843/0001-79",2026-08-03 08:38:00.000,
7730,Empresa FictÃ­cia 7730,"86.580.860/0001-80",2026-08-03 08:38:00.000,
7731,Empresa FictÃ­cia 7731,"86.581.877/0001-81",2026-08-03 08:38:00.000,
7732,Empresa FictÃ­cia 7732,"86.582.894/0001-82",2026-08-03 08:38:00.000,
7733,Empresa FictÃ­cia 7733,"86.583.911/0001-83",2026-08-03 08:38:00.000,
7734,Empresa FictÃ­cia 7734,"86.584.928/0001-84",2026-08-03 08:38:00.000,
7735,Empresa FictÃ­cia 7735,"86.585.945/0001-85",2026-08-03 08:38:00.000,
7736,Empresa FictÃ­cia 7736,"86.586.962/0001-86",2026-08-03 08:38:00.000,
7737,Empresa FictÃ­cia 7737,"86.587.979/0001-87",2026-08-03 08:38:00.000,
7738,Empresa FictÃ­cia 7738,"86.588.996/0001-88",2026-08-03 08:38:00.000,
7739,Empresa FictÃ­cia 7739,"86.589.013/0001-89",2026-08-03 08:38:00.000,
7740,Empresa FictÃ­cia 7740,"86.590.030/0001-90",2026-08-03 08:38:00.000,
7741,Empresa FictÃ­cia 7741,"86.591.047/0001-91",2026-08-03 08:38:00.000,
7742,Empresa FictÃ­cia 7742,"86.592.064/0001-92",2026-08-03 08:38:00.000,
7743,Empresa FictÃ­cia 7743,"86.593.081/0001-93",2026-08-03 08:38:00.000,
7744,Empresa FictÃ­cia 7744,"86.594.098/0001-94",2026-08-03 08:38:00.000,
7745,Empresa FictÃ­cia 7745,"86.595.115/0001-95",2026-08-03 08:38:00.000,
7746,Empresa FictÃ­cia 7746,"86.596.132/0001-96",2026-08-03 08:38:00.000,
7747,Empresa FictÃ­cia 7747,"86.597.149/0001-97",2026-08-03 08:38:00.000,
7748,Empresa FictÃ­cia 7748,"86.598.166/0001-98",2026-08-03 08:38:00.000,
7749,Empresa FictÃ­cia 7749,"86.599.183/0001-99",2026-08-03 08:38:00.000,
7750,Empresa FictÃ­cia 7750,"86.600.200/0001-00",2026-08-03 08:38:00.000,
7751,Empresa FictÃ­cia 7751,"86.601.217/0001-01",2026-08-03 08:38:00.000,
7752,Empresa FictÃ­cia 7752,"86.602.234/0001-02",2026-08-03 08:38:00.000,
7753,Empresa FictÃ­cia 7753,"86.603.251/0001-03",2026-08-03 08:38:00.000,
7754,Empresa FictÃ­cia 7754,"86.604.268/0001-04",2026-08-03 08:38:00.000,
7755,Empresa FictÃ­cia 7755,"86.605.285/0001-05",2026-08-03 08:38:00.000,
7756,Empresa FictÃ­cia 7756,"86.606.302/0001-06",2026-08-03 08:38:00.000,
7757,Empresa FictÃ­cia 7757,"86.607.319/0001-07",2026-08-03 08:38:00.000,
7758,Empresa FictÃ­cia 7758,"86.608.336/0001-08",2026-08-03 08:38:00.000,
7759,Empresa FictÃ­cia 7759,"86.609.353/0001-09",2026-08-03 08:38:00.000,
7760,Empresa FictÃ­cia 7760,"86.610.370/0001-10",2026-08-03 08:38:00.000,
7761,Empresa FictÃ­cia 7761,"86.611.387/0001-11",2026-08-03 08:38:00.000,
7762,Empresa FictÃ­cia 7762,"86.612.404/0001-12",2026-08-03 08:38:00.000,
7763,Empresa FictÃ­cia 7763,"86.613.421/0001-13",2026-08-03 08:38:00.000,
7764,Empresa FictÃ­cia 7764,"86.614.438/0001-14",2026-08-03 08:38:00.000,
7765,Empresa FictÃ­cia 7765,"86.615.455/0001-15",2026-08-03 08:38:00.000,
7766,Empresa FictÃ­cia 7766,"86.616.472/0001-16",2026-08-03 08:38:00.000,
7767,Empresa FictÃ­cia 7767,"86.617.489/0001-17",2026-08-03 08:38:00.000,
7768,Empresa FictÃ­cia 7768,"86.618.506/0001-18",2026-08-03 08:38:00.000,
7769,Empresa FictÃ­cia 7769,"86.619.523/0001-19",2026-08-03 08:38:00.000,
7770,Empresa FictÃ­cia 7770,"86.620.540/0001-20",2026-08-03 08:38:00.000,
7771,Empresa FictÃ­cia 7771,"86.621.557/0001-21",2026-08-03 08:38:00.000,
7772,Empresa FictÃ­cia 7772,"86.622.574/0001-22",2026-08-03 08:38:00.000,
7773,Empresa FictÃ­cia 7773,"86.623.591/0001-23",2026-08-03 08:38:00.000,
7774,Empresa FictÃ­cia 7774,"86.624.608/0001-24",2026-08-03 08:38:00.000,
7775,Empresa FictÃ­cia 7775,"86.625.625/0001-25",2026-08-03 08:38:00.000,
7776,Empresa FictÃ­cia 7776,"86.626.642/0001-26",2026-08-03 08:38:00.000,
7777,Empresa FictÃ­cia 7777,"86.627.659/0001-27",2026-08-03 08:38:00.000,
7778,Empresa FictÃ­cia 7778,"86.628.676/0001-28",2026-08-03 08:38:00.000,
7779,Empresa FictÃ­cia 7779,"86.629.693/0001-29",2026-08-03 08:38:00.000,
7780,Empresa FictÃ­cia 7780,"86.630.710/0001-30",2026-08-03 08:38:00.000,
7781,Empresa FictÃ­cia 7781,"86.631.727/0001-31",2026-08-03 08:38:00.000,
7782,Empresa FictÃ­cia 7782,"86.632.744/0001-32",2026-08-03 08:38:00.000,
7783,Empresa FictÃ­cia 7783,"86.633.761/0001-33",2026-08-03 08:38:00.000,
7784,Empresa FictÃ­cia 7784,"86.634.778/0001-34",2026-08-03 08:38:00.000,
7785,Empresa FictÃ­cia 7785,"86.635.795/0001-35",2026-08-03 08:38:00.000,
7786,Empresa FictÃ­cia 7786,"86.636.812/0001-36",2026-08-03 08:38:00.000,
7787,Empresa FictÃ­cia 7787,"86.637.829/0001-37",2026-08-03 08:38:00.000,
7788,Empresa FictÃ­cia 7788,"86.638.846/0001-38",2026-08-03 08:38:00.000,
7789,Empresa FictÃ­cia 7789,"86.639.863/0001-39",2026-08-03 08:38:00.000,
7790,Empresa FictÃ­cia 7790,"86.640.880/0001-40",2026-08-03 08:38:00.000,
7791,Empresa FictÃ­cia 7791,"86.641.897/0001-41",2026-08-03 08:38:00.000,
7792,Empresa FictÃ­cia 7792,"86.642.914/0001-42",2026-08-03 08:38:00.000,
7793,Empresa FictÃ­cia 7793,"86.643.931/0001-43",2026-08-03 08:38:00.000,
7794,Empresa FictÃ­cia 7794,"86.644.948/0001-44",2026-08-03 08:38:00.000,
7795,Empresa FictÃ­cia 7795,"86.645.965/0001-45",2026-08-03 08:38:00.000,
7796,Empresa FictÃ­cia 7796,"86.646.982/0001-46",2026-08-03 08:38:00.000,
7797,Empresa FictÃ­cia 7797,"86.647.999/0001-47",2026-08-03 08:38:00.000,
7798,Empresa FictÃ­cia 7798,"86.648.016/0001-48",2026-08-03 08:38:00.000,
7799,Empresa FictÃ­cia 7799,"86.649.033/0001-49",2026-08-03 08:38:00.000,
7800,Empresa FictÃ­cia 7800,"86.650.050/0001-50",2026-08-03 08:38:00.000,
7801,Empresa FictÃ­cia 7801,"86.651.067/0001-51",2026-08-03 08:38:00.000,
7802,Empresa FictÃ­cia 7802,"86.652.084/0001-52",2026-08-03 08:38:00.000,
7803,Empresa FictÃ­cia 7803,"86.653.101/0001-53",2026-08-03 08:38:00.000,
7804,Empresa FictÃ­cia 7804,"86.654.118/0001-54",2026-08-03 08:38:00.000,
7805,Empresa FictÃ­cia 7805,"86.655.135/0001-55",2026-08-03 08:38:00.000,
7806,Empresa FictÃ­cia 7806,"86.656.152/0001-56",2026-08-03 08:38:00.000,
7807,Empresa FictÃ­cia 7807,"86.657.169/0001-57",2026-08-03 08:38:00.000,
7808,Empresa FictÃ­cia 7808,"86.658.186/0001-58",2026-08-03 08:38:00.000,
7809,Empresa FictÃ­cia 7809,"86.659.203/0001-59",2026-08-03 08:38:00.000,
7810,Empresa FictÃ­cia 7810,"86.660.220/0001-60",2026-08-03 08:38:00.000,
7811,Empresa FictÃ­cia 7811,"86.661.237/0001-61",2026-08-03 08:38:00.000,
7812,Empresa FictÃ­cia 7812,"86.662.254/0001-62",2026-08-03 08:38:00.000,
7813,Empresa FictÃ­cia 7813,"86.663.271/0001-63",2026-08-03 08:38:00.000,
7814,Empresa FictÃ­cia 7814,"86.664.288/0001-64",2026-08-03 08:38:00.000,
7815,Empresa FictÃ­cia 7815,"86.665.305/0001-65",2026-08-03 08:38:00.000,
7816,Empresa FictÃ­cia 7816,"86.666.322/0001-66",2026-08-03 08:38:00.000,
7817,Empresa FictÃ­cia 7817,"86.667.339/0001-67",2026-08-03 08:38:00.000,
7818,Empresa FictÃ­cia 7818,"86.668.356/0001-68",2026-08-03 08:38:00.000,
7819,Empresa FictÃ­cia 7819,"86.669.373/0001-69",2026-08-03 08:38:00.000,
7820,Empresa FictÃ­cia 7820,"86.670.390/0001-70",2026-08-03 08:38:00.000,
7821,Empresa FictÃ­cia 7821,"86.671.407/0001-71",2026-08-03 08:38:00.000,
7822,Empresa FictÃ­cia 7822,"86.672.424/0001-72",2026-08-03 08:38:00.000,
7823,Empresa FictÃ­cia 7823,"86.673.441/0001-73",2026-08-03 08:38:00.000,
7824,Empresa FictÃ­cia 7824,"86.674.458/0001-74",2026-08-03 08:38:00.000,
7825,Empresa FictÃ­cia 7825,"86.675.475/0001-75",2026-08-03 08:38:00.000,
7826,Empresa FictÃ­cia 7826,"86.676.492/0001-76",2026-08-03 08:38:00.000,
7827,Empresa FictÃ­cia 7827,"86.677.509/0001-77",2026-08-03 08:38:00.000,
7828,Empresa FictÃ­cia 7828,"86.678.526/0001-78",2026-08-03 08:38:00.000,
7829,Empresa FictÃ­cia 7829,"86.679.543/0001-79",2026-08-03 08:38:00.000,
7830,Empresa FictÃ­cia 7830,"86.680.560/0001-80",2026-08-03 08:38:00.000,
7831,Empresa FictÃ­cia 7831,"86.681.577/0001-81",2026-08-03 08:38:00.000,
7832,Empresa FictÃ­cia 7832,"86.682.594/0001-82",2026-08-03 08:38:00.000,
7833,Empresa FictÃ­cia 7833,"86.683.611/0001-83",2026-08-03 08:38:00.000,
7834,Empresa FictÃ­cia 7834,"86.684.628/0001-84",2026-08-03 08:38:00.000,
7835,Empresa FictÃ­cia 7835,"86.685.645/0001-85",2026-08-03 08:38:00.000,
7836,Empresa FictÃ­cia 7836,"86.686.662/0001-86",2026-08-03 08:38:00.000,
7837,Empresa FictÃ­cia 7837,"86.687.679/0001-87",2026-08-03 08:38:00.000,
7838,Empresa FictÃ­cia 7838,"86.688.696/0001-88",2026-08-03 08:38:00.000,
7839,Empresa FictÃ­cia 7839,"86.689.713/0001-89",2026-08-03 08:38:00.000,
7840,Empresa FictÃ­cia 7840,"86.690.730/0001-90",2026-08-03 08:38:00.000,
7841,Empresa FictÃ­cia 7841,"86.691.747/0001-91",2026-08-03 08:38:00.000,
7842,Empresa FictÃ­cia 7842,"86.692.764/0001-92",2026-08-03 08:38:00.000,
7843,Empresa FictÃ­cia 7843,"86.693.781/0001-93",2026-08-03 08:38:00.000,
7844,Empresa FictÃ­cia 7844,"86.694.798/0001-94",2026-08-03 08:38:00.000,
7845,Empresa FictÃ­cia 7845,"86.695.815/0001-95",2026-08-03 08:38:00.000,
7846,Empresa FictÃ­cia 7846,"86.696.832/0001-96",2026-08-03 08:38:00.000,
7847,Empresa FictÃ­cia 7847,"86.697.849/0001-97",2026-08-03 08:38:00.000,
7848,Empresa FictÃ­cia 7848,"86.698.866/0001-98",2026-08-03 08:38:00.000,
7849,Empresa FictÃ­cia 7849,"86.699.883/0001-99",2026-08-03 08:38:00.000,
7850,Empresa FictÃ­cia 7850,"86.700.900/0001-00",2026-08-03 08:38:00.000,
7851,Empresa FictÃ­cia 7851,"86.701.917/0001-01",2026-08-03 08:38:00.000,
7852,Empresa FictÃ­cia 7852,"86.702.934/0001-02",2026-08-03 08:38:00.000,
7853,Empresa FictÃ­cia 7853,"86.703.951/0001-03",2026-08-03 08:38:00.000,
7854,Empresa FictÃ­cia 7854,"86.704.968/0001-04",2026-08-03 08:38:00.000,
7855,Empresa FictÃ­cia 7855,"86.705.985/0001-05",2026-08-03 08:38:00.000,
7856,Empresa FictÃ­cia 7856,"86.706.002/0001-06",2026-08-03 08:38:00.000,
7857,Empresa FictÃ­cia 7857,"86.707.019/0001-07",2026-08-03 08:38:00.000,
7858,Empresa FictÃ­cia 7858,"86.708.036/0001-08",2026-08-03 08:38:00.000,
7859,Empresa FictÃ­cia 7859,"86.709.053/0001-09",2026-08-03 08:38:00.000,
7860,Empresa FictÃ­cia 7860,"86.710.070/0001-10",2026-08-03 08:38:00.000,
7861,Empresa FictÃ­cia 7861,"86.711.087/0001-11",2026-08-03 08:38:00.000,
7862,Empresa FictÃ­cia 7862,"86.712.104/0001-12",2026-08-03 08:38:00.000,
7863,Empresa FictÃ­cia 7863,"86.713.121/0001-13",2026-08-03 08:38:00.000,
7864,Empresa FictÃ­cia 7864,"86.714.138/0001-14",2026-08-03 08:38:00.000,
7865,Empresa FictÃ­cia 7865,"86.715.155/0001-15",2026-08-03 08:38:00.000,
7866,Empresa FictÃ­cia 7866,"86.716.172/0001-16",2026-08-03 08:38:00.000,
7867,Empresa FictÃ­cia 7867,"86.717.189/0001-17",2026-08-03 08:38:00.000,
7868,Empresa FictÃ­cia 7868,"86.718.206/0001-18",2026-08-03 08:38:00.000,
7869,Empresa FictÃ­cia 7869,"86.719.223/0001-19",2026-08-03 08:38:00.000,
7870,Empresa FictÃ­cia 7870,"86.720.240/0001-20",2026-08-03 08:38:00.000,
7871,Empresa FictÃ­cia 7871,"86.721.257/0001-21",2026-08-03 08:38:00.000,
7872,Empresa FictÃ­cia 7872,"86.722.274/0001-22",2026-08-03 08:38:00.000,
7873,Empresa FictÃ­cia 7873,"86.723.291/0001-23",2026-08-03 08:38:00.000,
7874,Empresa FictÃ­cia 7874,"86.724.308/0001-24",2026-08-03 08:38:00.000,
7875,Empresa FictÃ­cia 7875,"86.725.325/0001-25",2026-08-03 08:38:00.000,
7876,Empresa FictÃ­cia 7876,"86.726.342/0001-26",2026-08-03 08:38:00.000,
7877,Empresa FictÃ­cia 7877,"86.727.359/0001-27",2026-08-03 08:38:00.000,
7878,Empresa FictÃ­cia 7878,"86.728.376/0001-28",2026-08-03 08:38:00.000,
7879,Empresa FictÃ­cia 7879,"86.729.393/0001-29",2026-08-03 08:38:00.000,
7880,Empresa FictÃ­cia 7880,"86.730.410/0001-30",2026-08-03 08:38:00.000,
7881,Empresa FictÃ­cia 7881,"86.731.427/0001-31",2026-08-03 08:38:00.000,
7882,Empresa FictÃ­cia 7882,"86.732.444/0001-32",2026-08-03 08:38:00.000,
7883,Empresa FictÃ­cia 7883,"86.733.461/0001-33",2026-08-03 08:38:00.000,
7884,Empresa FictÃ­cia 7884,"86.734.478/0001-34",2026-08-03 08:38:00.000,
7885,Empresa FictÃ­cia 7885,"86.735.495/0001-35",2026-08-03 08:38:00.000,
7886,Empresa FictÃ­cia 7886,"86.736.512/0001-36",2026-08-03 08:38:00.000,
7887,Empresa FictÃ­cia 7887,"86.737.529/0001-37",2026-08-03 08:38:00.000,
7888,Empresa FictÃ­cia 7888,"86.738.546/0001-38",2026-08-03 08:38:00.000,
7889,Empresa FictÃ­cia 7889,"86.739.563/0001-39",2026-08-03 08:38:00.000,
7890,Empresa FictÃ­cia 7890,"86.740.580/0001-40",2026-08-03 08:38:00.000,
7891,Empresa FictÃ­cia 7891,"86.741.597/0001-41",2026-08-03 08:38:00.000,
7892,Empresa FictÃ­cia 7892,"86.742.614/0001-42",2026-08-03 08:38:00.000,
7893,Empresa FictÃ­cia 7893,"86.743.631/0001-43",2026-08-03 08:38:00.000,
7894,Empresa FictÃ­cia 7894,"86.744.648/0001-44",2026-08-03 08:38:00.000,
7895,Empresa FictÃ­cia 7895,"86.745.665/0001-45",2026-08-03 08:38:00.000,
7896,Empresa FictÃ­cia 7896,"86.746.682/0001-46",2026-08-03 08:38:00.000,
7897,Empresa FictÃ­cia 7897,"86.747.699/0001-47",2026-08-03 08:38:00.000,
7898,Empresa FictÃ­cia 7898,"86.748.716/0001-48",2026-08-03 08:38:00.000,
7899,Empresa FictÃ­cia 7899,"86.749.733/0001-49",2026-08-03 08:38:00.000,
7900,Empresa FictÃ­cia 7900,"86.750.750/0001-50",2026-08-03 08:38:00.000,
7901,Empresa FictÃ­cia 7901,"86.751.767/0001-51",2026-08-03 08:38:00.000,
7902,Empresa FictÃ­cia 7902,"86.752.784/0001-52",2026-08-03 08:38:00.000,
7903,Empresa FictÃ­cia 7903,"86.753.801/0001-53",2026-08-03 08:38:00.000,
7904,Empresa FictÃ­cia 7904,"86.754.818/0001-54",2026-08-03 08:38:00.000,
7905,Empresa FictÃ­cia 7905,"86.755.835/0001-55",2026-08-03 08:38:00.000,
7906,Empresa FictÃ­cia 7906,"86.756.852/0001-56",2026-08-03 08:38:00.000,
7907,Empresa FictÃ­cia 7907,"86.757.869/0001-57",2026-08-03 08:38:00.000,
7908,Empresa FictÃ­cia 7908,"86.758.886/0001-58",2026-08-03 08:38:00.000,
7909,Empresa FictÃ­cia 7909,"86.759.903/0001-59",2026-08-03 08:38:00.000,
7910,Empresa FictÃ­cia 7910,"86.760.920/0001-60",2026-08-03 08:38:00.000,
7911,Empresa FictÃ­cia 7911,"86.761.937/0001-61",2026-08-03 08:38:00.000,
7912,Empresa FictÃ­cia 7912,"86.762.954/0001-62",2026-08-03 08:38:00.000,
7913,Empresa FictÃ­cia 7913,"86.763.971/0001-63",2026-08-03 08:38:00.000,
7914,Empresa FictÃ­cia 7914,"86.764.988/0001-64",2026-08-03 08:38:00.000,
7915,Empresa FictÃ­cia 7915,"86.765.005/0001-65",2026-08-03 08:38:00.000,
7916,Empresa FictÃ­cia 7916,"86.766.022/0001-66",2026-08-03 08:38:00.000,
7917,Empresa FictÃ­cia 7917,"86.767.039/0001-67",2026-08-03 08:38:00.000,
7918,Empresa FictÃ­cia 7918,"86.768.056/0001-68",2026-08-03 08:38:00.000,
7919,Empresa FictÃ­cia 7919,"86.769.073/0001-69",2026-08-03 08:38:00.000,
7920,Empresa FictÃ­cia 7920,"86.770.090/0001-70",2026-08-03 08:38:00.000,
7921,Empresa FictÃ­cia 7921,"86.771.107/0001-71",2026-08-03 08:38:00.000,
7922,Empresa FictÃ­cia 7922,"86.772.124/0001-72",2026-08-03 08:38:00.000,
7923,Empresa FictÃ­cia 7923,"86.773.141/0001-73",2026-08-03 08:38:00.000,
7924,Empresa FictÃ­cia 7924,"86.774.158/0001-74",2026-08-03 08:38:00.000,
7925,Empresa FictÃ­cia 7925,"86.775.175/0001-75",2026-08-03 08:38:00.000,
7926,Empresa FictÃ­cia 7926,"86.776.192/0001-76",2026-08-03 08:38:00.000,
7927,Empresa FictÃ­cia 7927,"86.777.209/0001-77",2026-08-03 08:38:00.000,
7928,Empresa FictÃ­cia 7928,"86.778.226/0001-78",2026-08-03 08:38:00.000,
7929,Empresa FictÃ­cia 7929,"86.779.243/0001-79",2026-08-03 08:38:00.000,
7930,Empresa FictÃ­cia 7930,"86.780.260/0001-80",2026-08-03 08:38:00.000,
7931,Empresa FictÃ­cia 7931,"86.781.277/0001-81",2026-08-03 08:38:00.000,
7932,Empresa FictÃ­cia 7932,"86.782.294/0001-82",2026-08-03 08:38:00.000,
7933,Empresa FictÃ­cia 7933,"86.783.311/0001-83",2026-08-03 08:38:00.000,
7934,Empresa FictÃ­cia 7934,"86.784.328/0001-84",2026-08-03 08:38:00.000,
7935,Empresa FictÃ­cia 7935,"86.785.345/0001-85",2026-08-03 08:38:00.000,
7936,Empresa FictÃ­cia 7936,"86.786.362/0001-86",2026-08-03 08:38:00.000,
7937,Empresa FictÃ­cia 7937,"86.787.379/0001-87",2026-08-03 08:38:00.000,
7938,Empresa FictÃ­cia 7938,"86.788.396/0001-88",2026-08-03 08:38:00.000,
7939,Empresa FictÃ­cia 7939,"86.789.413/0001-89",2026-08-03 08:38:00.000,
7940,Empresa FictÃ­cia 7940,"86.790.430/0001-90",2026-08-03 08:38:00.000,
7941,Empresa FictÃ­cia 7941,"86.791.447/0001-91",2026-08-03 08:38:00.000,
7942,Empresa FictÃ­cia 7942,"86.792.464/0001-92",2026-08-03 08:38:00.000,
7943,Empresa FictÃ­cia 7943,"86.793.481/0001-93",2026-08-03 08:38:00.000,
7944,Empresa FictÃ­cia 7944,"86.794.498/0001-94",2026-08-03 08:38:00.000,
7945,Empresa FictÃ­cia 7945,"86.795.515/0001-95",2026-08-03 08:38:00.000,
7946,Empresa FictÃ­cia 7946,"86.796.532/0001-96",2026-08-03 08:38:00.000,
7947,Empresa FictÃ­cia 7947,"86.797.549/0001-97",2026-08-03 08:38:00.000,
7948,Empresa FictÃ­cia 7948,"86.798.566/0001-98",2026-08-03 08:38:00.000,
7949,Empresa FictÃ­cia 7949,"86.799.583/0001-99",2026-08-03 08:38:00.000,
7950,Empresa FictÃ­cia 7950,"86.800.600/0001-00",2026-08-03 08:38:00.000,
7951,Empresa FictÃ­cia 7951,"86.801.617/0001-01",2026-08-03 08:38:00.000,
7952,Empresa FictÃ­cia 7952,"86.802.634/0001-02",2026-08-03 08:38:00.000,
7953,Empresa FictÃ­cia 7953,"86.803.651/0001-03",2026-08-03 08:38:00.000,
7954,Empresa FictÃ­cia 7954,"86.804.668/0001-04",2026-08-03 08:38:00.000,
7955,Empresa FictÃ­cia 7955,"86.805.685/0001-05",2026-08-03 08:38:00.000,
7956,Empresa FictÃ­cia 7956,"86.806.702/0001-06",2026-08-03 08:38:00.000,
7957,Empresa FictÃ­cia 7957,"86.807.719/0001-07",2026-08-03 08:38:00.000,
7958,Empresa FictÃ­cia 7958,"86.808.736/0001-08",2026-08-03 08:38:00.000,
7959,Empresa FictÃ­cia 7959,"86.809.753/0001-09",2026-08-03 08:38:00.000,
7960,Empresa FictÃ­cia 7960,"86.810.770/0001-10",2026-08-03 08:38:00.000,
7961,Empresa FictÃ­cia 7961,"86.811.787/0001-11",2026-08-03 08:38:00.000,
7962,Empresa FictÃ­cia 7962,"86.812.804/0001-12",2026-08-03 08:38:00.000,
7963,Empresa FictÃ­cia 7963,"86.813.821/0001-13",2026-08-03 08:38:00.000,
7964,Empresa FictÃ­cia 7964,"86.814.838/0001-14",2026-08-03 08:38:00.000,
7965,Empresa FictÃ­cia 7965,"86.815.855/0001-15",2026-08-03 08:38:00.000,
7966,Empresa FictÃ­cia 7966,"86.816.872/0001-16",2026-08-03 08:38:00.000,
7967,Empresa FictÃ­cia 7967,"86.817.889/0001-17",2026-08-03 08:38:00.000,
7968,Empresa FictÃ­cia 7968,"86.818.906/0001-18",2026-08-03 08:38:00.000,
7969,Empresa FictÃ­cia 7969,"86.819.923/0001-19",2026-08-03 08:38:00.000,
7970,Empresa FictÃ­cia 7970,"86.820.940/0001-20",2026-08-03 08:38:00.000,
7971,Empresa FictÃ­cia 7971,"86.821.957/0001-21",2026-08-03 08:38:00.000,
7972,Empresa FictÃ­cia 7972,"86.822.974/0001-22",2026-08-03 08:38:00.000,
7973,Empresa FictÃ­cia 7973,"86.823.991/0001-23",2026-08-03 08:38:00.000,
7974,Empresa FictÃ­cia 7974,"86.824.008/0001-24",2026-08-03 08:38:00.000,
7975,Empresa FictÃ­cia 7975,"86.825.025/0001-25",2026-08-03 08:38:00.000,
7976,Empresa FictÃ­cia 7976,"86.826.042/0001-26",2026-08-03 08:38:00.000,
7977,Empresa FictÃ­cia 7977,"86.827.059/0001-27",2026-08-03 08:38:00.000,
7978,Empresa FictÃ­cia 7978,"86.828.076/0001-28",2026-08-03 08:38:00.000,
7979,Empresa FictÃ­cia 7979,"86.829.093/0001-29",2026-08-03 08:38:00.000,
7980,Empresa FictÃ­cia 7980,"86.830.110/0001-30",2026-08-03 08:38:00.000,
7981,Empresa FictÃ­cia 7981,"86.831.127/0001-31",2026-08-03 08:38:00.000,
7982,Empresa FictÃ­cia 7982,"86.832.144/0001-32",2026-08-03 08:38:00.000,
7983,Empresa FictÃ­cia 7983,"86.833.161/0001-33",2026-08-03 08:38:00.000,
7984,Empresa FictÃ­cia 7984,"86.834.178/0001-34",2026-08-03 08:38:00.000,
7985,Empresa FictÃ­cia 7985,"86.835.195/0001-35",2026-08-03 08:38:00.000,
7986,Empresa FictÃ­cia 7986,"86.836.212/0001-36",2026-08-03 08:38:00.000,
7987,Empresa FictÃ­cia 7987,"86.837.229/0001-37",2026-08-03 08:38:00.000,
7988,Empresa FictÃ­cia 7988,"86.838.246/0001-38",2026-08-03 08:38:00.000,
7989,Empresa FictÃ­cia 7989,"86.839.263/0001-39",2026-08-03 08:38:00.000,
7990,Empresa FictÃ­cia 7990,"86.840.280/0001-40",2026-08-03 08:38:00.000,
7991,Empresa FictÃ­cia 7991,"86.841.297/0001-41",2026-08-03 08:38:00.000,
7992,Empresa FictÃ­cia 7992,"86.842.314/0001-42",2026-08-03 08:38:00.000,
7993,Empresa FictÃ­cia 7993,"86.843.331/0001-43",2026-08-03 08:38:00.000,
7994,Empresa FictÃ­cia 7994,"86.844.348/0001-44",2026-08-03 08:38:00.000,
7995,Empresa FictÃ­cia 7995,"86.845.365/0001-45",2026-08-03 08:38:00.000,
7996,Empresa FictÃ­cia 7996,"86.846.382/0001-46",2026-08-03 08:38:00.000,
7997,Empresa FictÃ­cia 7997,"86.847.399/0001-47",2026-08-03 08:38:00.000,
7998,Empresa FictÃ­cia 7998,"86.848.416/0001-48",2026-08-03 08:38:00.000,
7999,Empresa FictÃ­cia 7999,"86.849.433/0001-49",2026-08-03 08:38:00.000,
8000,Empresa FictÃ­cia 8000,"86.850.450/0001-50",2026-08-03 08:38:00.000,
8001,Empresa FictÃ­cia 8001,"86.851.467/0001-51",2026-08-03 08:38:00.000,
8002,Empresa FictÃ­cia 8002,"86.852.484/0001-52",2026-08-03 08:38:00.000,
8003,Empresa FictÃ­cia 8003,"86.853.501/0001-53",2026-08-03 08:38:00.000,
8004,Empresa FictÃ­cia 8004,"86.854.518/0001-54",2026-08-03 08:38:00.000,
8005,Empresa FictÃ­cia 8005,"86.855.535/0001-55",2026-08-03 08:38:00.000,
8006,Empresa FictÃ­cia 8006,"86.856.552/0001-56",2026-08-03 08:38:00.000,
8007,Empresa FictÃ­cia 8007,"86.857.569/0001-57",2026-08-03 08:38:00.000,
8008,Empresa FictÃ­cia 8008,"86.858.586/0001-58",2026-08-03 08:38:00.000,
8009,Empresa FictÃ­cia 8009,"86.859.603/0001-59",2026-08-03 08:38:00.000,
8010,Empresa FictÃ­cia 8010,"86.860.620/0001-60",2026-08-03 08:38:00.000,
8011,Empresa FictÃ­cia 8011,"86.861.637/0001-61",2026-08-03 08:38:00.000,
8012,Empresa FictÃ­cia 8012,"86.862.654/0001-62",2026-08-03 08:38:00.000,
8013,Empresa FictÃ­cia 8013,"86.863.671/0001-63",2026-08-03 08:38:00.000,
8014,Empresa FictÃ­cia 8014,"86.864.688/0001-64",2026-08-03 08:38:00.000,
8015,Empresa FictÃ­cia 8015,"86.865.705/0001-65",2026-08-03 08:38:00.000,
8016,Empresa FictÃ­cia 8016,"86.866.722/0001-66",2026-08-03 08:38:00.000,
8017,Empresa FictÃ­cia 8017,"86.867.739/0001-67",2026-08-03 08:38:00.000,
8018,Empresa FictÃ­cia 8018,"86.868.756/0001-68",2026-08-03 08:38:00.000,
8019,Empresa FictÃ­cia 8019,"86.869.773/0001-69",2026-08-03 08:38:00.000,
8020,Empresa FictÃ­cia 8020,"86.870.790/0001-70",2026-08-03 08:38:00.000,
8021,Empresa FictÃ­cia 8021,"86.871.807/0001-71",2026-08-03 08:38:00.000,
8022,Empresa FictÃ­cia 8022,"86.872.824/0001-72",2026-08-03 08:38:00.000,
8023,Empresa FictÃ­cia 8023,"86.873.841/0001-73",2026-08-03 08:38:00.000,
8024,Empresa FictÃ­cia 8024,"86.874.858/0001-74",2026-08-03 08:38:00.000,
8025,Empresa FictÃ­cia 8025,"86.875.875/0001-75",2026-08-03 08:38:00.000,
8026,Empresa FictÃ­cia 8026,"86.876.892/0001-76",2026-08-03 08:38:00.000,
8027,Empresa FictÃ­cia 8027,"86.877.909/0001-77",2026-08-03 08:38:00.000,
8028,Empresa FictÃ­cia 8028,"86.878.926/0001-78",2026-08-03 08:38:00.000,
8029,Empresa FictÃ­cia 8029,"86.879.943/0001-79",2026-08-03 08:38:00.000,
8030,Empresa FictÃ­cia 8030,"86.880.960/0001-80",2026-08-03 08:38:00.000,
8031,Empresa FictÃ­cia 8031,"86.881.977/0001-81",2026-08-03 08:38:00.000,
8032,Empresa FictÃ­cia 8032,"86.882.994/0001-82",2026-08-03 08:38:00.000,
8033,Empresa FictÃ­cia 8033,"86.883.011/0001-83",2026-08-03 08:38:00.000,
8034,Empresa FictÃ­cia 8034,"86.884.028/0001-84",2026-08-03 08:38:00.000,
8035,Empresa FictÃ­cia 8035,"86.885.045/0001-85",2026-08-03 08:38:00.000,
8036,Empresa FictÃ­cia 8036,"86.886.062/0001-86",2026-08-03 08:38:00.000,
8037,Empresa FictÃ­cia 8037,"86.887.079/0001-87",2026-08-03 08:38:00.000,
8038,Empresa FictÃ­cia 8038,"86.888.096/0001-88",2026-08-03 08:38:00.000,
8039,Empresa FictÃ­cia 8039,"86.889.113/0001-89",2026-08-03 08:38:00.000,
8040,Empresa FictÃ­cia 8040,"86.890.130/0001-90",2026-08-03 08:38:00.000,
8041,Empresa FictÃ­cia 8041,"86.891.147/0001-91",2026-08-03 08:38:00.000,
8042,Empresa FictÃ­cia 8042,"86.892.164/0001-92",2026-08-03 08:38:00.000,
8043,Empresa FictÃ­cia 8043,"86.893.181/0001-93",2026-08-03 08:38:00.000,
8044,Empresa FictÃ­cia 8044,"86.894.198/0001-94",2026-08-03 08:38:00.000,
8045,Empresa FictÃ­cia 8045,"86.895.215/0001-95",2026-08-03 08:38:00.000,
8046,Empresa FictÃ­cia 8046,"86.896.232/0001-96",2026-08-03 08:38:00.000,
8047,Empresa FictÃ­cia 8047,"86.897.249/0001-97",2026-08-03 08:38:00.000,
8048,Empresa FictÃ­cia 8048,"86.898.266/0001-98",2026-08-03 08:38:00.000,
8049,Empresa FictÃ­cia 8049,"86.899.283/0001-99",2026-08-03 08:38:00.000,
8050,Empresa FictÃ­cia 8050,"86.900.300/0001-00",2026-08-03 08:38:00.000,
8051,Empresa FictÃ­cia 8051,"86.901.317/0001-01",2026-08-03 08:38:00.000,
8052,Empresa FictÃ­cia 8052,"86.902.334/0001-02",2026-08-03 08:38:00.000,
8053,Empresa FictÃ­cia 8053,"86.903.351/0001-03",2026-08-03 08:38:00.000,
8054,Empresa FictÃ­cia 8054,"86.904.368/0001-04",2026-08-03 08:38:00.000,
8055,Empresa FictÃ­cia 8055,"86.905.385/0001-05",2026-08-03 08:38:00.000,
8056,Empresa FictÃ­cia 8056,"86.906.402/0001-06",2026-08-03 08:38:00.000,
8057,Empresa FictÃ­cia 8057,"86.907.419/0001-07",2026-08-03 08:38:00.000,
8058,Empresa FictÃ­cia 8058,"86.908.436/0001-08",2026-08-03 08:38:00.000,
8059,Empresa FictÃ­cia 8059,"86.909.453/0001-09",2026-08-03 08:38:00.000,
8060,Empresa FictÃ­cia 8060,"86.910.470/0001-10",2026-08-03 08:38:00.000,
8061,Empresa FictÃ­cia 8061,"86.911.487/0001-11",2026-08-03 08:38:00.000,
8062,Empresa FictÃ­cia 8062,"86.912.504/0001-12",2026-08-03 08:38:00.000,
8063,Empresa FictÃ­cia 8063,"86.913.521/0001-13",2026-08-03 08:38:00.000,
8064,Empresa FictÃ­cia 8064,"86.914.538/0001-14",2026-08-03 08:38:00.000,
8065,Empresa FictÃ­cia 8065,"86.915.555/0001-15",2026-08-03 08:38:00.000,
8066,Empresa FictÃ­cia 8066,"86.916.572/0001-16",2026-08-03 08:38:00.000,
8067,Empresa FictÃ­cia 8067,"86.917.589/0001-17",2026-08-03 08:38:00.000,
8068,Empresa FictÃ­cia 8068,"86.918.606/0001-18",2026-08-03 08:38:00.000,
8069,Empresa FictÃ­cia 8069,"86.919.623/0001-19",2026-08-03 08:38:00.000,
8070,Empresa FictÃ­cia 8070,"86.920.640/0001-20",2026-08-03 08:38:00.000,
8071,Empresa FictÃ­cia 8071,"86.921.657/0001-21",2026-08-03 08:38:00.000,
8072,Empresa FictÃ­cia 8072,"86.922.674/0001-22",2026-08-03 08:38:00.000,
8073,Empresa FictÃ­cia 8073,"86.923.691/0001-23",2026-08-03 08:38:00.000,
8074,Empresa FictÃ­cia 8074,"86.924.708/0001-24",2026-08-03 08:38:00.000,
8075,Empresa FictÃ­cia 8075,"86.925.725/0001-25",2026-08-03 08:38:00.000,
8076,Empresa FictÃ­cia 8076,"86.926.742/0001-26",2026-08-03 08:38:00.000,
8077,Empresa FictÃ­cia 8077,"86.927.759/0001-27",2026-08-03 08:38:00.000,
8078,Empresa FictÃ­cia 8078,"86.928.776/0001-28",2026-08-03 08:38:00.000,
8079,Empresa FictÃ­cia 8079,"86.929.793/0001-29",2026-08-03 08:38:00.000,
8080,Empresa FictÃ­cia 8080,"86.930.810/0001-30",2026-08-03 08:38:00.000,
8081,Empresa FictÃ­cia 8081,"86.931.827/0001-31",2026-08-03 08:38:00.000,
8082,Empresa FictÃ­cia 8082,"86.932.844/0001-32",2026-08-03 08:38:00.000,
8083,Empresa FictÃ­cia 8083,"86.933.861/0001-33",2026-08-03 08:38:00.000,
8084,Empresa FictÃ­cia 8084,"86.934.878/0001-34",2026-08-03 08:38:00.000,
8085,Empresa FictÃ­cia 8085,"86.935.895/0001-35",2026-08-03 08:38:00.000,
8086,Empresa FictÃ­cia 8086,"86.936.912/0001-36",2026-08-03 08:38:00.000,
8087,Empresa FictÃ­cia 8087,"86.937.929/0001-37",2026-08-03 08:38:00.000,
8088,Empresa FictÃ­cia 8088,"86.938.946/0001-38",2026-08-03 08:38:00.000,
8089,Empresa FictÃ­cia 8089,"86.939.963/0001-39",2026-08-03 08:38:00.000,
8090,Empresa FictÃ­cia 8090,"86.940.980/0001-40",2026-08-03 08:38:00.000,
8091,Empresa FictÃ­cia 8091,"86.941.997/0001-41",2026-08-03 08:38:00.000,
8092,Empresa FictÃ­cia 8092,"86.942.014/0001-42",2026-08-03 08:38:00.000,
8093,Empresa FictÃ­cia 8093,"86.943.031/0001-43",2026-08-03 08:38:00.000,
8094,Empresa FictÃ­cia 8094,"86.944.048/0001-44",2026-08-03 08:38:00.000,
8095,Empresa FictÃ­cia 8095,"86.945.065/0001-45",2026-08-03 08:38:00.000,
8096,Empresa FictÃ­cia 8096,"86.946.082/0001-46",2026-08-03 08:38:00.000,
8097,Empresa FictÃ­cia 8097,"86.947.099/0001-47",2026-08-03 08:38:00.000,
8098,Empresa FictÃ­cia 8098,"86.948.116/0001-48",2026-08-03 08:38:00.000,
8099,Empresa FictÃ­cia 8099,"86.949.133/0001-49",2026-08-03 08:38:00.000,
8100,Empresa FictÃ­cia 8100,"86.950.150/0001-50",2026-08-03 08:38:00.000,
8101,Empresa FictÃ­cia 8101,"86.951.167/0001-51",2026-08-03 08:38:00.000,
8102,Empresa FictÃ­cia 8102,"86.952.184/0001-52",2026-08-03 08:38:00.000,
8103,Empresa FictÃ­cia 8103,"86.953.201/0001-53",2026-08-03 08:38:00.000,
8104,Empresa FictÃ­cia 8104,"86.954.218/0001-54",2026-08-03 08:38:00.000,
8105,Empresa FictÃ­cia 8105,"86.955.235/0001-55",2026-08-03 08:38:00.000,
8106,Empresa FictÃ­cia 8106,"86.956.252/0001-56",2026-08-03 08:38:00.000,
8107,Empresa FictÃ­cia 8107,"86.957.269/0001-57",2026-08-03 08:38:00.000,
8108,Empresa FictÃ­cia 8108,"86.958.286/0001-58",2026-08-03 08:38:00.000,
8109,Empresa FictÃ­cia 8109,"86.959.303/0001-59",2026-08-03 08:38:00.000,
8110,Empresa FictÃ­cia 8110,"86.960.320/0001-60",2026-08-03 08:38:00.000,
8111,Empresa FictÃ­cia 8111,"86.961.337/0001-61",2026-08-03 08:38:00.000,
8112,Empresa FictÃ­cia 8112,"86.962.354/0001-62",2026-08-03 08:38:00.000,
8113,Empresa FictÃ­cia 8113,"86.963.371/0001-63",2026-08-03 08:38:00.000,
8114,Empresa FictÃ­cia 8114,"86.964.388/0001-64",2026-08-03 08:38:00.000,
8115,Empresa FictÃ­cia 8115,"86.965.405/0001-65",2026-08-03 08:38:00.000,
8116,Empresa FictÃ­cia 8116,"86.966.422/0001-66",2026-08-03 08:38:00.000,
8117,Empresa FictÃ­cia 8117,"86.967.439/0001-67",2026-08-03 08:38:00.000,
8118,Empresa FictÃ­cia 8118,"86.968.456/0001-68",2026-08-03 08:38:00.000,
8119,Empresa FictÃ­cia 8119,"86.969.473/0001-69",2026-08-03 08:38:00.000,
8120,Empresa FictÃ­cia 8120,"86.970.490/0001-70",2026-08-03 08:38:00.000,
8121,Empresa FictÃ­cia 8121,"86.971.507/0001-71",2026-08-03 08:38:00.000,
8122,Empresa FictÃ­cia 8122,"86.972.524/0001-72",2026-08-03 08:38:00.000,
8123,Empresa FictÃ­cia 8123,"86.973.541/0001-73",2026-08-03 08:38:00.000,
8124,Empresa FictÃ­cia 8124,"86.974.558/0001-74",2026-08-03 08:38:00.000,
8125,Empresa FictÃ­cia 8125,"86.975.575/0001-75",2026-08-03 08:38:00.000,
8126,Empresa FictÃ­cia 8126,"86.976.592/0001-76",2026-08-03 08:38:00.000,
8127,Empresa FictÃ­cia 8127,"86.977.609/0001-77",2026-08-03 08:38:00.000,
8128,Empresa FictÃ­cia 8128,"86.978.626/0001-78",2026-08-03 08:38:00.000,
8129,Empresa FictÃ­cia 8129,"86.979.643/0001-79",2026-08-03 08:38:00.000,
8130,Empresa FictÃ­cia 8130,"86.980.660/0001-80",2026-08-03 08:38:00.000,
8131,Empresa FictÃ­cia 8131,"86.981.677/0001-81",2026-08-03 08:38:00.000,
8132,Empresa FictÃ­cia 8132,"86.982.694/0001-82",2026-08-03 08:38:00.000,
8133,Empresa FictÃ­cia 8133,"86.983.711/0001-83",2026-08-03 08:38:00.000,
8134,Empresa FictÃ­cia 8134,"86.984.728/0001-84",2026-08-03 08:38:00.000,
8135,Empresa FictÃ­cia 8135,"86.985.745/0001-85",2026-08-03 08:38:00.000,
8136,Empresa FictÃ­cia 8136,"86.986.762/0001-86",2026-08-03 08:38:00.000,
8137,Empresa FictÃ­cia 8137,"86.987.779/0001-87",2026-08-03 08:38:00.000,
8138,Empresa FictÃ­cia 8138,"86.988.796/0001-88",2026-08-03 08:38:00.000,
8139,Empresa FictÃ­cia 8139,"86.989.813/0001-89",2026-08-03 08:38:00.000,
8140,Empresa FictÃ­cia 8140,"86.990.830/0001-90",2026-08-03 08:38:00.000,
8141,Empresa FictÃ­cia 8141,"86.991.847/0001-91",2026-08-03 08:38:00.000,
8142,Empresa FictÃ­cia 8142,"86.992.864/0001-92",2026-08-03 08:38:00.000,
8143,Empresa FictÃ­cia 8143,"86.993.881/0001-93",2026-08-03 08:38:00.000,
8144,Empresa FictÃ­cia 8144,"86.994.898/0001-94",2026-08-03 08:38:00.000,
8145,Empresa FictÃ­cia 8145,"86.995.915/0001-95",2026-08-03 08:38:00.000,
8146,Empresa FictÃ­cia 8146,"86.996.932/0001-96",2026-08-03 08:38:00.000,
8147,Empresa FictÃ­cia 8147,"86.997.949/0001-97",2026-08-03 08:38:00.000,
8148,Empresa FictÃ­cia 8148,"86.998.966/0001-98",2026-08-03 08:38:00.000,
8149,Empresa FictÃ­cia 8149,"86.999.983/0001-99",2026-08-03 08:38:00.000,
8150,Empresa FictÃ­cia 8150,"87.000.000/0001-00",2026-08-03 08:38:00.000,
8151,Empresa FictÃ­cia 8151,"87.001.017/0001-01",2026-08-03 08:38:00.000,
8152,Empresa FictÃ­cia 8152,"87.002.034/0001-02",2026-08-03 08:38:00.000,
8153,Empresa FictÃ­cia 8153,"87.003.051/0001-03",2026-08-03 08:38:00.000,
8154,Empresa FictÃ­cia 8154,"87.004.068/0001-04",2026-08-03 08:38:00.000,
8155,Empresa FictÃ­cia 8155,"87.005.085/0001-05",2026-08-03 08:38:00.000,
8156,Empresa FictÃ­cia 8156,"87.006.102/0001-06",2026-08-03 08:38:00.000,
8157,Empresa FictÃ­cia 8157,"87.007.119/0001-07",2026-08-03 08:38:00.000,
8158,Empresa FictÃ­cia 8158,"87.008.136/0001-08",2026-08-03 08:38:00.000,
8159,Empresa FictÃ­cia 8159,"87.009.153/0001-09",2026-08-03 08:38:00.000,
8160,Empresa FictÃ­cia 8160,"87.010.170/0001-10",2026-08-03 08:38:00.000,
8161,Empresa FictÃ­cia 8161,"87.011.187/0001-11",2026-08-03 08:38:00.000,
8162,Empresa FictÃ­cia 8162,"87.012.204/0001-12",2026-08-03 08:38:00.000,
8163,Empresa FictÃ­cia 8163,"87.013.221/0001-13",2026-08-03 08:38:00.000,
8164,Empresa FictÃ­cia 8164,"87.014.238/0001-14",2026-08-03 08:38:00.000,
8165,Empresa FictÃ­cia 8165,"87.015.255/0001-15",2026-08-03 08:38:00.000,
8166,Empresa FictÃ­cia 8166,"87.016.272/0001-16",2026-08-03 08:38:00.000,
8167,Empresa FictÃ­cia 8167,"87.017.289/0001-17",2026-08-03 08:38:00.000,
8168,Empresa FictÃ­cia 8168,"87.018.306/0001-18",2026-08-03 08:38:00.000,
8169,Empresa FictÃ­cia 8169,"87.019.323/0001-19",2026-08-03 08:38:00.000,
8170,Empresa FictÃ­cia 8170,"87.020.340/0001-20",2026-08-03 08:38:00.000,
8171,Empresa FictÃ­cia 8171,"87.021.357/0001-21",2026-08-03 08:38:00.000,
8172,Empresa FictÃ­cia 8172,"87.022.374/0001-22",2026-08-03 08:38:00.000,
8173,Empresa FictÃ­cia 8173,"87.023.391/0001-23",2026-08-03 08:38:00.000,
8174,Empresa FictÃ­cia 8174,"87.024.408/0001-24",2026-08-03 08:38:00.000,
8175,Empresa FictÃ­cia 8175,"87.025.425/0001-25",2026-08-03 08:38:00.000,
8176,Empresa FictÃ­cia 8176,"87.026.442/0001-26",2026-08-03 08:38:00.000,
8177,Empresa FictÃ­cia 8177,"87.027.459/0001-27",2026-08-03 08:38:00.000,
8178,Empresa FictÃ­cia 8178,"87.028.476/0001-28",2026-08-03 08:38:00.000,
8179,Empresa FictÃ­cia 8179,"87.029.493/0001-29",2026-08-03 08:38:00.000,
8180,Empresa FictÃ­cia 8180,"87.030.510/0001-30",2026-08-03 08:38:00.000,
8181,Empresa FictÃ­cia 8181,"87.031.527/0001-31",2026-08-03 08:38:00.000,
8182,Empresa FictÃ­cia 8182,"87.032.544/0001-32",2026-08-03 08:38:00.000,
8183,Empresa FictÃ­cia 8183,"87.033.561/0001-33",2026-08-03 08:38:00.000,
8184,Empresa FictÃ­cia 8184,"87.034.578/0001-34",2026-08-03 08:38:00.000,
8185,Empresa FictÃ­cia 8185,"87.035.595/0001-35",2026-08-03 08:38:00.000,
8186,Empresa FictÃ­cia 8186,"87.036.612/0001-36",2026-08-03 08:38:00.000,
8187,Empresa FictÃ­cia 8187,"87.037.629/0001-37",2026-08-03 08:38:00.000,
8188,Empresa FictÃ­cia 8188,"87.038.646/0001-38",2026-08-03 08:38:00.000,
8189,Empresa FictÃ­cia 8189,"87.039.663/0001-39",2026-08-03 08:38:00.000,
8190,Empresa FictÃ­cia 8190,"87.040.680/0001-40",2026-08-03 08:38:00.000,
8191,Empresa FictÃ­cia 8191,"87.041.697/0001-41",2026-08-03 08:38:00.000,
8192,Empresa FictÃ­cia 8192,"87.042.714/0001-42",2026-08-03 08:38:00.000,
8193,Empresa FictÃ­cia 8193,"87.043.731/0001-43",2026-08-03 08:38:00.000,
8194,Empresa FictÃ­cia 8194,"87.044.748/0001-44",2026-08-03 08:38:00.000,
8195,Empresa FictÃ­cia 8195,"87.045.765/0001-45",2026-08-03 08:38:00.000,
8196,Empresa FictÃ­cia 8196,"87.046.782/0001-46",2026-08-03 08:38:00.000,
8197,Empresa FictÃ­cia 8197,"87.047.799/0001-47",2026-08-03 08:38:00.000,
8198,Empresa FictÃ­cia 8198,"87.048.816/0001-48",2026-08-03 08:38:00.000,
8199,Empresa FictÃ­cia 8199,"87.049.833/0001-49",2026-08-03 08:38:00.000,
8200,Empresa FictÃ­cia 8200,"87.050.850/0001-50",2026-08-03 08:38:00.000,
8201,Empresa FictÃ­cia 8201,"87.051.867/0001-51",2026-08-03 08:38:00.000,
8202,Empresa FictÃ­cia 8202,"87.052.884/0001-52",2026-08-03 08:38:00.000,
8203,Empresa FictÃ­cia 8203,"87.053.901/0001-53",2026-08-03 08:38:00.000,
8204,Empresa FictÃ­cia 8204,"87.054.918/0001-54",2026-08-03 08:38:00.000,
8205,Empresa FictÃ­cia 8205,"87.055.935/0001-55",2026-08-03 08:38:00.000,
8206,Empresa FictÃ­cia 8206,"87.056.952/0001-56",2026-08-03 08:38:00.000,
8207,Empresa FictÃ­cia 8207,"87.057.969/0001-57",2026-08-03 08:38:00.000,
8208,Empresa FictÃ­cia 8208,"87.058.986/0001-58",2026-08-03 08:38:00.000,
8209,Empresa FictÃ­cia 8209,"87.059.003/0001-59",2026-08-03 08:38:00.000,
8210,Empresa FictÃ­cia 8210,"87.060.020/0001-60",2026-08-03 08:38:00.000,
8211,Empresa FictÃ­cia 8211,"87.061.037/0001-61",2026-08-03 08:38:00.000,
8212,Empresa FictÃ­cia 8212,"87.062.054/0001-62",2026-08-03 08:38:00.000,
8213,Empresa FictÃ­cia 8213,"87.063.071/0001-63",2026-08-03 08:38:00.000,
8214,Empresa FictÃ­cia 8214,"87.064.088/0001-64",2026-08-03 08:38:00.000,
8215,Empresa FictÃ­cia 8215,"87.065.105/0001-65",2026-08-03 08:38:00.000,
8216,Empresa FictÃ­cia 8216,"87.066.122/0001-66",2026-08-03 08:38:00.000,
8217,Empresa FictÃ­cia 8217,"87.067.139/0001-67",2026-08-03 08:38:00.000,
8218,Empresa FictÃ­cia 8218,"87.068.156/0001-68",2026-08-03 08:38:00.000,
8219,Empresa FictÃ­cia 8219,"87.069.173/0001-69",2026-08-03 08:38:00.000,
8220,Empresa FictÃ­cia 8220,"87.070.190/0001-70",2026-08-03 08:38:00.000,
8221,Empresa FictÃ­cia 8221,"87.071.207/0001-71",2026-08-03 08:38:00.000,
8222,Empresa FictÃ­cia 8222,"87.072.224/0001-72",2026-08-03 08:38:00.000,
8223,Empresa FictÃ­cia 8223,"87.073.241/0001-73",2026-08-03 08:38:00.000,
8224,Empresa FictÃ­cia 8224,"87.074.258/0001-74",2026-08-03 08:38:00.000,
8225,Empresa FictÃ­cia 8225,"87.075.275/0001-75",2026-08-03 08:38:00.000,
8226,Empresa FictÃ­cia 8226,"87.076.292/0001-76",2026-08-03 08:38:00.000,
8227,Empresa FictÃ­cia 8227,"87.077.309/0001-77",2026-08-03 08:38:00.000,
8228,Empresa FictÃ­cia 8228,"87.078.326/0001-78",2026-08-03 08:38:00.000,
8229,Empresa FictÃ­cia 8229,"87.079.343/0001-79",2026-08-03 08:38:00.000,
8230,Empresa FictÃ­cia 8230,"87.080.360/0001-80",2026-08-03 08:38:00.000,
8231,Empresa FictÃ­cia 8231,"87.081.377/0001-81",2026-08-03 08:38:00.000,
8232,Empresa FictÃ­cia 8232,"87.082.394/0001-82",2026-08-03 08:38:00.000,
8233,Empresa FictÃ­cia 8233,"87.083.411/0001-83",2026-08-03 08:38:00.000,
8234,Empresa FictÃ­cia 8234,"87.084.428/0001-84",2026-08-03 08:38:00.000,
8235,Empresa FictÃ­cia 8235,"87.085.445/0001-85",2026-08-03 08:38:00.000,
8236,Empresa FictÃ­cia 8236,"87.086.462/0001-86",2026-08-03 08:38:00.000,
8237,Empresa FictÃ­cia 8237,"87.087.479/0001-87",2026-08-03 08:38:00.000,
8238,Empresa FictÃ­cia 8238,"87.088.496/0001-88",2026-08-03 08:38:00.000,
8239,Empresa FictÃ­cia 8239,"87.089.513/0001-89",2026-08-03 08:38:00.000,
8240,Empresa FictÃ­cia 8240,"87.090.530/0001-90",2026-08-03 08:38:00.000,
8241,Empresa FictÃ­cia 8241,"87.091.547/0001-91",2026-08-03 08:38:00.000,
8242,Empresa FictÃ­cia 8242,"87.092.564/0001-92",2026-08-03 08:38:00.000,
8243,Empresa FictÃ­cia 8243,"87.093.581/0001-93",2026-08-03 08:38:00.000,
8244,Empresa FictÃ­cia 8244,"87.094.598/0001-94",2026-08-03 08:38:00.000,
8245,Empresa FictÃ­cia 8245,"87.095.615/0001-95",2026-08-03 08:38:00.000,
8246,Empresa FictÃ­cia 8246,"87.096.632/0001-96",2026-08-03 08:38:00.000,
8247,Empresa FictÃ­cia 8247,"87.097.649/0001-97",2026-08-03 08:38:00.000,
8248,Empresa FictÃ­cia 8248,"87.098.666/0001-98",2026-08-03 08:38:00.000,
8249,Empresa FictÃ­cia 8249,"87.099.683/0001-99",2026-08-03 08:38:00.000,
8250,Empresa FictÃ­cia 8250,"87.100.700/0001-00",2026-08-03 08:38:00.000,
8251,Empresa FictÃ­cia 8251,"87.101.717/0001-01",2026-08-03 08:38:00.000,
8252,Empresa FictÃ­cia 8252,"87.102.734/0001-02",2026-08-03 08:38:00.000,
8253,Empresa FictÃ­cia 8253,"87.103.751/0001-03",2026-08-03 08:38:00.000,
8254,Empresa FictÃ­cia 8254,"87.104.768/0001-04",2026-08-03 08:38:00.000,
8255,Empresa FictÃ­cia 8255,"87.105.785/0001-05",2026-08-03 08:38:00.000,
8256,Empresa FictÃ­cia 8256,"87.106.802/0001-06",2026-08-03 08:38:00.000,
8257,Empresa FictÃ­cia 8257,"87.107.819/0001-07",2026-08-03 08:38:00.000,
8258,Empresa FictÃ­cia 8258,"87.108.836/0001-08",2026-08-03 08:38:00.000,
8259,Empresa FictÃ­cia 8259,"87.109.853/0001-09",2026-08-03 08:38:00.000,
8260,Empresa FictÃ­cia 8260,"87.110.870/0001-10",2026-08-03 08:38:00.000,
8261,Empresa FictÃ­cia 8261,"87.111.887/0001-11",2026-08-03 08:38:00.000,
8262,Empresa FictÃ­cia 8262,"87.112.904/0001-12",2026-08-03 08:38:00.000,
8263,Empresa FictÃ­cia 8263,"87.113.921/0001-13",2026-08-03 08:38:00.000,
8264,Empresa FictÃ­cia 8264,"87.114.938/0001-14",2026-08-03 08:38:00.000,
8265,Empresa FictÃ­cia 8265,"87.115.955/0001-15",2026-08-03 08:38:00.000,
8266,Empresa FictÃ­cia 8266,"87.116.972/0001-16",2026-08-03 08:38:00.000,
8267,Empresa FictÃ­cia 8267,"87.117.989/0001-17",2026-08-03 08:38:00.000,
8268,Empresa FictÃ­cia 8268,"87.118.006/0001-18",2026-08-03 08:38:00.000,
8269,Empresa FictÃ­cia 8269,"87.119.023/0001-19",2026-08-03 08:38:00.000,
8270,Empresa FictÃ­cia 8270,"87.120.040/0001-20",2026-08-03 08:38:00.000,
8271,Empresa FictÃ­cia 8271,"87.121.057/0001-21",2026-08-03 08:38:00.000,
8272,Empresa FictÃ­cia 8272,"87.122.074/0001-22",2026-08-03 08:38:00.000,
8273,Empresa FictÃ­cia 8273,"87.123.091/0001-23",2026-08-03 08:38:00.000,
8274,Empresa FictÃ­cia 8274,"87.124.108/0001-24",2026-08-03 08:38:00.000,
8275,Empresa FictÃ­cia 8275,"87.125.125/0001-25",2026-08-03 08:38:00.000,
8276,Empresa FictÃ­cia 8276,"87.126.142/0001-26",2026-08-03 08:38:00.000,
8277,Empresa FictÃ­cia 8277,"87.127.159/0001-27",2026-08-03 08:38:00.000,
8278,Empresa FictÃ­cia 8278,"87.128.176/0001-28",2026-08-03 08:38:00.000,
8279,Empresa FictÃ­cia 8279,"87.129.193/0001-29",2026-08-03 08:38:00.000,
8280,Empresa FictÃ­cia 8280,"87.130.210/0001-30",2026-08-03 08:38:00.000,
8281,Empresa FictÃ­cia 8281,"87.131.227/0001-31",2026-08-03 08:38:00.000,
8282,Empresa FictÃ­cia 8282,"87.132.244/0001-32",2026-08-03 08:38:00.000,
8283,Empresa FictÃ­cia 8283,"87.133.261/0001-33",2026-08-03 08:38:00.000,
8284,Empresa FictÃ­cia 8284,"87.134.278/0001-34",2026-08-03 08:38:00.000,
8285,Empresa FictÃ­cia 8285,"87.135.295/0001-35",2026-08-03 08:38:00.000,
8286,Empresa FictÃ­cia 8286,"87.136.312/0001-36",2026-08-03 08:38:00.000,
8287,Empresa FictÃ­cia 8287,"87.137.329/0001-37",2026-08-03 08:38:00.000,
8288,Empresa FictÃ­cia 8288,"87.138.346/0001-38",2026-08-03 08:38:00.000,
8289,Empresa FictÃ­cia 8289,"87.139.363/0001-39",2026-08-03 08:38:00.000,
8290,Empresa FictÃ­cia 8290,"87.140.380/0001-40",2026-08-03 08:38:00.000,
8291,Empresa FictÃ­cia 8291,"87.141.397/0001-41",2026-08-03 08:38:00.000,
8292,Empresa FictÃ­cia 8292,"87.142.414/0001-42",2026-08-03 08:38:00.000,
8293,Empresa FictÃ­cia 8293,"87.143.431/0001-43",2026-08-03 08:38:00.000,
8294,Empresa FictÃ­cia 8294,"87.144.448/0001-44",2026-08-03 08:38:00.000,
8295,Empresa FictÃ­cia 8295,"87.145.465/0001-45",2026-08-03 08:38:00.000,
8296,Empresa FictÃ­cia 8296,"87.146.482/0001-46",2026-08-03 08:38:00.000,
8297,Empresa FictÃ­cia 8297,"87.147.499/0001-47",2026-08-03 08:38:00.000,
8298,Empresa FictÃ­cia 8298,"87.148.516/0001-48",2026-08-03 08:38:00.000,
8299,Empresa FictÃ­cia 8299,"87.149.533/0001-49",2026-08-03 08:38:00.000,
8300,Empresa FictÃ­cia 8300,"87.150.550/0001-50",2026-08-03 08:38:00.000,
8301,Empresa FictÃ­cia 8301,"87.151.567/0001-51",2026-08-03 08:38:00.000,
8302,Empresa FictÃ­cia 8302,"87.152.584/0001-52",2026-08-03 08:38:00.000,
8303,Empresa FictÃ­cia 8303,"87.153.601/0001-53",2026-08-03 08:38:00.000,
8304,Empresa FictÃ­cia 8304,"87.154.618/0001-54",2026-08-03 08:38:00.000,
8305,Empresa FictÃ­cia 8305,"87.155.635/0001-55",2026-08-03 08:38:00.000,
8306,Empresa FictÃ­cia 8306,"87.156.652/0001-56",2026-08-03 08:38:00.000,
8307,Empresa FictÃ­cia 8307,"87.157.669/0001-57",2026-08-03 08:38:00.000,
8308,Empresa FictÃ­cia 8308,"87.158.686/0001-58",2026-08-03 08:38:00.000,
8309,Empresa FictÃ­cia 8309,"87.159.703/0001-59",2026-08-03 08:38:00.000,
8310,Empresa FictÃ­cia 8310,"87.160.720/0001-60",2026-08-03 08:38:00.000,
8311,Empresa FictÃ­cia 8311,"87.161.737/0001-61",2026-08-03 08:38:00.000,
8312,Empresa FictÃ­cia 8312,"87.162.754/0001-62",2026-08-03 08:38:00.000,
8313,Empresa FictÃ­cia 8313,"87.163.771/0001-63",2026-08-03 08:38:00.000,
8314,Empresa FictÃ­cia 8314,"87.164.788/0001-64",2026-08-03 08:38:00.000,
8315,Empresa FictÃ­cia 8315,"87.165.805/0001-65",2026-08-03 08:38:00.000,
8316,Empresa FictÃ­cia 8316,"87.166.822/0001-66",2026-08-03 08:38:00.000,
8317,Empresa FictÃ­cia 8317,"87.167.839/0001-67",2026-08-03 08:38:00.000,
8318,Empresa FictÃ­cia 8318,"87.168.856/0001-68",2026-08-03 08:38:00.000,
8319,Empresa FictÃ­cia 8319,"87.169.873/0001-69",2026-08-03 08:38:00.000,
8320,Empresa FictÃ­cia 8320,"87.170.890/0001-70",2026-08-03 08:38:00.000,
8321,Empresa FictÃ­cia 8321,"87.171.907/0001-71",2026-08-03 08:38:00.000,
8322,Empresa FictÃ­cia 8322,"87.172.924/0001-72",2026-08-03 08:38:00.000,
8323,Empresa FictÃ­cia 8323,"87.173.941/0001-73",2026-08-03 08:38:00.000,
8324,Empresa FictÃ­cia 8324,"87.174.958/0001-74",2026-08-03 08:38:00.000,
8325,Empresa FictÃ­cia 8325,"87.175.975/0001-75",2026-08-03 08:38:00.000,
8326,Empresa FictÃ­cia 8326,"87.176.992/0001-76",2026-08-03 08:38:00.000,
8327,Empresa FictÃ­cia 8327,"87.177.009/0001-77",2026-08-03 08:38:00.000,
8328,Empresa FictÃ­cia 8328,"87.178.026/0001-78",2026-08-03 08:38:00.000,
8329,Empresa FictÃ­cia 8329,"87.179.043/0001-79",2026-08-03 08:38:00.000,
8330,Empresa FictÃ­cia 8330,"87.180.060/0001-80",2026-08-03 08:38:00.000,
8331,Empresa FictÃ­cia 8331,"87.181.077/0001-81",2026-08-03 08:38:00.000,
8332,Empresa FictÃ­cia 8332,"87.182.094/0001-82",2026-08-03 08:38:00.000,
8333,Empresa FictÃ­cia 8333,"87.183.111/0001-83",2026-08-03 08:38:00.000,
8334,Empresa FictÃ­cia 8334,"87.184.128/0001-84",2026-08-03 08:38:00.000,
8335,Empresa FictÃ­cia 8335,"87.185.145/0001-85",2026-08-03 08:38:00.000,
8336,Empresa FictÃ­cia 8336,"87.186.162/0001-86",2026-08-03 08:38:00.000,
8337,Empresa FictÃ­cia 8337,"87.187.179/0001-87",2026-08-03 08:38:00.000,
8338,Empresa FictÃ­cia 8338,"87.188.196/0001-88",2026-08-03 08:38:00.000,
8339,Empresa FictÃ­cia 8339,"87.189.213/0001-89",2026-08-03 08:38:00.000,
8340,Empresa FictÃ­cia 8340,"87.190.230/0001-90",2026-08-03 08:38:00.000,
8341,Empresa FictÃ­cia 8341,"87.191.247/0001-91",2026-08-03 08:38:00.000,
8342,Empresa FictÃ­cia 8342,"87.192.264/0001-92",2026-08-03 08:38:00.000,
8343,Empresa FictÃ­cia 8343,"87.193.281/0001-93",2026-08-03 08:38:00.000,
8344,Empresa FictÃ­cia 8344,"87.194.298/0001-94",2026-08-03 08:38:00.000,
8345,Empresa FictÃ­cia 8345,"87.195.315/0001-95",2026-08-03 08:38:00.000,
8346,Empresa FictÃ­cia 8346,"87.196.332/0001-96",2026-08-03 08:38:00.000,
8347,Empresa FictÃ­cia 8347,"87.197.349/0001-97",2026-08-03 08:38:00.000,
8348,Empresa FictÃ­cia 8348,"87.198.366/0001-98",2026-08-03 08:38:00.000,
8349,Empresa FictÃ­cia 8349,"87.199.383/0001-99",2026-08-03 08:38:00.000,
8350,Empresa FictÃ­cia 8350,"87.200.400/0001-00",2026-08-03 08:38:00.000,
8351,Empresa FictÃ­cia 8351,"87.201.417/0001-01",2026-08-03 08:38:00.000,
8352,Empresa FictÃ­cia 8352,"87.202.434/0001-02",2026-08-03 08:38:00.000,
8353,Empresa FictÃ­cia 8353,"87.203.451/0001-03",2026-08-03 08:38:00.000,
8354,Empresa FictÃ­cia 8354,"87.204.468/0001-04",2026-08-03 08:38:00.000,
8355,Empresa FictÃ­cia 8355,"87.205.485/0001-05",2026-08-03 08:38:00.000,
8356,Empresa FictÃ­cia 8356,"87.206.502/0001-06",2026-08-03 08:38:00.000,
8357,Empresa FictÃ­cia 8357,"87.207.519/0001-07",2026-08-03 08:38:00.000,
8358,Empresa FictÃ­cia 8358,"87.208.536/0001-08",2026-08-03 08:38:00.000,
8359,Empresa FictÃ­cia 8359,"87.209.553/0001-09",2026-08-03 08:38:00.000,
8360,Empresa FictÃ­cia 8360,"87.210.570/0001-10",2026-08-03 08:38:00.000,
8361,Empresa FictÃ­cia 8361,"87.211.587/0001-11",2026-08-03 08:38:00.000,
8362,Empresa FictÃ­cia 8362,"87.212.604/0001-12",2026-08-03 08:38:00.000,
8363,Empresa FictÃ­cia 8363,"87.213.621/0001-13",2026-08-03 08:38:00.000,
8364,Empresa FictÃ­cia 8364,"87.214.638/0001-14",2026-08-03 08:38:00.000,
8365,Empresa FictÃ­cia 8365,"87.215.655/0001-15",2026-08-03 08:38:00.000,
8366,Empresa FictÃ­cia 8366,"87.216.672/0001-16",2026-08-03 08:38:00.000,
8367,Empresa FictÃ­cia 8367,"87.217.689/0001-17",2026-08-03 08:38:00.000,
8368,Empresa FictÃ­cia 8368,"87.218.706/0001-18",2026-08-03 08:38:00.000,
8369,Empresa FictÃ­cia 8369,"87.219.723/0001-19",2026-08-03 08:38:00.000,
8370,Empresa FictÃ­cia 8370,"87.220.740/0001-20",2026-08-03 08:38:00.000,
8371,Empresa FictÃ­cia 8371,"87.221.757/0001-21",2026-08-03 08:38:00.000,
8372,Empresa FictÃ­cia 8372,"87.222.774/0001-22",2026-08-03 08:38:00.000,
8373,Empresa FictÃ­cia 8373,"87.223.791/0001-23",2026-08-03 08:38:00.000,
8374,Empresa FictÃ­cia 8374,"87.224.808/0001-24",2026-08-03 08:38:00.000,
8375,Empresa FictÃ­cia 8375,"87.225.825/0001-25",2026-08-03 08:38:00.000,
8376,Empresa FictÃ­cia 8376,"87.226.842/0001-26",2026-08-03 08:38:00.000,
8377,Empresa FictÃ­cia 8377,"87.227.859/0001-27",2026-08-03 08:38:00.000,
8378,Empresa FictÃ­cia 8378,"87.228.876/0001-28",2026-08-03 08:38:00.000,
8379,Empresa FictÃ­cia 8379,"87.229.893/0001-29",2026-08-03 08:38:00.000,
8380,Empresa FictÃ­cia 8380,"87.230.910/0001-30",2026-08-03 08:38:00.000,
8381,Empresa FictÃ­cia 8381,"87.231.927/0001-31",2026-08-03 08:38:00.000,
8382,Empresa FictÃ­cia 8382,"87.232.944/0001-32",2026-08-03 08:38:00.000,
8383,Empresa FictÃ­cia 8383,"87.233.961/0001-33",2026-08-03 08:38:00.000,
8384,Empresa FictÃ­cia 8384,"87.234.978/0001-34",2026-08-03 08:38:00.000,
8385,Empresa FictÃ­cia 8385,"87.235.995/0001-35",2026-08-03 08:38:00.000,
8386,Empresa FictÃ­cia 8386,"87.236.012/0001-36",2026-08-03 08:38:00.000,
8387,Empresa FictÃ­cia 8387,"87.237.029/0001-37",2026-08-03 08:38:00.000,
8388,Empresa FictÃ­cia 8388,"87.238.046/0001-38",2026-08-03 08:38:00.000,
8389,Empresa FictÃ­cia 8389,"87.239.063/0001-39",2026-08-03 08:38:00.000,
8390,Empresa FictÃ­cia 8390,"87.240.080/0001-40",2026-08-03 08:38:00.000,
8391,Empresa FictÃ­cia 8391,"87.241.097/0001-41",2026-08-03 08:38:00.000,
8392,Empresa FictÃ­cia 8392,"87.242.114/0001-42",2026-08-03 08:38:00.000,
8393,Empresa FictÃ­cia 8393,"87.243.131/0001-43",2026-08-03 08:38:00.000,
8394,Empresa FictÃ­cia 8394,"87.244.148/0001-44",2026-08-03 08:38:00.000,
8395,Empresa FictÃ­cia 8395,"87.245.165/0001-45",2026-08-03 08:38:00.000,
8396,Empresa FictÃ­cia 8396,"87.246.182/0001-46",2026-08-03 08:38:00.000,
8397,Empresa FictÃ­cia 8397,"87.247.199/0001-47",2026-08-03 08:38:00.000,
8398,Empresa FictÃ­cia 8398,"87.248.216/0001-48",2026-08-03 08:38:00.000,
8399,Empresa FictÃ­cia 8399,"87.249.233/0001-49",2026-08-03 08:38:00.000,
8400,Empresa FictÃ­cia 8400,"87.250.250/0001-50",2026-08-03 08:38:00.000,
8401,Empresa FictÃ­cia 8401,"87.251.267/0001-51",2026-08-03 08:38:00.000,
8402,Empresa FictÃ­cia 8402,"87.252.284/0001-52",2026-08-03 08:38:00.000,
8403,Empresa FictÃ­cia 8403,"87.253.301/0001-53",2026-08-03 08:38:00.000,
8404,Empresa FictÃ­cia 8404,"87.254.318/0001-54",2026-08-03 08:38:00.000,
8405,Empresa FictÃ­cia 8405,"87.255.335/0001-55",2026-08-03 08:38:00.000,
8406,Empresa FictÃ­cia 8406,"87.256.352/0001-56",2026-08-03 08:38:00.000,
8407,Empresa FictÃ­cia 8407,"87.257.369/0001-57",2026-08-03 08:38:00.000,
8408,Empresa FictÃ­cia 8408,"87.258.386/0001-58",2026-08-03 08:38:00.000,
8409,Empresa FictÃ­cia 8409,"87.259.403/0001-59",2026-08-03 08:38:00.000,
8410,Empresa FictÃ­cia 8410,"87.260.420/0001-60",2026-08-03 08:38:00.000,
8411,Empresa FictÃ­cia 8411,"87.261.437/0001-61",2026-08-03 08:38:00.000,
8412,Empresa FictÃ­cia 8412,"87.262.454/0001-62",2026-08-03 08:38:00.000,
8413,Empresa FictÃ­cia 8413,"87.263.471/0001-63",2026-08-03 08:38:00.000,
8414,Empresa FictÃ­cia 8414,"87.264.488/0001-64",2026-08-03 08:38:00.000,
8415,Empresa FictÃ­cia 8415,"87.265.505/0001-65",2026-08-03 08:38:00.000,
8416,Empresa FictÃ­cia 8416,"87.266.522/0001-66",2026-08-03 08:38:00.000,
8417,Empresa FictÃ­cia 8417,"87.267.539/0001-67",2026-08-03 08:38:00.000,
8418,Empresa FictÃ­cia 8418,"87.268.556/0001-68",2026-08-03 08:38:00.000,
8419,Empresa FictÃ­cia 8419,"87.269.573/0001-69",2026-08-03 08:38:00.000,
8420,Empresa FictÃ­cia 8420,"87.270.590/0001-70",2026-08-03 08:38:00.000,
8421,Empresa FictÃ­cia 8421,"87.271.607/0001-71",2026-08-03 08:38:00.000,
8422,Empresa FictÃ­cia 8422,"87.272.624/0001-72",2026-08-03 08:38:00.000,
8423,Empresa FictÃ­cia 8423,"87.273.641/0001-73",2026-08-03 08:38:00.000,
8424,Empresa FictÃ­cia 8424,"87.274.658/0001-74",2026-08-03 08:38:00.000,
8425,Empresa FictÃ­cia 8425,"87.275.675/0001-75",2026-08-03 08:38:00.000,
8426,Empresa FictÃ­cia 8426,"87.276.692/0001-76",2026-08-03 08:38:00.000,
8427,Empresa FictÃ­cia 8427,"87.277.709/0001-77",2026-08-03 08:38:00.000,
8428,Empresa FictÃ­cia 8428,"87.278.726/0001-78",2026-08-03 08:38:00.000,
8429,Empresa FictÃ­cia 8429,"87.279.743/0001-79",2026-08-03 08:38:00.000,
8430,Empresa FictÃ­cia 8430,"87.280.760/0001-80",2026-08-03 08:38:00.000,
8431,Empresa FictÃ­cia 8431,"87.281.777/0001-81",2026-08-03 08:38:00.000,
8432,Empresa FictÃ­cia 8432,"87.282.794/0001-82",2026-08-03 08:38:00.000,
8433,Empresa FictÃ­cia 8433,"87.283.811/0001-83",2026-08-03 08:38:00.000,
8434,Empresa FictÃ­cia 8434,"87.284.828/0001-84",2026-08-03 08:38:00.000,
8435,Empresa FictÃ­cia 8435,"87.285.845/0001-85",2026-08-03 08:38:00.000,
8436,Empresa FictÃ­cia 8436,"87.286.862/0001-86",2026-08-03 08:38:00.000,
8437,Empresa FictÃ­cia 8437,"87.287.879/0001-87",2026-08-03 08:38:00.000,
8438,Empresa FictÃ­cia 8438,"87.288.896/0001-88",2026-08-03 08:38:00.000,
8439,Empresa FictÃ­cia 8439,"87.289.913/0001-89",2026-08-03 08:38:00.000,
8440,Empresa FictÃ­cia 8440,"87.290.930/0001-90",2026-08-03 08:38:00.000,
8441,Empresa FictÃ­cia 8441,"87.291.947/0001-91",2026-08-03 08:38:00.000,
8442,Empresa FictÃ­cia 8442,"87.292.964/0001-92",2026-08-03 08:38:00.000,
8443,Empresa FictÃ­cia 8443,"87.293.981/0001-93",2026-08-03 08:38:00.000,
8444,Empresa FictÃ­cia 8444,"87.294.998/0001-94",2026-08-03 08:38:00.000,
8445,Empresa FictÃ­cia 8445,"87.295.015/0001-95",2026-08-03 08:38:00.000,
8446,Empresa FictÃ­cia 8446,"87.296.032/0001-96",2026-08-03 08:38:00.000,
8447,Empresa FictÃ­cia 8447,"87.297.049/0001-97",2026-08-03 08:38:00.000,
8448,Empresa FictÃ­cia 8448,"87.298.066/0001-98",2026-08-03 08:38:00.000,
8449,Empresa FictÃ­cia 8449,"87.299.083/0001-99",2026-08-03 08:38:00.000,
8450,Empresa FictÃ­cia 8450,"87.300.100/0001-00",2026-08-03 08:38:00.000,
8451,Empresa FictÃ­cia 8451,"87.301.117/0001-01",2026-08-03 08:38:00.000,
8452,Empresa FictÃ­cia 8452,"87.302.134/0001-02",2026-08-03 08:38:00.000,
8453,Empresa FictÃ­cia 8453,"87.303.151/0001-03",2026-08-03 08:38:00.000,
8454,Empresa FictÃ­cia 8454,"87.304.168/0001-04",2026-08-03 08:38:00.000,
8455,Empresa FictÃ­cia 8455,"87.305.185/0001-05",2026-08-03 08:38:00.000,
8456,Empresa FictÃ­cia 8456,"87.306.202/0001-06",2026-08-03 08:38:00.000,
8457,Empresa FictÃ­cia 8457,"87.307.219/0001-07",2026-08-03 08:38:00.000,
8458,Empresa FictÃ­cia 8458,"87.308.236/0001-08",2026-08-03 08:38:00.000,
8459,Empresa FictÃ­cia 8459,"87.309.253/0001-09",2026-08-03 08:38:00.000,
8460,Empresa FictÃ­cia 8460,"87.310.270/0001-10",2026-08-03 08:38:00.000,
8461,Empresa FictÃ­cia 8461,"87.311.287/0001-11",2026-08-03 08:38:00.000,
8462,Empresa FictÃ­cia 8462,"87.312.304/0001-12",2026-08-03 08:38:00.000,
8463,Empresa FictÃ­cia 8463,"87.313.321/0001-13",2026-08-03 08:38:00.000,
8464,Empresa FictÃ­cia 8464,"87.314.338/0001-14",2026-08-03 08:38:00.000,
8465,Empresa FictÃ­cia 8465,"87.315.355/0001-15",2026-08-03 08:38:00.000,
8466,Empresa FictÃ­cia 8466,"87.316.372/0001-16",2026-08-03 08:38:00.000,
8467,Empresa FictÃ­cia 8467,"87.317.389/0001-17",2026-08-03 08:38:00.000,
8468,Empresa FictÃ­cia 8468,"87.318.406/0001-18",2026-08-03 08:38:00.000,
8469,Empresa FictÃ­cia 8469,"87.319.423/0001-19",2026-08-03 08:38:00.000,
8470,Empresa FictÃ­cia 8470,"87.320.440/0001-20",2026-08-03 08:38:00.000,
8471,Empresa FictÃ­cia 8471,"87.321.457/0001-21",2026-08-03 08:38:00.000,
8472,Empresa FictÃ­cia 8472,"87.322.474/0001-22",2026-08-03 08:38:00.000,
8473,Empresa FictÃ­cia 8473,"87.323.491/0001-23",2026-08-03 08:38:00.000,
8474,Empresa FictÃ­cia 8474,"87.324.508/0001-24",2026-08-03 08:38:00.000,
8475,Empresa FictÃ­cia 8475,"87.325.525/0001-25",2026-08-03 08:38:00.000,
8476,Empresa FictÃ­cia 8476,"87.326.542/0001-26",2026-08-03 08:38:00.000,
8477,Empresa FictÃ­cia 8477,"87.327.559/0001-27",2026-08-03 08:38:00.000,
8478,Empresa FictÃ­cia 8478,"87.328.576/0001-28",2026-08-03 08:38:00.000,
8479,Empresa FictÃ­cia 8479,"87.329.593/0001-29",2026-08-03 08:38:00.000,
8480,Empresa FictÃ­cia 8480,"87.330.610/0001-30",2026-08-03 08:38:00.000,
8481,Empresa FictÃ­cia 8481,"87.331.627/0001-31",2026-08-03 08:38:00.000,
8482,Empresa FictÃ­cia 8482,"87.332.644/0001-32",2026-08-03 08:38:00.000,
8483,Empresa FictÃ­cia 8483,"87.333.661/0001-33",2026-08-03 08:38:00.000,
8484,Empresa FictÃ­cia 8484,"87.334.678/0001-34",2026-08-03 08:38:00.000,
8485,Empresa FictÃ­cia 8485,"87.335.695/0001-35",2026-08-03 08:38:00.000,
8486,Empresa FictÃ­cia 8486,"87.336.712/0001-36",2026-08-03 08:38:00.000,
8487,Empresa FictÃ­cia 8487,"87.337.729/0001-37",2026-08-03 08:38:00.000,
8488,Empresa FictÃ­cia 8488,"87.338.746/0001-38",2026-08-03 08:38:00.000,
8489,Empresa FictÃ­cia 8489,"87.339.763/0001-39",2026-08-03 08:38:00.000,
8490,Empresa FictÃ­cia 8490,"87.340.780/0001-40",2026-08-03 08:38:00.000,
8491,Empresa FictÃ­cia 8491,"87.341.797/0001-41",2026-08-03 08:38:00.000,
8492,Empresa FictÃ­cia 8492,"87.342.814/0001-42",2026-08-03 08:38:00.000,
8493,Empresa FictÃ­cia 8493,"87.343.831/0001-43",2026-08-03 08:38:00.000,
8494,Empresa FictÃ­cia 8494,"87.344.848/0001-44",2026-08-03 08:38:00.000,
8495,Empresa FictÃ­cia 8495,"87.345.865/0001-45",2026-08-03 08:38:00.000,
8496,Empresa FictÃ­cia 8496,"87.346.882/0001-46",2026-08-03 08:38:00.000,
8497,Empresa FictÃ­cia 8497,"87.347.899/0001-47",2026-08-03 08:38:00.000,
8498,Empresa FictÃ­cia 8498,"87.348.916/0001-48",2026-08-03 08:38:00.000,
8499,Empresa FictÃ­cia 8499,"87.349.933/0001-49",2026-08-03 08:38:00.000,
8500,Empresa FictÃ­cia 8500,"87.350.950/0001-50",2026-08-03 08:38:00.000,
8501,Empresa FictÃ­cia 8501,"87.351.967/0001-51",2026-08-03 08:38:00.000,
8502,Empresa FictÃ­cia 8502,"87.352.984/0001-52",2026-08-03 08:38:00.000,
8503,Empresa FictÃ­cia 8503,"87.353.001/0001-53",2026-08-03 08:38:00.000,
8504,Empresa FictÃ­cia 8504,"87.354.018/0001-54",2026-08-03 08:38:00.000,
8505,Empresa FictÃ­cia 8505,"87.355.035/0001-55",2026-08-03 08:38:00.000,
8506,Empresa FictÃ­cia 8506,"87.356.052/0001-56",2026-08-03 08:38:00.000,
8507,Empresa FictÃ­cia 8507,"87.357.069/0001-57",2026-08-03 08:38:00.000,
8508,Empresa FictÃ­cia 8508,"87.358.086/0001-58",2026-08-03 08:38:00.000,
8509,Empresa FictÃ­cia 8509,"87.359.103/0001-59",2026-08-03 08:38:00.000,
8510,Empresa FictÃ­cia 8510,"87.360.120/0001-60",2026-08-03 08:38:00.000,
8511,Empresa FictÃ­cia 8511,"87.361.137/0001-61",2026-08-03 08:38:00.000,
8512,Empresa FictÃ­cia 8512,"87.362.154/0001-62",2026-08-03 08:38:00.000,
8513,Empresa FictÃ­cia 8513,"87.363.171/0001-63",2026-08-03 08:38:00.000,
8514,Empresa FictÃ­cia 8514,"87.364.188/0001-64",2026-08-03 08:38:00.000,
8515,Empresa FictÃ­cia 8515,"87.365.205/0001-65",2026-08-03 08:38:00.000,
8516,Empresa FictÃ­cia 8516,"87.366.222/0001-66",2026-08-03 08:38:00.000,
8517,Empresa FictÃ­cia 8517,"87.367.239/0001-67",2026-08-03 08:38:00.000,
8518,Empresa FictÃ­cia 8518,"87.368.256/0001-68",2026-08-03 08:38:00.000,
8519,Empresa FictÃ­cia 8519,"87.369.273/0001-69",2026-08-03 08:38:00.000,
8520,Empresa FictÃ­cia 8520,"87.370.290/0001-70",2026-08-03 08:38:00.000,
8521,Empresa FictÃ­cia 8521,"87.371.307/0001-71",2026-08-03 08:38:00.000,
8522,Empresa FictÃ­cia 8522,"87.372.324/0001-72",2026-08-03 08:38:00.000,
8523,Empresa FictÃ­cia 8523,"87.373.341/0001-73",2026-08-03 08:38:00.000,
8524,Empresa FictÃ­cia 8524,"87.374.358/0001-74",2026-08-03 08:38:00.000,
8525,Empresa FictÃ­cia 8525,"87.375.375/0001-75",2026-08-03 08:38:00.000,
8526,Empresa FictÃ­cia 8526,"87.376.392/0001-76",2026-08-03 08:38:00.000,
8527,Empresa FictÃ­cia 8527,"87.377.409/0001-77",2026-08-03 08:38:00.000,
8528,Empresa FictÃ­cia 8528,"87.378.426/0001-78",2026-08-03 08:38:00.000,
8529,Empresa FictÃ­cia 8529,"87.379.443/0001-79",2026-08-03 08:38:00.000,
8530,Empresa FictÃ­cia 8530,"87.380.460/0001-80",2026-08-03 08:38:00.000,
8531,Empresa FictÃ­cia 8531,"87.381.477/0001-81",2026-08-03 08:38:00.000,
8532,Empresa FictÃ­cia 8532,"87.382.494/0001-82",2026-08-03 08:38:00.000,
8533,Empresa FictÃ­cia 8533,"87.383.511/0001-83",2026-08-03 08:38:00.000,
8534,Empresa FictÃ­cia 8534,"87.384.528/0001-84",2026-08-03 08:38:00.000,
8535,Empresa FictÃ­cia 8535,"87.385.545/0001-85",2026-08-03 08:38:00.000,
8536,Empresa FictÃ­cia 8536,"87.386.562/0001-86",2026-08-03 08:38:00.000,
8537,Empresa FictÃ­cia 8537,"87.387.579/0001-87",2026-08-03 08:38:00.000,
8538,Empresa FictÃ­cia 8538,"87.388.596/0001-88",2026-08-03 08:38:00.000,
8539,Empresa FictÃ­cia 8539,"87.389.613/0001-89",2026-08-03 08:38:00.000,
8540,Empresa FictÃ­cia 8540,"87.390.630/0001-90",2026-08-03 08:38:00.000,
8541,Empresa FictÃ­cia 8541,"87.391.647/0001-91",2026-08-03 08:38:00.000,
8542,Empresa FictÃ­cia 8542,"87.392.664/0001-92",2026-08-03 08:38:00.000,
8543,Empresa FictÃ­cia 8543,"87.393.681/0001-93",2026-08-03 08:38:00.000,
8544,Empresa FictÃ­cia 8544,"87.394.698/0001-94",2026-08-03 08:38:00.000,
8545,Empresa FictÃ­cia 8545,"87.395.715/0001-95",2026-08-03 08:38:00.000,
8546,Empresa FictÃ­cia 8546,"87.396.732/0001-96",2026-08-03 08:38:00.000,
8547,Empresa FictÃ­cia 8547,"87.397.749/0001-97",2026-08-03 08:38:00.000,
8548,Empresa FictÃ­cia 8548,"87.398.766/0001-98",2026-08-03 08:38:00.000,
8549,Empresa FictÃ­cia 8549,"87.399.783/0001-99",2026-08-03 08:38:00.000,
8550,Empresa FictÃ­cia 8550,"87.400.800/0001-00",2026-08-03 08:38:00.000,
8551,Empresa FictÃ­cia 8551,"87.401.817/0001-01",2026-08-03 08:38:00.000,
8552,Empresa FictÃ­cia 8552,"87.402.834/0001-02",2026-08-03 08:38:00.000,
8553,Empresa FictÃ­cia 8553,"87.403.851/0001-03",2026-08-03 08:38:00.000,
8554,Empresa FictÃ­cia 8554,"87.404.868/0001-04",2026-08-03 08:38:00.000,
8555,Empresa FictÃ­cia 8555,"87.405.885/0001-05",2026-08-03 08:38:00.000,
8556,Empresa FictÃ­cia 8556,"87.406.902/0001-06",2026-08-03 08:38:00.000,
8557,Empresa FictÃ­cia 8557,"87.407.919/0001-07",2026-08-03 08:38:00.000,
8558,Empresa FictÃ­cia 8558,"87.408.936/0001-08",2026-08-03 08:38:00.000,
8559,Empresa FictÃ­cia 8559,"87.409.953/0001-09",2026-08-03 08:38:00.000,
8560,Empresa FictÃ­cia 8560,"87.410.970/0001-10",2026-08-03 08:38:00.000,
8561,Empresa FictÃ­cia 8561,"87.411.987/0001-11",2026-08-03 08:38:00.000,
8562,Empresa FictÃ­cia 8562,"87.412.004/0001-12",2026-08-03 08:38:00.000,
8563,Empresa FictÃ­cia 8563,"87.413.021/0001-13",2026-08-03 08:38:00.000,
8564,Empresa FictÃ­cia 8564,"87.414.038/0001-14",2026-08-03 08:38:00.000,
8565,Empresa FictÃ­cia 8565,"87.415.055/0001-15",2026-08-03 08:38:00.000,
8566,Empresa FictÃ­cia 8566,"87.416.072/0001-16",2026-08-03 08:38:00.000,
8567,Empresa FictÃ­cia 8567,"87.417.089/0001-17",2026-08-03 08:38:00.000,
8568,Empresa FictÃ­cia 8568,"87.418.106/0001-18",2026-08-03 08:38:00.000,
8569,Empresa FictÃ­cia 8569,"87.419.123/0001-19",2026-08-03 08:38:00.000,
8570,Empresa FictÃ­cia 8570,"87.420.140/0001-20",2026-08-03 08:38:00.000,
8571,Empresa FictÃ­cia 8571,"87.421.157/0001-21",2026-08-03 08:38:00.000,
8572,Empresa FictÃ­cia 8572,"87.422.174/0001-22",2026-08-03 08:38:00.000,
8573,Empresa FictÃ­cia 8573,"87.423.191/0001-23",2026-08-03 08:38:00.000,
8574,Empresa FictÃ­cia 8574,"87.424.208/0001-24",2026-08-03 08:38:00.000,
8575,Empresa FictÃ­cia 8575,"87.425.225/0001-25",2026-08-03 08:38:00.000,
8576,Empresa FictÃ­cia 8576,"87.426.242/0001-26",2026-08-03 08:38:00.000,
8577,Empresa FictÃ­cia 8577,"87.427.259/0001-27",2026-08-03 08:38:00.000,
8578,Empresa FictÃ­cia 8578,"87.428.276/0001-28",2026-08-03 08:38:00.000,
8579,Empresa FictÃ­cia 8579,"87.429.293/0001-29",2026-08-03 08:38:00.000,
8580,Empresa FictÃ­cia 8580,"87.430.310/0001-30",2026-08-03 08:38:00.000,
8581,Empresa FictÃ­cia 8581,"87.431.327/0001-31",2026-08-03 08:38:00.000,
8582,Empresa FictÃ­cia 8582,"87.432.344/0001-32",2026-08-03 08:38:00.000,
8583,Empresa FictÃ­cia 8583,"87.433.361/0001-33",2026-08-03 08:38:00.000,
8584,Empresa FictÃ­cia 8584,"87.434.378/0001-34",2026-08-03 08:38:00.000,
8585,Empresa FictÃ­cia 8585,"87.435.395/0001-35",2026-08-03 08:38:00.000,
8586,Empresa FictÃ­cia 8586,"87.436.412/0001-36",2026-08-03 08:38:00.000,
8587,Empresa FictÃ­cia 8587,"87.437.429/0001-37",2026-08-03 08:38:00.000,
8588,Empresa FictÃ­cia 8588,"87.438.446/0001-38",2026-08-03 08:38:00.000,
8589,Empresa FictÃ­cia 8589,"87.439.463/0001-39",2026-08-03 08:38:00.000,
8590,Empresa FictÃ­cia 8590,"87.440.480/0001-40",2026-08-03 08:38:00.000,
8591,Empresa FictÃ­cia 8591,"87.441.497/0001-41",2026-08-03 08:38:00.000,
8592,Empresa FictÃ­cia 8592,"87.442.514/0001-42",2026-08-03 08:38:00.000,
8593,Empresa FictÃ­cia 8593,"87.443.531/0001-43",2026-08-03 08:38:00.000,
8594,Empresa FictÃ­cia 8594,"87.444.548/0001-44",2026-08-03 08:38:00.000,
8595,Empresa FictÃ­cia 8595,"87.445.565/0001-45",2026-08-03 08:38:00.000,
8596,Empresa FictÃ­cia 8596,"87.446.582/0001-46",2026-08-03 08:38:00.000,
8597,Empresa FictÃ­cia 8597,"87.447.599/0001-47",2026-08-03 08:38:00.000,
8598,Empresa FictÃ­cia 8598,"87.448.616/0001-48",2026-08-03 08:38:00.000,
8599,Empresa FictÃ­cia 8599,"87.449.633/0001-49",2026-08-03 08:38:00.000,
8600,Empresa FictÃ­cia 8600,"87.450.650/0001-50",2026-08-03 08:38:00.000,
8601,Empresa FictÃ­cia 8601,"87.451.667/0001-51",2026-08-03 08:38:00.000,
8602,Empresa FictÃ­cia 8602,"87.452.684/0001-52",2026-08-03 08:38:00.000,
8603,Empresa FictÃ­cia 8603,"87.453.701/0001-53",2026-08-03 08:38:00.000,
8604,Empresa FictÃ­cia 8604,"87.454.718/0001-54",2026-08-03 08:38:00.000,
8605,Empresa FictÃ­cia 8605,"87.455.735/0001-55",2026-08-03 08:38:00.000,
8606,Empresa FictÃ­cia 8606,"87.456.752/0001-56",2026-08-03 08:38:00.000,
8607,Empresa FictÃ­cia 8607,"87.457.769/0001-57",2026-08-03 08:38:00.000,
8608,Empresa FictÃ­cia 8608,"87.458.786/0001-58",2026-08-03 08:38:00.000,
8609,Empresa FictÃ­cia 8609,"87.459.803/0001-59",2026-08-03 08:38:00.000,
8610,Empresa FictÃ­cia 8610,"87.460.820/0001-60",2026-08-03 08:38:00.000,
8611,Empresa FictÃ­cia 8611,"87.461.837/0001-61",2026-08-03 08:38:00.000,
8612,Empresa FictÃ­cia 8612,"87.462.854/0001-62",2026-08-03 08:38:00.000,
8613,Empresa FictÃ­cia 8613,"87.463.871/0001-63",2026-08-03 08:38:00.000,
8614,Empresa FictÃ­cia 8614,"87.464.888/0001-64",2026-08-03 08:38:00.000,
8615,Empresa FictÃ­cia 8615,"87.465.905/0001-65",2026-08-03 08:38:00.000,
8616,Empresa FictÃ­cia 8616,"87.466.922/0001-66",2026-08-03 08:38:00.000,
8617,Empresa FictÃ­cia 8617,"87.467.939/0001-67",2026-08-03 08:38:00.000,
8618,Empresa FictÃ­cia 8618,"87.468.956/0001-68",2026-08-03 08:38:00.000,
8619,Empresa FictÃ­cia 8619,"87.469.973/0001-69",2026-08-03 08:38:00.000,
8620,Empresa FictÃ­cia 8620,"87.470.990/0001-70",2026-08-03 08:38:00.000,
8621,Empresa FictÃ­cia 8621,"87.471.007/0001-71",2026-08-03 08:38:00.000,
8622,Empresa FictÃ­cia 8622,"87.472.024/0001-72",2026-08-03 08:38:00.000,
8623,Empresa FictÃ­cia 8623,"87.473.041/0001-73",2026-08-03 08:38:00.000,
8624,Empresa FictÃ­cia 8624,"87.474.058/0001-74",2026-08-03 08:38:00.000,
8625,Empresa FictÃ­cia 8625,"87.475.075/0001-75",2026-08-03 08:38:00.000,
8626,Empresa FictÃ­cia 8626,"87.476.092/0001-76",2026-08-03 08:38:00.000,
8627,Empresa FictÃ­cia 8627,"87.477.109/0001-77",2026-08-03 08:38:00.000,
8628,Empresa FictÃ­cia 8628,"87.478.126/0001-78",2026-08-03 08:38:00.000,
8629,Empresa FictÃ­cia 8629,"87.479.143/0001-79",2026-08-03 08:38:00.000,
8630,Empresa FictÃ­cia 8630,"87.480.160/0001-80",2026-08-03 08:38:00.000,
8631,Empresa FictÃ­cia 8631,"87.481.177/0001-81",2026-08-03 08:38:00.000,
8632,Empresa FictÃ­cia 8632,"87.482.194/0001-82",2026-08-03 08:38:00.000,
8633,Empresa FictÃ­cia 8633,"87.483.211/0001-83",2026-08-03 08:38:00.000,
8634,Empresa FictÃ­cia 8634,"87.484.228/0001-84",2026-08-03 08:38:00.000,
8635,Empresa FictÃ­cia 8635,"87.485.245/0001-85",2026-08-03 08:38:00.000,
8636,Empresa FictÃ­cia 8636,"87.486.262/0001-86",2026-08-03 08:38:00.000,
8637,Empresa FictÃ­cia 8637,"87.487.279/0001-87",2026-08-03 08:38:00.000,
8638,Empresa FictÃ­cia 8638,"87.488.296/0001-88",2026-08-03 08:38:00.000,
8639,Empresa FictÃ­cia 8639,"87.489.313/0001-89",2026-08-03 08:38:00.000,
8640,Empresa FictÃ­cia 8640,"87.490.330/0001-90",2026-08-03 08:38:00.000,
8641,Empresa FictÃ­cia 8641,"87.491.347/0001-91",2026-08-03 08:38:00.000,
8642,Empresa FictÃ­cia 8642,"87.492.364/0001-92",2026-08-03 08:38:00.000,
8643,Empresa FictÃ­cia 8643,"87.493.381/0001-93",2026-08-03 08:38:00.000,
8644,Empresa FictÃ­cia 8644,"87.494.398/0001-94",2026-08-03 08:38:00.000,
8645,Empresa FictÃ­cia 8645,"87.495.415/0001-95",2026-08-03 08:38:00.000,
8646,Empresa FictÃ­cia 8646,"87.496.432/0001-96",2026-08-03 08:38:00.000,
8647,Empresa FictÃ­cia 8647,"87.497.449/0001-97",2026-08-03 08:38:00.000,
8648,Empresa FictÃ­cia 8648,"87.498.466/0001-98",2026-08-03 08:38:00.000,
8649,Empresa FictÃ­cia 8649,"87.499.483/0001-99",2026-08-03 08:38:00.000,
8650,Empresa FictÃ­cia 8650,"87.500.500/0001-00",2026-08-03 08:38:00.000,
8651,Empresa FictÃ­cia 8651,"87.501.517/0001-01",2026-08-03 08:38:00.000,
8652,Empresa FictÃ­cia 8652,"87.502.534/0001-02",2026-08-03 08:38:00.000,
8653,Empresa FictÃ­cia 8653,"87.503.551/0001-03",2026-08-03 08:38:00.000,
8654,Empresa FictÃ­cia 8654,"87.504.568/0001-04",2026-08-03 08:38:00.000,
8655,Empresa FictÃ­cia 8655,"87.505.585/0001-05",2026-08-03 08:38:00.000,
8656,Empresa FictÃ­cia 8656,"87.506.602/0001-06",2026-08-03 08:38:00.000,
8657,Empresa FictÃ­cia 8657,"87.507.619/0001-07",2026-08-03 08:38:00.000,
8658,Empresa FictÃ­cia 8658,"87.508.636/0001-08",2026-08-03 08:38:00.000,
8659,Empresa FictÃ­cia 8659,"87.509.653/0001-09",2026-08-03 08:38:00.000,
8660,Empresa FictÃ­cia 8660,"87.510.670/0001-10",2026-08-03 08:38:00.000,
8661,Empresa FictÃ­cia 8661,"87.511.687/0001-11",2026-08-03 08:38:00.000,
8662,Empresa FictÃ­cia 8662,"87.512.704/0001-12",2026-08-03 08:38:00.000,
8663,Empresa FictÃ­cia 8663,"87.513.721/0001-13",2026-08-03 08:38:00.000,
8664,Empresa FictÃ­cia 8664,"87.514.738/0001-14",2026-08-03 08:38:00.000,
8665,Empresa FictÃ­cia 8665,"87.515.755/0001-15",2026-08-03 08:38:00.000,
8666,Empresa FictÃ­cia 8666,"87.516.772/0001-16",2026-08-03 08:38:00.000,
8667,Empresa FictÃ­cia 8667,"87.517.789/0001-17",2026-08-03 08:38:00.000,
8668,Empresa FictÃ­cia 8668,"87.518.806/0001-18",2026-08-03 08:38:00.000,
8669,Empresa FictÃ­cia 8669,"87.519.823/0001-19",2026-08-03 08:38:00.000,
8670,Empresa FictÃ­cia 8670,"87.520.840/0001-20",2026-08-03 08:38:00.000,
8671,Empresa FictÃ­cia 8671,"87.521.857/0001-21",2026-08-03 08:38:00.000,
8672,Empresa FictÃ­cia 8672,"87.522.874/0001-22",2026-08-03 08:38:00.000,
8673,Empresa FictÃ­cia 8673,"87.523.891/0001-23",2026-08-03 08:38:00.000,
8674,Empresa FictÃ­cia 8674,"87.524.908/0001-24",2026-08-03 08:38:00.000,
8675,Empresa FictÃ­cia 8675,"87.525.925/0001-25",2026-08-03 08:38:00.000,
8676,Empresa FictÃ­cia 8676,"87.526.942/0001-26",2026-08-03 08:38:00.000,
8677,Empresa FictÃ­cia 8677,"87.527.959/0001-27",2026-08-03 08:38:00.000,
8678,Empresa FictÃ­cia 8678,"87.528.976/0001-28",2026-08-03 08:38:00.000,
8679,Empresa FictÃ­cia 8679,"87.529.993/0001-29",2026-08-03 08:38:00.000,
8680,Empresa FictÃ­cia 8680,"87.530.010/0001-30",2026-08-03 08:38:00.000,
8681,Empresa FictÃ­cia 8681,"87.531.027/0001-31",2026-08-03 08:38:00.000,
8682,Empresa FictÃ­cia 8682,"87.532.044/0001-32",2026-08-03 08:38:00.000,
8683,Empresa FictÃ­cia 8683,"87.533.061/0001-33",2026-08-03 08:38:00.000,
8684,Empresa FictÃ­cia 8684,"87.534.078/0001-34",2026-08-03 08:38:00.000,
8685,Empresa FictÃ­cia 8685,"87.535.095/0001-35",2026-08-03 08:38:00.000,
8686,Empresa FictÃ­cia 8686,"87.536.112/0001-36",2026-08-03 08:38:00.000,
8687,Empresa FictÃ­cia 8687,"87.537.129/0001-37",2026-08-03 08:38:00.000,
8688,Empresa FictÃ­cia 8688,"87.538.146/0001-38",2026-08-03 08:38:00.000,
8689,Empresa FictÃ­cia 8689,"87.539.163/0001-39",2026-08-03 08:38:00.000,
8690,Empresa FictÃ­cia 8690,"87.540.180/0001-40",2026-08-03 08:38:00.000,
8691,Empresa FictÃ­cia 8691,"87.541.197/0001-41",2026-08-03 08:38:00.000,
8692,Empresa FictÃ­cia 8692,"87.542.214/0001-42",2026-08-03 08:38:00.000,
8693,Empresa FictÃ­cia 8693,"87.543.231/0001-43",2026-08-03 08:38:00.000,
8694,Empresa FictÃ­cia 8694,"87.544.248/0001-44",2026-08-03 08:38:00.000,
8695,Empresa FictÃ­cia 8695,"87.545.265/0001-45",2026-08-03 08:38:00.000,
8696,Empresa FictÃ­cia 8696,"87.546.282/0001-46",2026-08-03 08:38:00.000,
8697,Empresa FictÃ­cia 8697,"87.547.299/0001-47",2026-08-03 08:38:00.000,
8698,Empresa FictÃ­cia 8698,"87.548.316/0001-48",2026-08-03 08:38:00.000,
8699,Empresa FictÃ­cia 8699,"87.549.333/0001-49",2026-08-03 08:38:00.000,
8700,Empresa FictÃ­cia 8700,"87.550.350/0001-50",2026-08-03 08:38:00.000,
8701,Empresa FictÃ­cia 8701,"87.551.367/0001-51",2026-08-03 08:38:00.000,
8702,Empresa FictÃ­cia 8702,"87.552.384/0001-52",2026-08-03 08:38:00.000,
8703,Empresa FictÃ­cia 8703,"87.553.401/0001-53",2026-08-03 08:38:00.000,
8704,Empresa FictÃ­cia 8704,"87.554.418/0001-54",2026-08-03 08:38:00.000,
8705,Empresa FictÃ­cia 8705,"87.555.435/0001-55",2026-08-03 08:38:00.000,
8706,Empresa FictÃ­cia 8706,"87.556.452/0001-56",2026-08-03 08:38:00.000,
8707,Empresa FictÃ­cia 8707,"87.557.469/0001-57",2026-08-03 08:38:00.000,
8708,Empresa FictÃ­cia 8708,"87.558.486/0001-58",2026-08-03 08:38:00.000,
8709,Empresa FictÃ­cia 8709,"87.559.503/0001-59",2026-08-03 08:38:00.000,
8710,Empresa FictÃ­cia 8710,"87.560.520/0001-60",2026-08-03 08:38:00.000,
8711,Empresa FictÃ­cia 8711,"87.561.537/0001-61",2026-08-03 08:38:00.000,
8712,Empresa FictÃ­cia 8712,"87.562.554/0001-62",2026-08-03 08:38:00.000,
8713,Empresa FictÃ­cia 8713,"87.563.571/0001-63",2026-08-03 08:38:00.000,
8714,Empresa FictÃ­cia 8714,"87.564.588/0001-64",2026-08-03 08:38:00.000,
8715,Empresa FictÃ­cia 8715,"87.565.605/0001-65",2026-08-03 08:38:00.000,
8716,Empresa FictÃ­cia 8716,"87.566.622/0001-66",2026-08-03 08:38:00.000,
8717,Empresa FictÃ­cia 8717,"87.567.639/0001-67",2026-08-03 08:38:00.000,
8718,Empresa FictÃ­cia 8718,"87.568.656/0001-68",2026-08-03 08:38:00.000,
8719,Empresa FictÃ­cia 8719,"87.569.673/0001-69",2026-08-03 08:38:00.000,
8720,Empresa FictÃ­cia 8720,"87.570.690/0001-70",2026-08-03 08:38:00.000,
8721,Empresa FictÃ­cia 8721,"87.571.707/0001-71",2026-08-03 08:38:00.000,
8722,Empresa FictÃ­cia 8722,"87.572.724/0001-72",2026-08-03 08:38:00.000,
8723,Empresa FictÃ­cia 8723,"87.573.741/0001-73",2026-08-03 08:38:00.000,
8724,Empresa FictÃ­cia 8724,"87.574.758/0001-74",2026-08-03 08:38:00.000,
8725,Empresa FictÃ­cia 8725,"87.575.775/0001-75",2026-08-03 08:38:00.000,
8726,Empresa FictÃ­cia 8726,"87.576.792/0001-76",2026-08-03 08:38:00.000,
8727,Empresa FictÃ­cia 8727,"87.577.809/0001-77",2026-08-03 08:38:00.000,
8728,Empresa FictÃ­cia 8728,"87.578.826/0001-78",2026-08-03 08:38:00.000,
8729,Empresa FictÃ­cia 8729,"87.579.843/0001-79",2026-08-03 08:38:00.000,
8730,Empresa FictÃ­cia 8730,"87.580.860/0001-80",2026-08-03 08:38:00.000,
8731,Empresa FictÃ­cia 8731,"87.581.877/0001-81",2026-08-03 08:38:00.000,
8732,Empresa FictÃ­cia 8732,"87.582.894/0001-82",2026-08-03 08:38:00.000,
8733,Empresa FictÃ­cia 8733,"87.583.911/0001-83",2026-08-03 08:38:00.000,
8734,Empresa FictÃ­cia 8734,"87.584.928/0001-84",2026-08-03 08:38:00.000,
8735,Empresa FictÃ­cia 8735,"87.585.945/0001-85",2026-08-03 08:38:00.000,
8736,Empresa FictÃ­cia 8736,"87.586.962/0001-86",2026-08-03 08:38:00.000,
8737,Empresa FictÃ­cia 8737,"87.587.979/0001-87",2026-08-03 08:38:00.000,
8738,Empresa FictÃ­cia 8738,"87.588.996/0001-88",2026-08-03 08:38:00.000,
8739,Empresa FictÃ­cia 8739,"87.589.013/0001-89",2026-08-03 08:38:00.000,
8740,Empresa FictÃ­cia 8740,"87.590.030/0001-90",2026-08-03 08:38:00.000,
8741,Empresa FictÃ­cia 8741,"87.591.047/0001-91",2026-08-03 08:38:00.000,
8742,Empresa FictÃ­cia 8742,"87.592.064/0001-92",2026-08-03 08:38:00.000,
8743,Empresa FictÃ­cia 8743,"87.593.081/0001-93",2026-08-03 08:38:00.000,
8744,Empresa FictÃ­cia 8744,"87.594.098/0001-94",2026-08-03 08:38:00.000,
8745,Empresa FictÃ­cia 8745,"87.595.115/0001-95",2026-08-03 08:38:00.000,
8746,Empresa FictÃ­cia 8746,"87.596.132/0001-96",2026-08-03 08:38:00.000,
8747,Empresa FictÃ­cia 8747,"87.597.149/0001-97",2026-08-03 08:38:00.000,
8748,Empresa FictÃ­cia 8748,"87.598.166/0001-98",2026-08-03 08:38:00.000,
8749,Empresa FictÃ­cia 8749,"87.599.183/0001-99",2026-08-03 08:38:00.000,
8750,Empresa FictÃ­cia 8750,"87.600.200/0001-00",2026-08-03 08:38:00.000,
8751,Empresa FictÃ­cia 8751,"87.601.217/0001-01",2026-08-03 08:38:00.000,
8752,Empresa FictÃ­cia 8752,"87.602.234/0001-02",2026-08-03 08:38:00.000,
8753,Empresa FictÃ­cia 8753,"87.603.251/0001-03",2026-08-03 08:38:00.000,
8754,Empresa FictÃ­cia 8754,"87.604.268/0001-04",2026-08-03 08:38:00.000,
8755,Empresa FictÃ­cia 8755,"87.605.285/0001-05",2026-08-03 08:38:00.000,
8756,Empresa FictÃ­cia 8756,"87.606.302/0001-06",2026-08-03 08:38:00.000,
8757,Empresa FictÃ­cia 8757,"87.607.319/0001-07",2026-08-03 08:38:00.000,
8758,Empresa FictÃ­cia 8758,"87.608.336/0001-08",2026-08-03 08:38:00.000,
8759,Empresa FictÃ­cia 8759,"87.609.353/0001-09",2026-08-03 08:38:00.000,
8760,Empresa FictÃ­cia 8760,"87.610.370/0001-10",2026-08-03 08:38:00.000,
8761,Empresa FictÃ­cia 8761,"87.611.387/0001-11",2026-08-03 08:38:00.000,
8762,Empresa FictÃ­cia 8762,"87.612.404/0001-12",2026-08-03 08:38:00.000,
8763,Empresa FictÃ­cia 8763,"87.613.421/0001-13",2026-08-03 08:38:00.000,
8764,Empresa FictÃ­cia 8764,"87.614.438/0001-14",2026-08-03 08:38:00.000,
8765,Empresa FictÃ­cia 8765,"87.615.455/0001-15",2026-08-03 08:38:00.000,
8766,Empresa FictÃ­cia 8766,"87.616.472/0001-16",2026-08-03 08:38:00.000,
8767,Empresa FictÃ­cia 8767,"87.617.489/0001-17",2026-08-03 08:38:00.000,
8768,Empresa FictÃ­cia 8768,"87.618.506/0001-18",2026-08-03 08:38:00.000,
8769,Empresa FictÃ­cia 8769,"87.619.523/0001-19",2026-08-03 08:38:00.000,
8770,Empresa FictÃ­cia 8770,"87.620.540/0001-20",2026-08-03 08:38:00.000,
8771,Empresa FictÃ­cia 8771,"87.621.557/0001-21",2026-08-03 08:38:00.000,
8772,Empresa FictÃ­cia 8772,"87.622.574/0001-22",2026-08-03 08:38:00.000,
8773,Empresa FictÃ­cia 8773,"87.623.591/0001-23",2026-08-03 08:38:00.000,
8774,Empresa FictÃ­cia 8774,"87.624.608/0001-24",2026-08-03 08:38:00.000,
8775,Empresa FictÃ­cia 8775,"87.625.625/0001-25",2026-08-03 08:38:00.000,
8776,Empresa FictÃ­cia 8776,"87.626.642/0001-26",2026-08-03 08:38:00.000,
8777,Empresa FictÃ­cia 8777,"87.627.659/0001-27",2026-08-03 08:38:00.000,
8778,Empresa FictÃ­cia 8778,"87.628.676/0001-28",2026-08-03 08:38:00.000,
8779,Empresa FictÃ­cia 8779,"87.629.693/0001-29",2026-08-03 08:38:00.000,
8780,Empresa FictÃ­cia 8780,"87.630.710/0001-30",2026-08-03 08:38:00.000,
8781,Empresa FictÃ­cia 8781,"87.631.727/0001-31",2026-08-03 08:38:00.000,
8782,Empresa FictÃ­cia 8782,"87.632.744/0001-32",2026-08-03 08:38:00.000,
8783,Empresa FictÃ­cia 8783,"87.633.761/0001-33",2026-08-03 08:38:00.000,
8784,Empresa FictÃ­cia 8784,"87.634.778/0001-34",2026-08-03 08:38:00.000,
8785,Empresa FictÃ­cia 8785,"87.635.795/0001-35",2026-08-03 08:38:00.000,
8786,Empresa FictÃ­cia 8786,"87.636.812/0001-36",2026-08-03 08:38:00.000,
8787,Empresa FictÃ­cia 8787,"87.637.829/0001-37",2026-08-03 08:38:00.000,
8788,Empresa FictÃ­cia 8788,"87.638.846/0001-38",2026-08-03 08:38:00.000,
8789,Empresa FictÃ­cia 8789,"87.639.863/0001-39",2026-08-03 08:38:00.000,
8790,Empresa FictÃ­cia 8790,"87.640.880/0001-40",2026-08-03 08:38:00.000,
8791,Empresa FictÃ­cia 8791,"87.641.897/0001-41",2026-08-03 08:38:00.000,
8792,Empresa FictÃ­cia 8792,"87.642.914/0001-42",2026-08-03 08:38:00.000,
8793,Empresa FictÃ­cia 8793,"87.643.931/0001-43",2026-08-03 08:38:00.000,
8794,Empresa FictÃ­cia 8794,"87.644.948/0001-44",2026-08-03 08:38:00.000,
8795,Empresa FictÃ­cia 8795,"87.645.965/0001-45",2026-08-03 08:38:00.000,
8796,Empresa FictÃ­cia 8796,"87.646.982/0001-46",2026-08-03 08:38:00.000,
8797,Empresa FictÃ­cia 8797,"87.647.999/0001-47",2026-08-03 08:38:00.000,
8798,Empresa FictÃ­cia 8798,"87.648.016/0001-48",2026-08-03 08:38:00.000,
8799,Empresa FictÃ­cia 8799,"87.649.033/0001-49",2026-08-03 08:38:00.000,
8800,Empresa FictÃ­cia 8800,"87.650.050/0001-50",2026-08-03 08:38:00.000,
8801,Empresa FictÃ­cia 8801,"87.651.067/0001-51",2026-08-03 08:38:00.000,
8802,Empresa FictÃ­cia 8802,"87.652.084/0001-52",2026-08-03 08:38:00.000,
8803,Empresa FictÃ­cia 8803,"87.653.101/0001-53",2026-08-03 08:38:00.000,
8804,Empresa FictÃ­cia 8804,"87.654.118/0001-54",2026-08-03 08:38:00.000,
8805,Empresa FictÃ­cia 8805,"87.655.135/0001-55",2026-08-03 08:38:00.000,
8806,Empresa FictÃ­cia 8806,"87.656.152/0001-56",2026-08-03 08:38:00.000,
8807,Empresa FictÃ­cia 8807,"87.657.169/0001-57",2026-08-03 08:38:00.000,
8808,Empresa FictÃ­cia 8808,"87.658.186/0001-58",2026-08-03 08:38:00.000,
8809,Empresa FictÃ­cia 8809,"87.659.203/0001-59",2026-08-03 08:38:00.000,
8810,Empresa FictÃ­cia 8810,"87.660.220/0001-60",2026-08-03 08:38:00.000,
8811,Empresa FictÃ­cia 8811,"87.661.237/0001-61",2026-08-03 08:38:00.000,
8812,Empresa FictÃ­cia 8812,"87.662.254/0001-62",2026-08-03 08:38:00.000,
8813,Empresa FictÃ­cia 8813,"87.663.271/0001-63",2026-08-03 08:38:00.000,
8814,Empresa FictÃ­cia 8814,"87.664.288/0001-64",2026-08-03 08:38:00.000,
8815,Empresa FictÃ­cia 8815,"87.665.305/0001-65",2026-08-03 08:38:00.000,
8816,Empresa FictÃ­cia 8816,"87.666.322/0001-66",2026-08-03 08:38:00.000,
8817,Empresa FictÃ­cia 8817,"87.667.339/0001-67",2026-08-03 08:38:00.000,
8818,Empresa FictÃ­cia 8818,"87.668.356/0001-68",2026-08-03 08:38:00.000,
8819,Empresa FictÃ­cia 8819,"87.669.373/0001-69",2026-08-03 08:38:00.000,
8820,Empresa FictÃ­cia 8820,"87.670.390/0001-70",2026-08-03 08:38:00.000,
8821,Empresa FictÃ­cia 8821,"87.671.407/0001-71",2026-08-03 08:38:00.000,
8822,Empresa FictÃ­cia 8822,"87.672.424/0001-72",2026-08-03 08:38:00.000,
8823,Empresa FictÃ­cia 8823,"87.673.441/0001-73",2026-08-03 08:38:00.000,
8824,Empresa FictÃ­cia 8824,"87.674.458/0001-74",2026-08-03 08:38:00.000,
8825,Empresa FictÃ­cia 8825,"87.675.475/0001-75",2026-08-03 08:38:00.000,
8826,Empresa FictÃ­cia 8826,"87.676.492/0001-76",2026-08-03 08:38:00.000,
8827,Empresa FictÃ­cia 8827,"87.677.509/0001-77",2026-08-03 08:38:00.000,
8828,Empresa FictÃ­cia 8828,"87.678.526/0001-78",2026-08-03 08:38:00.000,
8829,Empresa FictÃ­cia 8829,"87.679.543/0001-79",2026-08-03 08:38:00.000,
8830,Empresa FictÃ­cia 8830,"87.680.560/0001-80",2026-08-03 08:38:00.000,
8831,Empresa FictÃ­cia 8831,"87.681.577/0001-81",2026-08-03 08:38:00.000,
8832,Empresa FictÃ­cia 8832,"87.682.594/0001-82",2026-08-03 08:38:00.000,
8833,Empresa FictÃ­cia 8833,"87.683.611/0001-83",2026-08-03 08:38:00.000,
8834,Empresa FictÃ­cia 8834,"87.684.628/0001-84",2026-08-03 08:38:00.000,
8835,Empresa FictÃ­cia 8835,"87.685.645/0001-85",2026-08-03 08:38:00.000,
8836,Empresa FictÃ­cia 8836,"87.686.662/0001-86",2026-08-03 08:38:00.000,
8837,Empresa FictÃ­cia 8837,"87.687.679/0001-87",2026-08-03 08:38:00.000,
8838,Empresa FictÃ­cia 8838,"87.688.696/0001-88",2026-08-03 08:38:00.000,
8839,Empresa FictÃ­cia 8839,"87.689.713/0001-89",2026-08-03 08:38:00.000,
8840,Empresa FictÃ­cia 8840,"87.690.730/0001-90",2026-08-03 08:38:00.000,
8841,Empresa FictÃ­cia 8841,"87.691.747/0001-91",2026-08-03 08:38:00.000,
8842,Empresa FictÃ­cia 8842,"87.692.764/0001-92",2026-08-03 08:38:00.000,
8843,Empresa FictÃ­cia 8843,"87.693.781/0001-93",2026-08-03 08:38:00.000,
8844,Empresa FictÃ­cia 8844,"87.694.798/0001-94",2026-08-03 08:38:00.000,
8845,Empresa FictÃ­cia 8845,"87.695.815/0001-95",2026-08-03 08:38:00.000,
8846,Empresa FictÃ­cia 8846,"87.696.832/0001-96",2026-08-03 08:38:00.000,
8847,Empresa FictÃ­cia 8847,"87.697.849/0001-97",2026-08-03 08:38:00.000,
8848,Empresa FictÃ­cia 8848,"87.698.866/0001-98",2026-08-03 08:38:00.000,
8849,Empresa FictÃ­cia 8849,"87.699.883/0001-99",2026-08-03 08:38:00.000,
8850,Empresa FictÃ­cia 8850,"87.700.900/0001-00",2026-08-03 08:38:00.000,
8851,Empresa FictÃ­cia 8851,"87.701.917/0001-01",2026-08-03 08:38:00.000,
8852,Empresa FictÃ­cia 8852,"87.702.934/0001-02",2026-08-03 08:38:00.000,
8853,Empresa FictÃ­cia 8853,"87.703.951/0001-03",2026-08-03 08:38:00.000,
8854,Empresa FictÃ­cia 8854,"87.704.968/0001-04",2026-08-03 08:38:00.000,
8855,Empresa FictÃ­cia 8855,"87.705.985/0001-05",2026-08-03 08:38:00.000,
8856,Empresa FictÃ­cia 8856,"87.706.002/0001-06",2026-08-03 08:38:00.000,
8857,Empresa FictÃ­cia 8857,"87.707.019/0001-07",2026-08-03 08:38:00.000,
8858,Empresa FictÃ­cia 8858,"87.708.036/0001-08",2026-08-03 08:38:00.000,
8859,Empresa FictÃ­cia 8859,"87.709.053/0001-09",2026-08-03 08:38:00.000,
8860,Empresa FictÃ­cia 8860,"87.710.070/0001-10",2026-08-03 08:38:00.000,
8861,Empresa FictÃ­cia 8861,"87.711.087/0001-11",2026-08-03 08:38:00.000,
8862,Empresa FictÃ­cia 8862,"87.712.104/0001-12",2026-08-03 08:38:00.000,
8863,Empresa FictÃ­cia 8863,"87.713.121/0001-13",2026-08-03 08:38:00.000,
8864,Empresa FictÃ­cia 8864,"87.714.138/0001-14",2026-08-03 08:38:00.000,
8865,Empresa FictÃ­cia 8865,"87.715.155/0001-15",2026-08-03 08:38:00.000,
8866,Empresa FictÃ­cia 8866,"87.716.172/0001-16",2026-08-03 08:38:00.000,
8867,Empresa FictÃ­cia 8867,"87.717.189/0001-17",2026-08-03 08:38:00.000,
8868,Empresa FictÃ­cia 8868,"87.718.206/0001-18",2026-08-03 08:38:00.000,
8869,Empresa FictÃ­cia 8869,"87.719.223/0001-19",2026-08-03 08:38:00.000,
8870,Empresa FictÃ­cia 8870,"87.720.240/0001-20",2026-08-03 08:38:00.000,
8871,Empresa FictÃ­cia 8871,"87.721.257/0001-21",2026-08-03 08:38:00.000,
8872,Empresa FictÃ­cia 8872,"87.722.274/0001-22",2026-08-03 08:38:00.000,
8873,Empresa FictÃ­cia 8873,"87.723.291/0001-23",2026-08-03 08:38:00.000,
8874,Empresa FictÃ­cia 8874,"87.724.308/0001-24",2026-08-03 08:38:00.000,
8875,Empresa FictÃ­cia 8875,"87.725.325/0001-25",2026-08-03 08:38:00.000,
8876,Empresa FictÃ­cia 8876,"87.726.342/0001-26",2026-08-03 08:38:00.000,
8877,Empresa FictÃ­cia 8877,"87.727.359/0001-27",2026-08-03 08:38:00.000,
8878,Empresa FictÃ­cia 8878,"87.728.376/0001-28",2026-08-03 08:38:00.000,
8879,Empresa FictÃ­cia 8879,"87.729.393/0001-29",2026-08-03 08:38:00.000,
8880,Empresa FictÃ­cia 8880,"87.730.410/0001-30",2026-08-03 08:38:00.000,
8881,Empresa FictÃ­cia 8881,"87.731.427/0001-31",2026-08-03 08:38:00.000,
8882,Empresa FictÃ­cia 8882,"87.732.444/0001-32",2026-08-03 08:38:00.000,
8883,Empresa FictÃ­cia 8883,"87.733.461/0001-33",2026-08-03 08:38:00.000,
8884,Empresa FictÃ­cia 8884,"87.734.478/0001-34",2026-08-03 08:38:00.000,
8885,Empresa FictÃ­cia 8885,"87.735.495/0001-35",2026-08-03 08:38:00.000,
8886,Empresa FictÃ­cia 8886,"87.736.512/0001-36",2026-08-03 08:38:00.000,
8887,Empresa FictÃ­cia 8887,"87.737.529/0001-37",2026-08-03 08:38:00.000,
8888,Empresa FictÃ­cia 8888,"87.738.546/0001-38",2026-08-03 08:38:00.000,
8889,Empresa FictÃ­cia 8889,"87.739.563/0001-39",2026-08-03 08:38:00.000,
8890,Empresa FictÃ­cia 8890,"87.740.580/0001-40",2026-08-03 08:38:00.000,
8891,Empresa FictÃ­cia 8891,"87.741.597/0001-41",2026-08-03 08:38:00.000,
8892,Empresa FictÃ­cia 8892,"87.742.614/0001-42",2026-08-03 08:38:00.000,
8893,Empresa FictÃ­cia 8893,"87.743.631/0001-43",2026-08-03 08:38:00.000,
8894,Empresa FictÃ­cia 8894,"87.744.648/0001-44",2026-08-03 08:38:00.000,
8895,Empresa FictÃ­cia 8895,"87.745.665/0001-45",2026-08-03 08:38:00.000,
8896,Empresa FictÃ­cia 8896,"87.746.682/0001-46",2026-08-03 08:38:00.000,
8897,Empresa FictÃ­cia 8897,"87.747.699/0001-47",2026-08-03 08:38:00.000,
8898,Empresa FictÃ­cia 8898,"87.748.716/0001-48",2026-08-03 08:38:00.000,
8899,Empresa FictÃ­cia 8899,"87.749.733/0001-49",2026-08-03 08:38:00.000,
8900,Empresa FictÃ­cia 8900,"87.750.750/0001-50",2026-08-03 08:38:00.000,
8901,Empresa FictÃ­cia 8901,"87.751.767/0001-51",2026-08-03 08:38:00.000,
8902,Empresa FictÃ­cia 8902,"87.752.784/0001-52",2026-08-03 08:38:00.000,
8903,Empresa FictÃ­cia 8903,"87.753.801/0001-53",2026-08-03 08:38:00.000,
8904,Empresa FictÃ­cia 8904,"87.754.818/0001-54",2026-08-03 08:38:00.000,
8905,Empresa FictÃ­cia 8905,"87.755.835/0001-55",2026-08-03 08:38:00.000,
8906,Empresa FictÃ­cia 8906,"87.756.852/0001-56",2026-08-03 08:38:00.000,
8907,Empresa FictÃ­cia 8907,"87.757.869/0001-57",2026-08-03 08:38:00.000,
8908,Empresa FictÃ­cia 8908,"87.758.886/0001-58",2026-08-03 08:38:00.000,
8909,Empresa FictÃ­cia 8909,"87.759.903/0001-59",2026-08-03 08:38:00.000,
8910,Empresa FictÃ­cia 8910,"87.760.920/0001-60",2026-08-03 08:38:00.000,
8911,Empresa FictÃ­cia 8911,"87.761.937/0001-61",2026-08-03 08:38:00.000,
8912,Empresa FictÃ­cia 8912,"87.762.954/0001-62",2026-08-03 08:38:00.000,
8913,Empresa FictÃ­cia 8913,"87.763.971/0001-63",2026-08-03 08:38:00.000,
8914,Empresa FictÃ­cia 8914,"87.764.988/0001-64",2026-08-03 08:38:00.000,
8915,Empresa FictÃ­cia 8915,"87.765.005/0001-65",2026-08-03 08:38:00.000,
8916,Empresa FictÃ­cia 8916,"87.766.022/0001-66",2026-08-03 08:38:00.000,
8917,Empresa FictÃ­cia 8917,"87.767.039/0001-67",2026-08-03 08:38:00.000,
8918,Empresa FictÃ­cia 8918,"87.768.056/0001-68",2026-08-03 08:38:00.000,
8919,Empresa FictÃ­cia 8919,"87.769.073/0001-69",2026-08-03 08:38:00.000,
8920,Empresa FictÃ­cia 8920,"87.770.090/0001-70",2026-08-03 08:38:00.000,
8921,Empresa FictÃ­cia 8921,"87.771.107/0001-71",2026-08-03 08:38:00.000,
8922,Empresa FictÃ­cia 8922,"87.772.124/0001-72",2026-08-03 08:38:00.000,
8923,Empresa FictÃ­cia 8923,"87.773.141/0001-73",2026-08-03 08:38:00.000,
8924,Empresa FictÃ­cia 8924,"87.774.158/0001-74",2026-08-03 08:38:00.000,
8925,Empresa FictÃ­cia 8925,"87.775.175/0001-75",2026-08-03 08:38:00.000,
8926,Empresa FictÃ­cia 8926,"87.776.192/0001-76",2026-08-03 08:38:00.000,
8927,Empresa FictÃ­cia 8927,"87.777.209/0001-77",2026-08-03 08:38:00.000,
8928,Empresa FictÃ­cia 8928,"87.778.226/0001-78",2026-08-03 08:38:00.000,
8929,Empresa FictÃ­cia 8929,"87.779.243/0001-79",2026-08-03 08:38:00.000,
8930,Empresa FictÃ­cia 8930,"87.780.260/0001-80",2026-08-03 08:38:00.000,
8931,Empresa FictÃ­cia 8931,"87.781.277/0001-81",2026-08-03 08:38:00.000,
8932,Empresa FictÃ­cia 8932,"87.782.294/0001-82",2026-08-03 08:38:00.000,
8933,Empresa FictÃ­cia 8933,"87.783.311/0001-83",2026-08-03 08:38:00.000,
8934,Empresa FictÃ­cia 8934,"87.784.328/0001-84",2026-08-03 08:38:00.000,
8935,Empresa FictÃ­cia 8935,"87.785.345/0001-85",2026-08-03 08:38:00.000,
8936,Empresa FictÃ­cia 8936,"87.786.362/0001-86",2026-08-03 08:38:00.000,
8937,Empresa FictÃ­cia 8937,"87.787.379/0001-87",2026-08-03 08:38:00.000,
8938,Empresa FictÃ­cia 8938,"87.788.396/0001-88",2026-08-03 08:38:00.000,
8939,Empresa FictÃ­cia 8939,"87.789.413/0001-89",2026-08-03 08:38:00.000,
8940,Empresa FictÃ­cia 8940,"87.790.430/0001-90",2026-08-03 08:38:00.000,
8941,Empresa FictÃ­cia 8941,"87.791.447/0001-91",2026-08-03 08:38:00.000,
8942,Empresa FictÃ­cia 8942,"87.792.464/0001-92",2026-08-03 08:38:00.000,
8943,Empresa FictÃ­cia 8943,"87.793.481/0001-93",2026-08-03 08:38:00.000,
8944,Empresa FictÃ­cia 8944,"87.794.498/0001-94",2026-08-03 08:38:00.000,
8945,Empresa FictÃ­cia 8945,"87.795.515/0001-95",2026-08-03 08:38:00.000,
8946,Empresa FictÃ­cia 8946,"87.796.532/0001-96",2026-08-03 08:38:00.000,
8947,Empresa FictÃ­cia 8947,"87.797.549/0001-97",2026-08-03 08:38:00.000,
8948,Empresa FictÃ­cia 8948,"87.798.566/0001-98",2026-08-03 08:38:00.000,
8949,Empresa FictÃ­cia 8949,"87.799.583/0001-99",2026-08-03 08:38:00.000,
8950,Empresa FictÃ­cia 8950,"87.800.600/0001-00",2026-08-03 08:38:00.000,
8951,Empresa FictÃ­cia 8951,"87.801.617/0001-01",2026-08-03 08:38:00.000,
8952,Empresa FictÃ­cia 8952,"87.802.634/0001-02",2026-08-03 08:38:00.000,
8953,Empresa FictÃ­cia 8953,"87.803.651/0001-03",2026-08-03 08:38:00.000,
8954,Empresa FictÃ­cia 8954,"87.804.668/0001-04",2026-08-03 08:38:00.000,
8955,Empresa FictÃ­cia 8955,"87.805.685/0001-05",2026-08-03 08:38:00.000,
8956,Empresa FictÃ­cia 8956,"87.806.702/0001-06",2026-08-03 08:38:00.000,
8957,Empresa FictÃ­cia 8957,"87.807.719/0001-07",2026-08-03 08:38:00.000,
8958,Empresa FictÃ­cia 8958,"87.808.736/0001-08",2026-08-03 08:38:00.000,
8959,Empresa FictÃ­cia 8959,"87.809.753/0001-09",2026-08-03 08:38:00.000,
8960,Empresa FictÃ­cia 8960,"87.810.770/0001-10",2026-08-03 08:38:00.000,
8961,Empresa FictÃ­cia 8961,"87.811.787/0001-11",2026-08-03 08:38:00.000,
8962,Empresa FictÃ­cia 8962,"87.812.804/0001-12",2026-08-03 08:38:00.000,
8963,Empresa FictÃ­cia 8963,"87.813.821/0001-13",2026-08-03 08:38:00.000,
8964,Empresa FictÃ­cia 8964,"87.814.838/0001-14",2026-08-03 08:38:00.000,
8965,Empresa FictÃ­cia 8965,"87.815.855/0001-15",2026-08-03 08:38:00.000,
8966,Empresa FictÃ­cia 8966,"87.816.872/0001-16",2026-08-03 08:38:00.000,
8967,Empresa FictÃ­cia 8967,"87.817.889/0001-17",2026-08-03 08:38:00.000,
8968,Empresa FictÃ­cia 8968,"87.818.906/0001-18",2026-08-03 08:38:00.000,
8969,Empresa FictÃ­cia 8969,"87.819.923/0001-19",2026-08-03 08:38:00.000,
8970,Empresa FictÃ­cia 8970,"87.820.940/0001-20",2026-08-03 08:38:00.000,
8971,Empresa FictÃ­cia 8971,"87.821.957/0001-21",2026-08-03 08:38:00.000,
8972,Empresa FictÃ­cia 8972,"87.822.974/0001-22",2026-08-03 08:38:00.000,
8973,Empresa FictÃ­cia 8973,"87.823.991/0001-23",2026-08-03 08:38:00.000,
8974,Empresa FictÃ­cia 8974,"87.824.008/0001-24",2026-08-03 08:38:00.000,
8975,Empresa FictÃ­cia 8975,"87.825.025/0001-25",2026-08-03 08:38:00.000,
8976,Empresa FictÃ­cia 8976,"87.826.042/0001-26",2026-08-03 08:38:00.000,
8977,Empresa FictÃ­cia 8977,"87.827.059/0001-27",2026-08-03 08:38:00.000,
8978,Empresa FictÃ­cia 8978,"87.828.076/0001-28",2026-08-03 08:38:00.000,
8979,Empresa FictÃ­cia 8979,"87.829.093/0001-29",2026-08-03 08:38:00.000,
8980,Empresa FictÃ­cia 8980,"87.830.110/0001-30",2026-08-03 08:38:00.000,
8981,Empresa FictÃ­cia 8981,"87.831.127/0001-31",2026-08-03 08:38:00.000,
8982,Empresa FictÃ­cia 8982,"87.832.144/0001-32",2026-08-03 08:38:00.000,
8983,Empresa FictÃ­cia 8983,"87.833.161/0001-33",2026-08-03 08:38:00.000,
8984,Empresa FictÃ­cia 8984,"87.834.178/0001-34",2026-08-03 08:38:00.000,
8985,Empresa FictÃ­cia 8985,"87.835.195/0001-35",2026-08-03 08:38:00.000,
8986,Empresa FictÃ­cia 8986,"87.836.212/0001-36",2026-08-03 08:38:00.000,
8987,Empresa FictÃ­cia 8987,"87.837.229/0001-37",2026-08-03 08:38:00.000,
8988,Empresa FictÃ­cia 8988,"87.838.246/0001-38",2026-08-03 08:38:00.000,
8989,Empresa FictÃ­cia 8989,"87.839.263/0001-39",2026-08-03 08:38:00.000,
8990,Empresa FictÃ­cia 8990,"87.840.280/0001-40",2026-08-03 08:38:00.000,
8991,Empresa FictÃ­cia 8991,"87.841.297/0001-41",2026-08-03 08:38:00.000,
8992,Empresa FictÃ­cia 8992,"87.842.314/0001-42",2026-08-03 08:38:00.000,
8993,Empresa FictÃ­cia 8993,"87.843.331/0001-43",2026-08-03 08:38:00.000,
8994,Empresa FictÃ­cia 8994,"87.844.348/0001-44",2026-08-03 08:38:00.000,
8995,Empresa FictÃ­cia 8995,"87.845.365/0001-45",2026-08-03 08:38:00.000,
8996,Empresa FictÃ­cia 8996,"87.846.382/0001-46",2026-08-03 08:38:00.000,
8997,Empresa FictÃ­cia 8997,"87.847.399/0001-47",2026-08-03 08:38:00.000,
8998,Empresa FictÃ­cia 8998,"87.848.416/0001-48",2026-08-03 08:38:00.000,
8999,Empresa FictÃ­cia 8999,"87.849.433/0001-49",2026-08-03 08:38:00.000,
9000,Empresa FictÃ­cia 9000,"87.850.450/0001-50",2026-08-03 08:38:00.000,
9001,Empresa FictÃ­cia 9001,"87.851.467/0001-51",2026-08-03 08:38:00.000,
9002,Empresa FictÃ­cia 9002,"87.852.484/0001-52",2026-08-03 08:38:00.000,
9003,Empresa FictÃ­cia 9003,"87.853.501/0001-53",2026-08-03 08:38:00.000,
9004,Empresa FictÃ­cia 9004,"87.854.518/0001-54",2026-08-03 08:38:00.000,
9005,Empresa FictÃ­cia 9005,"87.855.535/0001-55",2026-08-03 08:38:00.000,
9006,Empresa FictÃ­cia 9006,"87.856.552/0001-56",2026-08-03 08:38:00.000,
9007,Empresa FictÃ­cia 9007,"87.857.569/0001-57",2026-08-03 08:38:00.000,
9008,Empresa FictÃ­cia 9008,"87.858.586/0001-58",2026-08-03 08:38:00.000,
9009,Empresa FictÃ­cia 9009,"87.859.603/0001-59",2026-08-03 08:38:00.000,
9010,Empresa FictÃ­cia 9010,"87.860.620/0001-60",2026-08-03 08:38:00.000,
9011,Empresa FictÃ­cia 9011,"87.861.637/0001-61",2026-08-03 08:38:00.000,
9012,Empresa FictÃ­cia 9012,"87.862.654/0001-62",2026-08-03 08:38:00.000,
9013,Empresa FictÃ­cia 9013,"87.863.671/0001-63",2026-08-03 08:38:00.000,
9014,Empresa FictÃ­cia 9014,"87.864.688/0001-64",2026-08-03 08:38:00.000,
9015,Empresa FictÃ­cia 9015,"87.865.705/0001-65",2026-08-03 08:38:00.000,
9016,Empresa FictÃ­cia 9016,"87.866.722/0001-66",2026-08-03 08:38:00.000,
9017,Empresa FictÃ­cia 9017,"87.867.739/0001-67",2026-08-03 08:38:00.000,
9018,Empresa FictÃ­cia 9018,"87.868.756/0001-68",2026-08-03 08:38:00.000,
9019,Empresa FictÃ­cia 9019,"87.869.773/0001-69",2026-08-03 08:38:00.000,
9020,Empresa FictÃ­cia 9020,"87.870.790/0001-70",2026-08-03 08:38:00.000,
9021,Empresa FictÃ­cia 9021,"87.871.807/0001-71",2026-08-03 08:38:00.000,
9022,Empresa FictÃ­cia 9022,"87.872.824/0001-72",2026-08-03 08:38:00.000,
9023,Empresa FictÃ­cia 9023,"87.873.841/0001-73",2026-08-03 08:38:00.000,
9024,Empresa FictÃ­cia 9024,"87.874.858/0001-74",2026-08-03 08:38:00.000,
9025,Empresa FictÃ­cia 9025,"87.875.875/0001-75",2026-08-03 08:38:00.000,
9026,Empresa FictÃ­cia 9026,"87.876.892/0001-76",2026-08-03 08:38:00.000,
9027,Empresa FictÃ­cia 9027,"87.877.909/0001-77",2026-08-03 08:38:00.000,
9028,Empresa FictÃ­cia 9028,"87.878.926/0001-78",2026-08-03 08:38:00.000,
9029,Empresa FictÃ­cia 9029,"87.879.943/0001-79",2026-08-03 08:38:00.000,
9030,Empresa FictÃ­cia 9030,"87.880.960/0001-80",2026-08-03 08:38:00.000,
9031,Empresa FictÃ­cia 9031,"87.881.977/0001-81",2026-08-03 08:38:00.000,
9032,Empresa FictÃ­cia 9032,"87.882.994/0001-82",2026-08-03 08:38:00.000,
9033,Empresa FictÃ­cia 9033,"87.883.011/0001-83",2026-08-03 08:38:00.000,
9034,Empresa FictÃ­cia 9034,"87.884.028/0001-84",2026-08-03 08:38:00.000,
9035,Empresa FictÃ­cia 9035,"87.885.045/0001-85",2026-08-03 08:38:00.000,
9036,Empresa FictÃ­cia 9036,"87.886.062/0001-86",2026-08-03 08:38:00.000,
9037,Empresa FictÃ­cia 9037,"87.887.079/0001-87",2026-08-03 08:38:00.000,
9038,Empresa FictÃ­cia 9038,"87.888.096/0001-88",2026-08-03 08:38:00.000,
9039,Empresa FictÃ­cia 9039,"87.889.113/0001-89",2026-08-03 08:38:00.000,
9040,Empresa FictÃ­cia 9040,"87.890.130/0001-90",2026-08-03 08:38:00.000,
9041,Empresa FictÃ­cia 9041,"87.891.147/0001-91",2026-08-03 08:38:00.000,
9042,Empresa FictÃ­cia 9042,"87.892.164/0001-92",2026-08-03 08:38:00.000,
9043,Empresa FictÃ­cia 9043,"87.893.181/0001-93",2026-08-03 08:38:00.000,
9044,Empresa FictÃ­cia 9044,"87.894.198/0001-94",2026-08-03 08:38:00.000,
9045,Empresa FictÃ­cia 9045,"87.895.215/0001-95",2026-08-03 08:38:00.000,
9046,Empresa FictÃ­cia 9046,"87.896.232/0001-96",2026-08-03 08:38:00.000,
9047,Empresa FictÃ­cia 9047,"87.897.249/0001-97",2026-08-03 08:38:00.000,
9048,Empresa FictÃ­cia 9048,"87.898.266/0001-98",2026-08-03 08:38:00.000,
9049,Empresa FictÃ­cia 9049,"87.899.283/0001-99",2026-08-03 08:38:00.000,
9050,Empresa FictÃ­cia 9050,"87.900.300/0001-00",2026-08-03 08:38:00.000,
9051,Empresa FictÃ­cia 9051,"87.901.317/0001-01",2026-08-03 08:38:00.000,
9052,Empresa FictÃ­cia 9052,"87.902.334/0001-02",2026-08-03 08:38:00.000,
9053,Empresa FictÃ­cia 9053,"87.903.351/0001-03",2026-08-03 08:38:00.000,
9054,Empresa FictÃ­cia 9054,"87.904.368/0001-04",2026-08-03 08:38:00.000,
9055,Empresa FictÃ­cia 9055,"87.905.385/0001-05",2026-08-03 08:38:00.000,
9056,Empresa FictÃ­cia 9056,"87.906.402/0001-06",2026-08-03 08:38:00.000,
9057,Empresa FictÃ­cia 9057,"87.907.419/0001-07",2026-08-03 08:38:00.000,
9058,Empresa FictÃ­cia 9058,"87.908.436/0001-08",2026-08-03 08:38:00.000,
9059,Empresa FictÃ­cia 9059,"87.909.453/0001-09",2026-08-03 08:38:00.000,
9060,Empresa FictÃ­cia 9060,"87.910.470/0001-10",2026-08-03 08:38:00.000,
9061,Empresa FictÃ­cia 9061,"87.911.487/0001-11",2026-08-03 08:38:00.000,
9062,Empresa FictÃ­cia 9062,"87.912.504/0001-12",2026-08-03 08:38:00.000,
9063,Empresa FictÃ­cia 9063,"87.913.521/0001-13",2026-08-03 08:38:00.000,
9064,Empresa FictÃ­cia 9064,"87.914.538/0001-14",2026-08-03 08:38:00.000,
9065,Empresa FictÃ­cia 9065,"87.915.555/0001-15",2026-08-03 08:38:00.000,
9066,Empresa FictÃ­cia 9066,"87.916.572/0001-16",2026-08-03 08:38:00.000,
9067,Empresa FictÃ­cia 9067,"87.917.589/0001-17",2026-08-03 08:38:00.000,
9068,Empresa FictÃ­cia 9068,"87.918.606/0001-18",2026-08-03 08:38:00.000,
9069,Empresa FictÃ­cia 9069,"87.919.623/0001-19",2026-08-03 08:38:00.000,
9070,Empresa FictÃ­cia 9070,"87.920.640/0001-20",2026-08-03 08:38:00.000,
9071,Empresa FictÃ­cia 9071,"87.921.657/0001-21",2026-08-03 08:38:00.000,
9072,Empresa FictÃ­cia 9072,"87.922.674/0001-22",2026-08-03 08:38:00.000,
9073,Empresa FictÃ­cia 9073,"87.923.691/0001-23",2026-08-03 08:38:00.000,
9074,Empresa FictÃ­cia 9074,"87.924.708/0001-24",2026-08-03 08:38:00.000,
9075,Empresa FictÃ­cia 9075,"87.925.725/0001-25",2026-08-03 08:38:00.000,
9076,Empresa FictÃ­cia 9076,"87.926.742/0001-26",2026-08-03 08:38:00.000,
9077,Empresa FictÃ­cia 9077,"87.927.759/0001-27",2026-08-03 08:38:00.000,
9078,Empresa FictÃ­cia 9078,"87.928.776/0001-28",2026-08-03 08:38:00.000,
9079,Empresa FictÃ­cia 9079,"87.929.793/0001-29",2026-08-03 08:38:00.000,
9080,Empresa FictÃ­cia 9080,"87.930.810/0001-30",2026-08-03 08:38:00.000,
9081,Empresa FictÃ­cia 9081,"87.931.827/0001-31",2026-08-03 08:38:00.000,
9082,Empresa FictÃ­cia 9082,"87.932.844/0001-32",2026-08-03 08:38:00.000,
9083,Empresa FictÃ­cia 9083,"87.933.861/0001-33",2026-08-03 08:38:00.000,
9084,Empresa FictÃ­cia 9084,"87.934.878/0001-34",2026-08-03 08:38:00.000,
9085,Empresa FictÃ­cia 9085,"87.935.895/0001-35",2026-08-03 08:38:00.000,
9086,Empresa FictÃ­cia 9086,"87.936.912/0001-36",2026-08-03 08:38:00.000,
9087,Empresa FictÃ­cia 9087,"87.937.929/0001-37",2026-08-03 08:38:00.000,
9088,Empresa FictÃ­cia 9088,"87.938.946/0001-38",2026-08-03 08:38:00.000,
9089,Empresa FictÃ­cia 9089,"87.939.963/0001-39",2026-08-03 08:38:00.000,
9090,Empresa FictÃ­cia 9090,"87.940.980/0001-40",2026-08-03 08:38:00.000,
9091,Empresa FictÃ­cia 9091,"87.941.997/0001-41",2026-08-03 08:38:00.000,
9092,Empresa FictÃ­cia 9092,"87.942.014/0001-42",2026-08-03 08:38:00.000,
9093,Empresa FictÃ­cia 9093,"87.943.031/0001-43",2026-08-03 08:38:00.000,
9094,Empresa FictÃ­cia 9094,"87.944.048/0001-44",2026-08-03 08:38:00.000,
9095,Empresa FictÃ­cia 9095,"87.945.065/0001-45",2026-08-03 08:38:00.000,
9096,Empresa FictÃ­cia 9096,"87.946.082/0001-46",2026-08-03 08:38:00.000,
9097,Empresa FictÃ­cia 9097,"87.947.099/0001-47",2026-08-03 08:38:00.000,
9098,Empresa FictÃ­cia 9098,"87.948.116/0001-48",2026-08-03 08:38:00.000,
9099,Empresa FictÃ­cia 9099,"87.949.133/0001-49",2026-08-03 08:38:00.000,
9100,Empresa FictÃ­cia 9100,"87.950.150/0001-50",2026-08-03 08:38:00.000,
9101,Empresa FictÃ­cia 9101,"87.951.167/0001-51",2026-08-03 08:38:00.000,
9102,Empresa FictÃ­cia 9102,"87.952.184/0001-52",2026-08-03 08:38:00.000,
9103,Empresa FictÃ­cia 9103,"87.953.201/0001-53",2026-08-03 08:38:00.000,
9104,Empresa FictÃ­cia 9104,"87.954.218/0001-54",2026-08-03 08:38:00.000,
9105,Empresa FictÃ­cia 9105,"87.955.235/0001-55",2026-08-03 08:38:00.000,
9106,Empresa FictÃ­cia 9106,"87.956.252/0001-56",2026-08-03 08:38:00.000,
9107,Empresa FictÃ­cia 9107,"87.957.269/0001-57",2026-08-03 08:38:00.000,
9108,Empresa FictÃ­cia 9108,"87.958.286/0001-58",2026-08-03 08:38:00.000,
9109,Empresa FictÃ­cia 9109,"87.959.303/0001-59",2026-08-03 08:38:00.000,
9110,Empresa FictÃ­cia 9110,"87.960.320/0001-60",2026-08-03 08:38:00.000,
9111,Empresa FictÃ­cia 9111,"87.961.337/0001-61",2026-08-03 08:38:00.000,
9112,Empresa FictÃ­cia 9112,"87.962.354/0001-62",2026-08-03 08:38:00.000,
9113,Empresa FictÃ­cia 9113,"87.963.371/0001-63",2026-08-03 08:38:00.000,
9114,Empresa FictÃ­cia 9114,"87.964.388/0001-64",2026-08-03 08:38:00.000,
9115,Empresa FictÃ­cia 9115,"87.965.405/0001-65",2026-08-03 08:38:00.000,
9116,Empresa FictÃ­cia 9116,"87.966.422/0001-66",2026-08-03 08:38:00.000,
9117,Empresa FictÃ­cia 9117,"87.967.439/0001-67",2026-08-03 08:38:00.000,
9118,Empresa FictÃ­cia 9118,"87.968.456/0001-68",2026-08-03 08:38:00.000,
9119,Empresa FictÃ­cia 9119,"87.969.473/0001-69",2026-08-03 08:38:00.000,
9120,Empresa FictÃ­cia 9120,"87.970.490/0001-70",2026-08-03 08:38:00.000,
9121,Empresa FictÃ­cia 9121,"87.971.507/0001-71",2026-08-03 08:38:00.000,
9122,Empresa FictÃ­cia 9122,"87.972.524/0001-72",2026-08-03 08:38:00.000,
9123,Empresa FictÃ­cia 9123,"87.973.541/0001-73",2026-08-03 08:38:00.000,
9124,Empresa FictÃ­cia 9124,"87.974.558/0001-74",2026-08-03 08:38:00.000,
9125,Empresa FictÃ­cia 9125,"87.975.575/0001-75",2026-08-03 08:38:00.000,
9126,Empresa FictÃ­cia 9126,"87.976.592/0001-76",2026-08-03 08:38:00.000,
9127,Empresa FictÃ­cia 9127,"87.977.609/0001-77",2026-08-03 08:38:00.000,
9128,Empresa FictÃ­cia 9128,"87.978.626/0001-78",2026-08-03 08:38:00.000,
9129,Empresa FictÃ­cia 9129,"87.979.643/0001-79",2026-08-03 08:38:00.000,
9130,Empresa FictÃ­cia 9130,"87.980.660/0001-80",2026-08-03 08:38:00.000,
9131,Empresa FictÃ­cia 9131,"87.981.677/0001-81",2026-08-03 08:38:00.000,
9132,Empresa FictÃ­cia 9132,"87.982.694/0001-82",2026-08-03 08:38:00.000,
9133,Empresa FictÃ­cia 9133,"87.983.711/0001-83",2026-08-03 08:38:00.000,
9134,Empresa FictÃ­cia 9134,"87.984.728/0001-84",2026-08-03 08:38:00.000,
9135,Empresa FictÃ­cia 9135,"87.985.745/0001-85",2026-08-03 08:38:00.000,
9136,Empresa FictÃ­cia 9136,"87.986.762/0001-86",2026-08-03 08:38:00.000,
9137,Empresa FictÃ­cia 9137,"87.987.779/0001-87",2026-08-03 08:38:00.000,
9138,Empresa FictÃ­cia 9138,"87.988.796/0001-88",2026-08-03 08:38:00.000,
9139,Empresa FictÃ­cia 9139,"87.989.813/0001-89",2026-08-03 08:38:00.000,
9140,Empresa FictÃ­cia 9140,"87.990.830/0001-90",2026-08-03 08:38:00.000,
9141,Empresa FictÃ­cia 9141,"87.991.847/0001-91",2026-08-03 08:38:00.000,
9142,Empresa FictÃ­cia 9142,"87.992.864/0001-92",2026-08-03 08:38:00.000,
9143,Empresa FictÃ­cia 9143,"87.993.881/0001-93",2026-08-03 08:38:00.000,
9144,Empresa FictÃ­cia 9144,"87.994.898/0001-94",2026-08-03 08:38:00.000,
9145,Empresa FictÃ­cia 9145,"87.995.915/0001-95",2026-08-03 08:38:00.000,
9146,Empresa FictÃ­cia 9146,"87.996.932/0001-96",2026-08-03 08:38:00.000,
9147,Empresa FictÃ­cia 9147,"87.997.949/0001-97",2026-08-03 08:38:00.000,
9148,Empresa FictÃ­cia 9148,"87.998.966/0001-98",2026-08-03 08:38:00.000,
9149,Empresa FictÃ­cia 9149,"87.999.983/0001-99",2026-08-03 08:38:00.000,
9150,Empresa FictÃ­cia 9150,"88.000.000/0001-00",2026-08-03 08:38:00.000,
9151,Empresa FictÃ­cia 9151,"88.001.017/0001-01",2026-08-03 08:38:00.000,
9152,Empresa FictÃ­cia 9152,"88.002.034/0001-02",2026-08-03 08:38:00.000,
9153,Empresa FictÃ­cia 9153,"88.003.051/0001-03",2026-08-03 08:38:00.000,
9154,Empresa FictÃ­cia 9154,"88.004.068/0001-04",2026-08-03 08:38:00.000,
9155,Empresa FictÃ­cia 9155,"88.005.085/0001-05",2026-08-03 08:38:00.000,
9156,Empresa FictÃ­cia 9156,"88.006.102/0001-06",2026-08-03 08:38:00.000,
9157,Empresa FictÃ­cia 9157,"88.007.119/0001-07",2026-08-03 08:38:00.000,
9158,Empresa FictÃ­cia 9158,"88.008.136/0001-08",2026-08-03 08:38:00.000,
9159,Empresa FictÃ­cia 9159,"88.009.153/0001-09",2026-08-03 08:38:00.000,
9160,Empresa FictÃ­cia 9160,"88.010.170/0001-10",2026-08-03 08:38:00.000,
9161,Empresa FictÃ­cia 9161,"88.011.187/0001-11",2026-08-03 08:38:00.000,
9162,Empresa FictÃ­cia 9162,"88.012.204/0001-12",2026-08-03 08:38:00.000,
9163,Empresa FictÃ­cia 9163,"88.013.221/0001-13",2026-08-03 08:38:00.000,
9164,Empresa FictÃ­cia 9164,"88.014.238/0001-14",2026-08-03 08:38:00.000,
9165,Empresa FictÃ­cia 9165,"88.015.255/0001-15",2026-08-03 08:38:00.000,
9166,Empresa FictÃ­cia 9166,"88.016.272/0001-16",2026-08-03 08:38:00.000,
9167,Empresa FictÃ­cia 9167,"88.017.289/0001-17",2026-08-03 08:38:00.000,
9168,Empresa FictÃ­cia 9168,"88.018.306/0001-18",2026-08-03 08:38:00.000,
9169,Empresa FictÃ­cia 9169,"88.019.323/0001-19",2026-08-03 08:38:00.000,
9170,Empresa FictÃ­cia 9170,"88.020.340/0001-20",2026-08-03 08:38:00.000,
9171,Empresa FictÃ­cia 9171,"88.021.357/0001-21",2026-08-03 08:38:00.000,
9172,Empresa FictÃ­cia 9172,"88.022.374/0001-22",2026-08-03 08:38:00.000,
9173,Empresa FictÃ­cia 9173,"88.023.391/0001-23",2026-08-03 08:38:00.000,
9174,Empresa FictÃ­cia 9174,"88.024.408/0001-24",2026-08-03 08:38:00.000,
9175,Empresa FictÃ­cia 9175,"88.025.425/0001-25",2026-08-03 08:38:00.000,
9176,Empresa FictÃ­cia 9176,"88.026.442/0001-26",2026-08-03 08:38:00.000,
9177,Empresa FictÃ­cia 9177,"88.027.459/0001-27",2026-08-03 08:38:00.000,
9178,Empresa FictÃ­cia 9178,"88.028.476/0001-28",2026-08-03 08:38:00.000,
9179,Empresa FictÃ­cia 9179,"88.029.493/0001-29",2026-08-03 08:38:00.000,
9180,Empresa FictÃ­cia 9180,"88.030.510/0001-30",2026-08-03 08:38:00.000,
9181,Empresa FictÃ­cia 9181,"88.031.527/0001-31",2026-08-03 08:38:00.000,
9182,Empresa FictÃ­cia 9182,"88.032.544/0001-32",2026-08-03 08:38:00.000,
9183,Empresa FictÃ­cia 9183,"88.033.561/0001-33",2026-08-03 08:38:00.000,
9184,Empresa FictÃ­cia 9184,"88.034.578/0001-34",2026-08-03 08:38:00.000,
9185,Empresa FictÃ­cia 9185,"88.035.595/0001-35",2026-08-03 08:38:00.000,
9186,Empresa FictÃ­cia 9186,"88.036.612/0001-36",2026-08-03 08:38:00.000,
9187,Empresa FictÃ­cia 9187,"88.037.629/0001-37",2026-08-03 08:38:00.000,
9188,Empresa FictÃ­cia 9188,"88.038.646/0001-38",2026-08-03 08:38:00.000,
9189,Empresa FictÃ­cia 9189,"88.039.663/0001-39",2026-08-03 08:38:00.000,
9190,Empresa FictÃ­cia 9190,"88.040.680/0001-40",2026-08-03 08:38:00.000,
9191,Empresa FictÃ­cia 9191,"88.041.697/0001-41",2026-08-03 08:38:00.000,
9192,Empresa FictÃ­cia 9192,"88.042.714/0001-42",2026-08-03 08:38:00.000,
9193,Empresa FictÃ­cia 9193,"88.043.731/0001-43",2026-08-03 08:38:00.000,
9194,Empresa FictÃ­cia 9194,"88.044.748/0001-44",2026-08-03 08:38:00.000,
9195,Empresa FictÃ­cia 9195,"88.045.765/0001-45",2026-08-03 08:38:00.000,
9196,Empresa FictÃ­cia 9196,"88.046.782/0001-46",2026-08-03 08:38:00.000,
9197,Empresa FictÃ­cia 9197,"88.047.799/0001-47",2026-08-03 08:38:00.000,
9198,Empresa FictÃ­cia 9198,"88.048.816/0001-48",2026-08-03 08:38:00.000,
9199,Empresa FictÃ­cia 9199,"88.049.833/0001-49",2026-08-03 08:38:00.000,
9200,Empresa FictÃ­cia 9200,"88.050.850/0001-50",2026-08-03 08:38:00.000,
9201,Empresa FictÃ­cia 9201,"88.051.867/0001-51",2026-08-03 08:38:00.000,
9202,Empresa FictÃ­cia 9202,"88.052.884/0001-52",2026-08-03 08:38:00.000,
9203,Empresa FictÃ­cia 9203,"88.053.901/0001-53",2026-08-03 08:38:00.000,
9204,Empresa FictÃ­cia 9204,"88.054.918/0001-54",2026-08-03 08:38:00.000,
9205,Empresa FictÃ­cia 9205,"88.055.935/0001-55",2026-08-03 08:38:00.000,
9206,Empresa FictÃ­cia 9206,"88.056.952/0001-56",2026-08-03 08:38:00.000,
9207,Empresa FictÃ­cia 9207,"88.057.969/0001-57",2026-08-03 08:38:00.000,
9208,Empresa FictÃ­cia 9208,"88.058.986/0001-58",2026-08-03 08:38:00.000,
9209,Empresa FictÃ­cia 9209,"88.059.003/0001-59",2026-08-03 08:38:00.000,
9210,Empresa FictÃ­cia 9210,"88.060.020/0001-60",2026-08-03 08:38:00.000,
9211,Empresa FictÃ­cia 9211,"88.061.037/0001-61",2026-08-03 08:38:00.000,
9212,Empresa FictÃ­cia 9212,"88.062.054/0001-62",2026-08-03 08:38:00.000,
9213,Empresa FictÃ­cia 9213,"88.063.071/0001-63",2026-08-03 08:38:00.000,
9214,Empresa FictÃ­cia 9214,"88.064.088/0001-64",2026-08-03 08:38:00.000,
9215,Empresa FictÃ­cia 9215,"88.065.105/0001-65",2026-08-03 08:38:00.000,
9216,Empresa FictÃ­cia 9216,"88.066.122/0001-66",2026-08-03 08:38:00.000,
9217,Empresa FictÃ­cia 9217,"88.067.139/0001-67",2026-08-03 08:38:00.000,
9218,Empresa FictÃ­cia 9218,"88.068.156/0001-68",2026-08-03 08:38:00.000,
9219,Empresa FictÃ­cia 9219,"88.069.173/0001-69",2026-08-03 08:38:00.000,
9220,Empresa FictÃ­cia 9220,"88.070.190/0001-70",2026-08-03 08:38:00.000,
9221,Empresa FictÃ­cia 9221,"88.071.207/0001-71",2026-08-03 08:38:00.000,
9222,Empresa FictÃ­cia 9222,"88.072.224/0001-72",2026-08-03 08:38:00.000,
9223,Empresa FictÃ­cia 9223,"88.073.241/0001-73",2026-08-03 08:38:00.000,
9224,Empresa FictÃ­cia 9224,"88.074.258/0001-74",2026-08-03 08:38:00.000,
9225,Empresa FictÃ­cia 9225,"88.075.275/0001-75",2026-08-03 08:38:00.000,
9226,Empresa FictÃ­cia 9226,"88.076.292/0001-76",2026-08-03 08:38:00.000,
9227,Empresa FictÃ­cia 9227,"88.077.309/0001-77",2026-08-03 08:38:00.000,
9228,Empresa FictÃ­cia 9228,"88.078.326/0001-78",2026-08-03 08:38:00.000,
9229,Empresa FictÃ­cia 9229,"88.079.343/0001-79",2026-08-03 08:38:00.000,
9230,Empresa FictÃ­cia 9230,"88.080.360/0001-80",2026-08-03 08:38:00.000,
9231,Empresa FictÃ­cia 9231,"88.081.377/0001-81",2026-08-03 08:38:00.000,
9232,Empresa FictÃ­cia 9232,"88.082.394/0001-82",2026-08-03 08:38:00.000,
9233,Empresa FictÃ­cia 9233,"88.083.411/0001-83",2026-08-03 08:38:00.000,
9234,Empresa FictÃ­cia 9234,"88.084.428/0001-84",2026-08-03 08:38:00.000,
9235,Empresa FictÃ­cia 9235,"88.085.445/0001-85",2026-08-03 08:38:00.000,
9236,Empresa FictÃ­cia 9236,"88.086.462/0001-86",2026-08-03 08:38:00.000,
9237,Empresa FictÃ­cia 9237,"88.087.479/0001-87",2026-08-03 08:38:00.000,
9238,Empresa FictÃ­cia 9238,"88.088.496/0001-88",2026-08-03 08:38:00.000,
9239,Empresa FictÃ­cia 9239,"88.089.513/0001-89",2026-08-03 08:38:00.000,
9240,Empresa FictÃ­cia 9240,"88.090.530/0001-90",2026-08-03 08:38:00.000,
9241,Empresa FictÃ­cia 9241,"88.091.547/0001-91",2026-08-03 08:38:00.000,
9242,Empresa FictÃ­cia 9242,"88.092.564/0001-92",2026-08-03 08:38:00.000,
9243,Empresa FictÃ­cia 9243,"88.093.581/0001-93",2026-08-03 08:38:00.000,
9244,Empresa FictÃ­cia 9244,"88.094.598/0001-94",2026-08-03 08:38:00.000,
9245,Empresa FictÃ­cia 9245,"88.095.615/0001-95",2026-08-03 08:38:00.000,
9246,Empresa FictÃ­cia 9246,"88.096.632/0001-96",2026-08-03 08:38:00.000,
9247,Empresa FictÃ­cia 9247,"88.097.649/0001-97",2026-08-03 08:38:00.000,
9248,Empresa FictÃ­cia 9248,"88.098.666/0001-98",2026-08-03 08:38:00.000,
9249,Empresa FictÃ­cia 9249,"88.099.683/0001-99",2026-08-03 08:38:00.000,
9250,Empresa FictÃ­cia 9250,"88.100.700/0001-00",2026-08-03 08:38:00.000,
9251,Empresa FictÃ­cia 9251,"88.101.717/0001-01",2026-08-03 08:38:00.000,
9252,Empresa FictÃ­cia 9252,"88.102.734/0001-02",2026-08-03 08:38:00.000,
9253,Empresa FictÃ­cia 9253,"88.103.751/0001-03",2026-08-03 08:38:00.000,
9254,Empresa FictÃ­cia 9254,"88.104.768/0001-04",2026-08-03 08:38:00.000,
9255,Empresa FictÃ­cia 9255,"88.105.785/0001-05",2026-08-03 08:38:00.000,
9256,Empresa FictÃ­cia 9256,"88.106.802/0001-06",2026-08-03 08:38:00.000,
9257,Empresa FictÃ­cia 9257,"88.107.819/0001-07",2026-08-03 08:38:00.000,
9258,Empresa FictÃ­cia 9258,"88.108.836/0001-08",2026-08-03 08:38:00.000,
9259,Empresa FictÃ­cia 9259,"88.109.853/0001-09",2026-08-03 08:38:00.000,
9260,Empresa FictÃ­cia 9260,"88.110.870/0001-10",2026-08-03 08:38:00.000,
9261,Empresa FictÃ­cia 9261,"88.111.887/0001-11",2026-08-03 08:38:00.000,
9262,Empresa FictÃ­cia 9262,"88.112.904/0001-12",2026-08-03 08:38:00.000,
9263,Empresa FictÃ­cia 9263,"88.113.921/0001-13",2026-08-03 08:38:00.000,
9264,Empresa FictÃ­cia 9264,"88.114.938/0001-14",2026-08-03 08:38:00.000,
9265,Empresa FictÃ­cia 9265,"88.115.955/0001-15",2026-08-03 08:38:00.000,
9266,Empresa FictÃ­cia 9266,"88.116.972/0001-16",2026-08-03 08:38:00.000,
9267,Empresa FictÃ­cia 9267,"88.117.989/0001-17",2026-08-03 08:38:00.000,
9268,Empresa FictÃ­cia 9268,"88.118.006/0001-18",2026-08-03 08:38:00.000,
9269,Empresa FictÃ­cia 9269,"88.119.023/0001-19",2026-08-03 08:38:00.000,
9270,Empresa FictÃ­cia 9270,"88.120.040/0001-20",2026-08-03 08:38:00.000,
9271,Empresa FictÃ­cia 9271,"88.121.057/0001-21",2026-08-03 08:38:00.000,
9272,Empresa FictÃ­cia 9272,"88.122.074/0001-22",2026-08-03 08:38:00.000,
9273,Empresa FictÃ­cia 9273,"88.123.091/0001-23",2026-08-03 08:38:00.000,
9274,Empresa FictÃ­cia 9274,"88.124.108/0001-24",2026-08-03 08:38:00.000,
9275,Empresa FictÃ­cia 9275,"88.125.125/0001-25",2026-08-03 08:38:00.000,
9276,Empresa FictÃ­cia 9276,"88.126.142/0001-26",2026-08-03 08:38:00.000,
9277,Empresa FictÃ­cia 9277,"88.127.159/0001-27",2026-08-03 08:38:00.000,
9278,Empresa FictÃ­cia 9278,"88.128.176/0001-28",2026-08-03 08:38:00.000,
9279,Empresa FictÃ­cia 9279,"88.129.193/0001-29",2026-08-03 08:38:00.000,
9280,Empresa FictÃ­cia 9280,"88.130.210/0001-30",2026-08-03 08:38:00.000,
9281,Empresa FictÃ­cia 9281,"88.131.227/0001-31",2026-08-03 08:38:00.000,
9282,Empresa FictÃ­cia 9282,"88.132.244/0001-32",2026-08-03 08:38:00.000,
9283,Empresa FictÃ­cia 9283,"88.133.261/0001-33",2026-08-03 08:38:00.000,
9284,Empresa FictÃ­cia 9284,"88.134.278/0001-34",2026-08-03 08:38:00.000,
9285,Empresa FictÃ­cia 9285,"88.135.295/0001-35",2026-08-03 08:38:00.000,
9286,Empresa FictÃ­cia 9286,"88.136.312/0001-36",2026-08-03 08:38:00.000,
9287,Empresa FictÃ­cia 9287,"88.137.329/0001-37",2026-08-03 08:38:00.000,
9288,Empresa FictÃ­cia 9288,"88.138.346/0001-38",2026-08-03 08:38:00.000,
9289,Empresa FictÃ­cia 9289,"88.139.363/0001-39",2026-08-03 08:38:00.000,
9290,Empresa FictÃ­cia 9290,"88.140.380/0001-40",2026-08-03 08:38:00.000,
9291,Empresa FictÃ­cia 9291,"88.141.397/0001-41",2026-08-03 08:38:00.000,
9292,Empresa FictÃ­cia 9292,"88.142.414/0001-42",2026-08-03 08:38:00.000,
9293,Empresa FictÃ­cia 9293,"88.143.431/0001-43",2026-08-03 08:38:00.000,
9294,Empresa FictÃ­cia 9294,"88.144.448/0001-44",2026-08-03 08:38:00.000,
9295,Empresa FictÃ­cia 9295,"88.145.465/0001-45",2026-08-03 08:38:00.000,
9296,Empresa FictÃ­cia 9296,"88.146.482/0001-46",2026-08-03 08:38:00.000,
9297,Empresa FictÃ­cia 9297,"88.147.499/0001-47",2026-08-03 08:38:00.000,
9298,Empresa FictÃ­cia 9298,"88.148.516/0001-48",2026-08-03 08:38:00.000,
9299,Empresa FictÃ­cia 9299,"88.149.533/0001-49",2026-08-03 08:38:00.000,
9300,Empresa FictÃ­cia 9300,"88.150.550/0001-50",2026-08-03 08:38:00.000,
9301,Empresa FictÃ­cia 9301,"88.151.567/0001-51",2026-08-03 08:38:00.000,
9302,Empresa FictÃ­cia 9302,"88.152.584/0001-52",2026-08-03 08:38:00.000,
9303,Empresa FictÃ­cia 9303,"88.153.601/0001-53",2026-08-03 08:38:00.000,
9304,Empresa FictÃ­cia 9304,"88.154.618/0001-54",2026-08-03 08:38:00.000,
9305,Empresa FictÃ­cia 9305,"88.155.635/0001-55",2026-08-03 08:38:00.000,
9306,Empresa FictÃ­cia 9306,"88.156.652/0001-56",2026-08-03 08:38:00.000,
9307,Empresa FictÃ­cia 9307,"88.157.669/0001-57",2026-08-03 08:38:00.000,
9308,Empresa FictÃ­cia 9308,"88.158.686/0001-58",2026-08-03 08:38:00.000,
9309,Empresa FictÃ­cia 9309,"88.159.703/0001-59",2026-08-03 08:38:00.000,
9310,Empresa FictÃ­cia 9310,"88.160.720/0001-60",2026-08-03 08:38:00.000,
9311,Empresa FictÃ­cia 9311,"88.161.737/0001-61",2026-08-03 08:38:00.000,
9312,Empresa FictÃ­cia 9312,"88.162.754/0001-62",2026-08-03 08:38:00.000,
9313,Empresa FictÃ­cia 9313,"88.163.771/0001-63",2026-08-03 08:38:00.000,
9314,Empresa FictÃ­cia 9314,"88.164.788/0001-64",2026-08-03 08:38:00.000,
9315,Empresa FictÃ­cia 9315,"88.165.805/0001-65",2026-08-03 08:38:00.000,
9316,Empresa FictÃ­cia 9316,"88.166.822/0001-66",2026-08-03 08:38:00.000,
9317,Empresa FictÃ­cia 9317,"88.167.839/0001-67",2026-08-03 08:38:00.000,
9318,Empresa FictÃ­cia 9318,"88.168.856/0001-68",2026-08-03 08:38:00.000,
9319,Empresa FictÃ­cia 9319,"88.169.873/0001-69",2026-08-03 08:38:00.000,
9320,Empresa FictÃ­cia 9320,"88.170.890/0001-70",2026-08-03 08:38:00.000,
9321,Empresa FictÃ­cia 9321,"88.171.907/0001-71",2026-08-03 08:38:00.000,
9322,Empresa FictÃ­cia 9322,"88.172.924/0001-72",2026-08-03 08:38:00.000,
9323,Empresa FictÃ­cia 9323,"88.173.941/0001-73",2026-08-03 08:38:00.000,
9324,Empresa FictÃ­cia 9324,"88.174.958/0001-74",2026-08-03 08:38:00.000,
9325,Empresa FictÃ­cia 9325,"88.175.975/0001-75",2026-08-03 08:38:00.000,
9326,Empresa FictÃ­cia 9326,"88.176.992/0001-76",2026-08-03 08:38:00.000,
9327,Empresa FictÃ­cia 9327,"88.177.009/0001-77",2026-08-03 08:38:00.000,
9328,Empresa FictÃ­cia 9328,"88.178.026/0001-78",2026-08-03 08:38:00.000,
9329,Empresa FictÃ­cia 9329,"88.179.043/0001-79",2026-08-03 08:38:00.000,
9330,Empresa FictÃ­cia 9330,"88.180.060/0001-80",2026-08-03 08:38:00.000,
9331,Empresa FictÃ­cia 9331,"88.181.077/0001-81",2026-08-03 08:38:00.000,
9332,Empresa FictÃ­cia 9332,"88.182.094/0001-82",2026-08-03 08:38:00.000,
9333,Empresa FictÃ­cia 9333,"88.183.111/0001-83",2026-08-03 08:38:00.000,
9334,Empresa FictÃ­cia 9334,"88.184.128/0001-84",2026-08-03 08:38:00.000,
9335,Empresa FictÃ­cia 9335,"88.185.145/0001-85",2026-08-03 08:38:00.000,
9336,Empresa FictÃ­cia 9336,"88.186.162/0001-86",2026-08-03 08:38:00.000,
9337,Empresa FictÃ­cia 9337,"88.187.179/0001-87",2026-08-03 08:38:00.000,
9338,Empresa FictÃ­cia 9338,"88.188.196/0001-88",2026-08-03 08:38:00.000,
9339,Empresa FictÃ­cia 9339,"88.189.213/0001-89",2026-08-03 08:38:00.000,
9340,Empresa FictÃ­cia 9340,"88.190.230/0001-90",2026-08-03 08:38:00.000,
9341,Empresa FictÃ­cia 9341,"88.191.247/0001-91",2026-08-03 08:38:00.000,
9342,Empresa FictÃ­cia 9342,"88.192.264/0001-92",2026-08-03 08:38:00.000,
9343,Empresa FictÃ­cia 9343,"88.193.281/0001-93",2026-08-03 08:38:00.000,
9344,Empresa FictÃ­cia 9344,"88.194.298/0001-94",2026-08-03 08:38:00.000,
9345,Empresa FictÃ­cia 9345,"88.195.315/0001-95",2026-08-03 08:38:00.000,
9346,Empresa FictÃ­cia 9346,"88.196.332/0001-96",2026-08-03 08:38:00.000,
9347,Empresa FictÃ­cia 9347,"88.197.349/0001-97",2026-08-03 08:38:00.000,
9348,Empresa FictÃ­cia 9348,"88.198.366/0001-98",2026-08-03 08:38:00.000,
9349,Empresa FictÃ­cia 9349,"88.199.383/0001-99",2026-08-03 08:38:00.000,
9350,Empresa FictÃ­cia 9350,"88.200.400/0001-00",2026-08-03 08:38:00.000,
9351,Empresa FictÃ­cia 9351,"88.201.417/0001-01",2026-08-03 08:38:00.000,
9352,Empresa FictÃ­cia 9352,"88.202.434/0001-02",2026-08-03 08:38:00.000,
9353,Empresa FictÃ­cia 9353,"88.203.451/0001-03",2026-08-03 08:38:00.000,
9354,Empresa FictÃ­cia 9354,"88.204.468/0001-04",2026-08-03 08:38:00.000,
9355,Empresa FictÃ­cia 9355,"88.205.485/0001-05",2026-08-03 08:38:00.000,
9356,Empresa FictÃ­cia 9356,"88.206.502/0001-06",2026-08-03 08:38:00.000,
9357,Empresa FictÃ­cia 9357,"88.207.519/0001-07",2026-08-03 08:38:00.000,
9358,Empresa FictÃ­cia 9358,"88.208.536/0001-08",2026-08-03 08:38:00.000,
9359,Empresa FictÃ­cia 9359,"88.209.553/0001-09",2026-08-03 08:38:00.000,
9360,Empresa FictÃ­cia 9360,"88.210.570/0001-10",2026-08-03 08:38:00.000,
9361,Empresa FictÃ­cia 9361,"88.211.587/0001-11",2026-08-03 08:38:00.000,
9362,Empresa FictÃ­cia 9362,"88.212.604/0001-12",2026-08-03 08:38:00.000,
9363,Empresa FictÃ­cia 9363,"88.213.621/0001-13",2026-08-03 08:38:00.000,
9364,Empresa FictÃ­cia 9364,"88.214.638/0001-14",2026-08-03 08:38:00.000,
9365,Empresa FictÃ­cia 9365,"88.215.655/0001-15",2026-08-03 08:38:00.000,
9366,Empresa FictÃ­cia 9366,"88.216.672/0001-16",2026-08-03 08:38:00.000,
9367,Empresa FictÃ­cia 9367,"88.217.689/0001-17",2026-08-03 08:38:00.000,
9368,Empresa FictÃ­cia 9368,"88.218.706/0001-18",2026-08-03 08:38:00.000,
9369,Empresa FictÃ­cia 9369,"88.219.723/0001-19",2026-08-03 08:38:00.000,
9370,Empresa FictÃ­cia 9370,"88.220.740/0001-20",2026-08-03 08:38:00.000,
9371,Empresa FictÃ­cia 9371,"88.221.757/0001-21",2026-08-03 08:38:00.000,
9372,Empresa FictÃ­cia 9372,"88.222.774/0001-22",2026-08-03 08:38:00.000,
9373,Empresa FictÃ­cia 9373,"88.223.791/0001-23",2026-08-03 08:38:00.000,
9374,Empresa FictÃ­cia 9374,"88.224.808/0001-24",2026-08-03 08:38:00.000,
9375,Empresa FictÃ­cia 9375,"88.225.825/0001-25",2026-08-03 08:38:00.000,
9376,Empresa FictÃ­cia 9376,"88.226.842/0001-26",2026-08-03 08:38:00.000,
9377,Empresa FictÃ­cia 9377,"88.227.859/0001-27",2026-08-03 08:38:00.000,
9378,Empresa FictÃ­cia 9378,"88.228.876/0001-28",2026-08-03 08:38:00.000,
9379,Empresa FictÃ­cia 9379,"88.229.893/0001-29",2026-08-03 08:38:00.000,
9380,Empresa FictÃ­cia 9380,"88.230.910/0001-30",2026-08-03 08:38:00.000,
9381,Empresa FictÃ­cia 9381,"88.231.927/0001-31",2026-08-03 08:38:00.000,
9382,Empresa FictÃ­cia 9382,"88.232.944/0001-32",2026-08-03 08:38:00.000,
9383,Empresa FictÃ­cia 9383,"88.233.961/0001-33",2026-08-03 08:38:00.000,
9384,Empresa FictÃ­cia 9384,"88.234.978/0001-34",2026-08-03 08:38:00.000,
9385,Empresa FictÃ­cia 9385,"88.235.995/0001-35",2026-08-03 08:38:00.000,
9386,Empresa FictÃ­cia 9386,"88.236.012/0001-36",2026-08-03 08:38:00.000,
9387,Empresa FictÃ­cia 9387,"88.237.029/0001-37",2026-08-03 08:38:00.000,
9388,Empresa FictÃ­cia 9388,"88.238.046/0001-38",2026-08-03 08:38:00.000,
9389,Empresa FictÃ­cia 9389,"88.239.063/0001-39",2026-08-03 08:38:00.000,
9390,Empresa FictÃ­cia 9390,"88.240.080/0001-40",2026-08-03 08:38:00.000,
9391,Empresa FictÃ­cia 9391,"88.241.097/0001-41",2026-08-03 08:38:00.000,
9392,Empresa FictÃ­cia 9392,"88.242.114/0001-42",2026-08-03 08:38:00.000,
9393,Empresa FictÃ­cia 9393,"88.243.131/0001-43",2026-08-03 08:38:00.000,
9394,Empresa FictÃ­cia 9394,"88.244.148/0001-44",2026-08-03 08:38:00.000,
9395,Empresa FictÃ­cia 9395,"88.245.165/0001-45",2026-08-03 08:38:00.000,
9396,Empresa FictÃ­cia 9396,"88.246.182/0001-46",2026-08-03 08:38:00.000,
9397,Empresa FictÃ­cia 9397,"88.247.199/0001-47",2026-08-03 08:38:00.000,
9398,Empresa FictÃ­cia 9398,"88.248.216/0001-48",2026-08-03 08:38:00.000,
9399,Empresa FictÃ­cia 9399,"88.249.233/0001-49",2026-08-03 08:38:00.000,
9400,Empresa FictÃ­cia 9400,"88.250.250/0001-50",2026-08-03 08:38:00.000,
9401,Empresa FictÃ­cia 9401,"88.251.267/0001-51",2026-08-03 08:38:00.000,
9402,Empresa FictÃ­cia 9402,"88.252.284/0001-52",2026-08-03 08:38:00.000,
9403,Empresa FictÃ­cia 9403,"88.253.301/0001-53",2026-08-03 08:38:00.000,
9404,Empresa FictÃ­cia 9404,"88.254.318/0001-54",2026-08-03 08:38:00.000,
9405,Empresa FictÃ­cia 9405,"88.255.335/0001-55",2026-08-03 08:38:00.000,
9406,Empresa FictÃ­cia 9406,"88.256.352/0001-56",2026-08-03 08:38:00.000,
9407,Empresa FictÃ­cia 9407,"88.257.369/0001-57",2026-08-03 08:38:00.000,
9408,Empresa FictÃ­cia 9408,"88.258.386/0001-58",2026-08-03 08:38:00.000,
9409,Empresa FictÃ­cia 9409,"88.259.403/0001-59",2026-08-03 08:38:00.000,
9410,Empresa FictÃ­cia 9410,"88.260.420/0001-60",2026-08-03 08:38:00.000,
9411,Empresa FictÃ­cia 9411,"88.261.437/0001-61",2026-08-03 08:38:00.000,
9412,Empresa FictÃ­cia 9412,"88.262.454/0001-62",2026-08-03 08:38:00.000,
9413,Empresa FictÃ­cia 9413,"88.263.471/0001-63",2026-08-03 08:38:00.000,
9414,Empresa FictÃ­cia 9414,"88.264.488/0001-64",2026-08-03 08:38:00.000,
9415,Empresa FictÃ­cia 9415,"88.265.505/0001-65",2026-08-03 08:38:00.000,
9416,Empresa FictÃ­cia 9416,"88.266.522/0001-66",2026-08-03 08:38:00.000,
9417,Empresa FictÃ­cia 9417,"88.267.539/0001-67",2026-08-03 08:38:00.000,
9418,Empresa FictÃ­cia 9418,"88.268.556/0001-68",2026-08-03 08:38:00.000,
9419,Empresa FictÃ­cia 9419,"88.269.573/0001-69",2026-08-03 08:38:00.000,
9420,Empresa FictÃ­cia 9420,"88.270.590/0001-70",2026-08-03 08:38:00.000,
9421,Empresa FictÃ­cia 9421,"88.271.607/0001-71",2026-08-03 08:38:00.000,
9422,Empresa FictÃ­cia 9422,"88.272.624/0001-72",2026-08-03 08:38:00.000,
9423,Empresa FictÃ­cia 9423,"88.273.641/0001-73",2026-08-03 08:38:00.000,
9424,Empresa FictÃ­cia 9424,"88.274.658/0001-74",2026-08-03 08:38:00.000,
9425,Empresa FictÃ­cia 9425,"88.275.675/0001-75",2026-08-03 08:38:00.000,
9426,Empresa FictÃ­cia 9426,"88.276.692/0001-76",2026-08-03 08:38:00.000,
9427,Empresa FictÃ­cia 9427,"88.277.709/0001-77",2026-08-03 08:38:00.000,
9428,Empresa FictÃ­cia 9428,"88.278.726/0001-78",2026-08-03 08:38:00.000,
9429,Empresa FictÃ­cia 9429,"88.279.743/0001-79",2026-08-03 08:38:00.000,
9430,Empresa FictÃ­cia 9430,"88.280.760/0001-80",2026-08-03 08:38:00.000,
9431,Empresa FictÃ­cia 9431,"88.281.777/0001-81",2026-08-03 08:38:00.000,
9432,Empresa FictÃ­cia 9432,"88.282.794/0001-82",2026-08-03 08:38:00.000,
9433,Empresa FictÃ­cia 9433,"88.283.811/0001-83",2026-08-03 08:38:00.000,
9434,Empresa FictÃ­cia 9434,"88.284.828/0001-84",2026-08-03 08:38:00.000,
9435,Empresa FictÃ­cia 9435,"88.285.845/0001-85",2026-08-03 08:38:00.000,
9436,Empresa FictÃ­cia 9436,"88.286.862/0001-86",2026-08-03 08:38:00.000,
9437,Empresa FictÃ­cia 9437,"88.287.879/0001-87",2026-08-03 08:38:00.000,
9438,Empresa FictÃ­cia 9438,"88.288.896/0001-88",2026-08-03 08:38:00.000,
9439,Empresa FictÃ­cia 9439,"88.289.913/0001-89",2026-08-03 08:38:00.000,
9440,Empresa FictÃ­cia 9440,"88.290.930/0001-90",2026-08-03 08:38:00.000,
9441,Empresa FictÃ­cia 9441,"88.291.947/0001-91",2026-08-03 08:38:00.000,
9442,Empresa FictÃ­cia 9442,"88.292.964/0001-92",2026-08-03 08:38:00.000,
9443,Empresa FictÃ­cia 9443,"88.293.981/0001-93",2026-08-03 08:38:00.000,
9444,Empresa FictÃ­cia 9444,"88.294.998/0001-94",2026-08-03 08:38:00.000,
9445,Empresa FictÃ­cia 9445,"88.295.015/0001-95",2026-08-03 08:38:00.000,
9446,Empresa FictÃ­cia 9446,"88.296.032/0001-96",2026-08-03 08:38:00.000,
9447,Empresa FictÃ­cia 9447,"88.297.049/0001-97",2026-08-03 08:38:00.000,
9448,Empresa FictÃ­cia 9448,"88.298.066/0001-98",2026-08-03 08:38:00.000,
9449,Empresa FictÃ­cia 9449,"88.299.083/0001-99",2026-08-03 08:38:00.000,
9450,Empresa FictÃ­cia 9450,"88.300.100/0001-00",2026-08-03 08:38:00.000,
9451,Empresa FictÃ­cia 9451,"88.301.117/0001-01",2026-08-03 08:38:00.000,
9452,Empresa FictÃ­cia 9452,"88.302.134/0001-02",2026-08-03 08:38:00.000,
9453,Empresa FictÃ­cia 9453,"88.303.151/0001-03",2026-08-03 08:38:00.000,
9454,Empresa FictÃ­cia 9454,"88.304.168/0001-04",2026-08-03 08:38:00.000,
9455,Empresa FictÃ­cia 9455,"88.305.185/0001-05",2026-08-03 08:38:00.000,
9456,Empresa FictÃ­cia 9456,"88.306.202/0001-06",2026-08-03 08:38:00.000,
9457,Empresa FictÃ­cia 9457,"88.307.219/0001-07",2026-08-03 08:38:00.000,
9458,Empresa FictÃ­cia 9458,"88.308.236/0001-08",2026-08-03 08:38:00.000,
9459,Empresa FictÃ­cia 9459,"88.309.253/0001-09",2026-08-03 08:38:00.000,
9460,Empresa FictÃ­cia 9460,"88.310.270/0001-10",2026-08-03 08:38:00.000,
9461,Empresa FictÃ­cia 9461,"88.311.287/0001-11",2026-08-03 08:38:00.000,
9462,Empresa FictÃ­cia 9462,"88.312.304/0001-12",2026-08-03 08:38:00.000,
9463,Empresa FictÃ­cia 9463,"88.313.321/0001-13",2026-08-03 08:38:00.000,
9464,Empresa FictÃ­cia 9464,"88.314.338/0001-14",2026-08-03 08:38:00.000,
9465,Empresa FictÃ­cia 9465,"88.315.355/0001-15",2026-08-03 08:38:00.000,
9466,Empresa FictÃ­cia 9466,"88.316.372/0001-16",2026-08-03 08:38:00.000,
9467,Empresa FictÃ­cia 9467,"88.317.389/0001-17",2026-08-03 08:38:00.000,
9468,Empresa FictÃ­cia 9468,"88.318.406/0001-18",2026-08-03 08:38:00.000,
9469,Empresa FictÃ­cia 9469,"88.319.423/0001-19",2026-08-03 08:38:00.000,
9470,Empresa FictÃ­cia 9470,"88.320.440/0001-20",2026-08-03 08:38:00.000,
9471,Empresa FictÃ­cia 9471,"88.321.457/0001-21",2026-08-03 08:38:00.000,
9472,Empresa FictÃ­cia 9472,"88.322.474/0001-22",2026-08-03 08:38:00.000,
9473,Empresa FictÃ­cia 9473,"88.323.491/0001-23",2026-08-03 08:38:00.000,
9474,Empresa FictÃ­cia 9474,"88.324.508/0001-24",2026-08-03 08:38:00.000,
9475,Empresa FictÃ­cia 9475,"88.325.525/0001-25",2026-08-03 08:38:00.000,
9476,Empresa FictÃ­cia 9476,"88.326.542/0001-26",2026-08-03 08:38:00.000,
9477,Empresa FictÃ­cia 9477,"88.327.559/0001-27",2026-08-03 08:38:00.000,
9478,Empresa FictÃ­cia 9478,"88.328.576/0001-28",2026-08-03 08:38:00.000,
9479,Empresa FictÃ­cia 9479,"88.329.593/0001-29",2026-08-03 08:38:00.000,
9480,Empresa FictÃ­cia 9480,"88.330.610/0001-30",2026-08-03 08:38:00.000,
9481,Empresa FictÃ­cia 9481,"88.331.627/0001-31",2026-08-03 08:38:00.000,
9482,Empresa FictÃ­cia 9482,"88.332.644/0001-32",2026-08-03 08:38:00.000,
9483,Empresa FictÃ­cia 9483,"88.333.661/0001-33",2026-08-03 08:38:00.000,
9484,Empresa FictÃ­cia 9484,"88.334.678/0001-34",2026-08-03 08:38:00.000,
9485,Empresa FictÃ­cia 9485,"88.335.695/0001-35",2026-08-03 08:38:00.000,
9486,Empresa FictÃ­cia 9486,"88.336.712/0001-36",2026-08-03 08:38:00.000,
9487,Empresa FictÃ­cia 9487,"88.337.729/0001-37",2026-08-03 08:38:00.000,
9488,Empresa FictÃ­cia 9488,"88.338.746/0001-38",2026-08-03 08:38:00.000,
9489,Empresa FictÃ­cia 9489,"88.339.763/0001-39",2026-08-03 08:38:00.000,
9490,Empresa FictÃ­cia 9490,"88.340.780/0001-40",2026-08-03 08:38:00.000,
9491,Empresa FictÃ­cia 9491,"88.341.797/0001-41",2026-08-03 08:38:00.000,
9492,Empresa FictÃ­cia 9492,"88.342.814/0001-42",2026-08-03 08:38:00.000,
9493,Empresa FictÃ­cia 9493,"88.343.831/0001-43",2026-08-03 08:38:00.000,
9494,Empresa FictÃ­cia 9494,"88.344.848/0001-44",2026-08-03 08:38:00.000,
9495,Empresa FictÃ­cia 9495,"88.345.865/0001-45",2026-08-03 08:38:00.000,
9496,Empresa FictÃ­cia 9496,"88.346.882/0001-46",2026-08-03 08:38:00.000,
9497,Empresa FictÃ­cia 9497,"88.347.899/0001-47",2026-08-03 08:38:00.000,
9498,Empresa FictÃ­cia 9498,"88.348.916/0001-48",2026-08-03 08:38:00.000,
9499,Empresa FictÃ­cia 9499,"88.349.933/0001-49",2026-08-03 08:38:00.000,
9500,Empresa FictÃ­cia 9500,"88.350.950/0001-50",2026-08-03 08:38:00.000,
9501,Empresa FictÃ­cia 9501,"88.351.967/0001-51",2026-08-03 08:38:00.000,
9502,Empresa FictÃ­cia 9502,"88.352.984/0001-52",2026-08-03 08:38:00.000,
9503,Empresa FictÃ­cia 9503,"88.353.001/0001-53",2026-08-03 08:38:00.000,
9504,Empresa FictÃ­cia 9504,"88.354.018/0001-54",2026-08-03 08:38:00.000,
9505,Empresa FictÃ­cia 9505,"88.355.035/0001-55",2026-08-03 08:38:00.000,
9506,Empresa FictÃ­cia 9506,"88.356.052/0001-56",2026-08-03 08:38:00.000,
9507,Empresa FictÃ­cia 9507,"88.357.069/0001-57",2026-08-03 08:38:00.000,
9508,Empresa FictÃ­cia 9508,"88.358.086/0001-58",2026-08-03 08:38:00.000,
9509,Empresa FictÃ­cia 9509,"88.359.103/0001-59",2026-08-03 08:38:00.000,
9510,Empresa FictÃ­cia 9510,"88.360.120/0001-60",2026-08-03 08:38:00.000,
9511,Empresa FictÃ­cia 9511,"88.361.137/0001-61",2026-08-03 08:38:00.000,
9512,Empresa FictÃ­cia 9512,"88.362.154/0001-62",2026-08-03 08:38:00.000,
9513,Empresa FictÃ­cia 9513,"88.363.171/0001-63",2026-08-03 08:38:00.000,
9514,Empresa FictÃ­cia 9514,"88.364.188/0001-64",2026-08-03 08:38:00.000,
9515,Empresa FictÃ­cia 9515,"88.365.205/0001-65",2026-08-03 08:38:00.000,
9516,Empresa FictÃ­cia 9516,"88.366.222/0001-66",2026-08-03 08:38:00.000,
9517,Empresa FictÃ­cia 9517,"88.367.239/0001-67",2026-08-03 08:38:00.000,
9518,Empresa FictÃ­cia 9518,"88.368.256/0001-68",2026-08-03 08:38:00.000,
9519,Empresa FictÃ­cia 9519,"88.369.273/0001-69",2026-08-03 08:38:00.000,
9520,Empresa FictÃ­cia 9520,"88.370.290/0001-70",2026-08-03 08:38:00.000,
9521,Empresa FictÃ­cia 9521,"88.371.307/0001-71",2026-08-03 08:38:00.000,
9522,Empresa FictÃ­cia 9522,"88.372.324/0001-72",2026-08-03 08:38:00.000,
9523,Empresa FictÃ­cia 9523,"88.373.341/0001-73",2026-08-03 08:38:00.000,
9524,Empresa FictÃ­cia 9524,"88.374.358/0001-74",2026-08-03 08:38:00.000,
9525,Empresa FictÃ­cia 9525,"88.375.375/0001-75",2026-08-03 08:38:00.000,
9526,Empresa FictÃ­cia 9526,"88.376.392/0001-76",2026-08-03 08:38:00.000,
9527,Empresa FictÃ­cia 9527,"88.377.409/0001-77",2026-08-03 08:38:00.000,
9528,Empresa FictÃ­cia 9528,"88.378.426/0001-78",2026-08-03 08:38:00.000,
9529,Empresa FictÃ­cia 9529,"88.379.443/0001-79",2026-08-03 08:38:00.000,
9530,Empresa FictÃ­cia 9530,"88.380.460/0001-80",2026-08-03 08:38:00.000,
9531,Empresa FictÃ­cia 9531,"88.381.477/0001-81",2026-08-03 08:38:00.000,
9532,Empresa FictÃ­cia 9532,"88.382.494/0001-82",2026-08-03 08:38:00.000,
9533,Empresa FictÃ­cia 9533,"88.383.511/0001-83",2026-08-03 08:38:00.000,
9534,Empresa FictÃ­cia 9534,"88.384.528/0001-84",2026-08-03 08:38:00.000,
9535,Empresa FictÃ­cia 9535,"88.385.545/0001-85",2026-08-03 08:38:00.000,
9536,Empresa FictÃ­cia 9536,"88.386.562/0001-86",2026-08-03 08:38:00.000,
9537,Empresa FictÃ­cia 9537,"88.387.579/0001-87",2026-08-03 08:38:00.000,
9538,Empresa FictÃ­cia 9538,"88.388.596/0001-88",2026-08-03 08:38:00.000,
9539,Empresa FictÃ­cia 9539,"88.389.613/0001-89",2026-08-03 08:38:00.000,
9540,Empresa FictÃ­cia 9540,"88.390.630/0001-90",2026-08-03 08:38:00.000,
9541,Empresa FictÃ­cia 9541,"88.391.647/0001-91",2026-08-03 08:38:00.000,
9542,Empresa FictÃ­cia 9542,"88.392.664/0001-92",2026-08-03 08:38:00.000,
9543,Empresa FictÃ­cia 9543,"88.393.681/0001-93",2026-08-03 08:38:00.000,
9544,Empresa FictÃ­cia 9544,"88.394.698/0001-94",2026-08-03 08:38:00.000,
9545,Empresa FictÃ­cia 9545,"88.395.715/0001-95",2026-08-03 08:38:00.000,
9546,Empresa FictÃ­cia 9546,"88.396.732/0001-96",2026-08-03 08:38:00.000,
9547,Empresa FictÃ­cia 9547,"88.397.749/0001-97",2026-08-03 08:38:00.000,
9548,Empresa FictÃ­cia 9548,"88.398.766/0001-98",2026-08-03 08:38:00.000,
9549,Empresa FictÃ­cia 9549,"88.399.783/0001-99",2026-08-03 08:38:00.000,
9550,Empresa FictÃ­cia 9550,"88.400.800/0001-00",2026-08-03 08:38:00.000,
9551,Empresa FictÃ­cia 9551,"88.401.817/0001-01",2026-08-03 08:38:00.000,
9552,Empresa FictÃ­cia 9552,"88.402.834/0001-02",2026-08-03 08:38:00.000,
9553,Empresa FictÃ­cia 9553,"88.403.851/0001-03",2026-08-03 08:38:00.000,
9554,Empresa FictÃ­cia 9554,"88.404.868/0001-04",2026-08-03 08:38:00.000,
9555,Empresa FictÃ­cia 9555,"88.405.885/0001-05",2026-08-03 08:38:00.000,
9556,Empresa FictÃ­cia 9556,"88.406.902/0001-06",2026-08-03 08:38:00.000,
9557,Empresa FictÃ­cia 9557,"88.407.919/0001-07",2026-08-03 08:38:00.000,
9558,Empresa FictÃ­cia 9558,"88.408.936/0001-08",2026-08-03 08:38:00.000,
9559,Empresa FictÃ­cia 9559,"88.409.953/0001-09",2026-08-03 08:38:00.000,
9560,Empresa FictÃ­cia 9560,"88.410.970/0001-10",2026-08-03 08:38:00.000,
9561,Empresa FictÃ­cia 9561,"88.411.987/0001-11",2026-08-03 08:38:00.000,
9562,Empresa FictÃ­cia 9562,"88.412.004/0001-12",2026-08-03 08:38:00.000,
9563,Empresa FictÃ­cia 9563,"88.413.021/0001-13",2026-08-03 08:38:00.000,
9564,Empresa FictÃ­cia 9564,"88.414.038/0001-14",2026-08-03 08:38:00.000,
9565,Empresa FictÃ­cia 9565,"88.415.055/0001-15",2026-08-03 08:38:00.000,
9566,Empresa FictÃ­cia 9566,"88.416.072/0001-16",2026-08-03 08:38:00.000,
9567,Empresa FictÃ­cia 9567,"88.417.089/0001-17",2026-08-03 08:38:00.000,
9568,Empresa FictÃ­cia 9568,"88.418.106/0001-18",2026-08-03 08:38:00.000,
9569,Empresa FictÃ­cia 9569,"88.419.123/0001-19",2026-08-03 08:38:00.000,
9570,Empresa FictÃ­cia 9570,"88.420.140/0001-20",2026-08-03 08:38:00.000,
9571,Empresa FictÃ­cia 9571,"88.421.157/0001-21",2026-08-03 08:38:00.000,
9572,Empresa FictÃ­cia 9572,"88.422.174/0001-22",2026-08-03 08:38:00.000,
9573,Empresa FictÃ­cia 9573,"88.423.191/0001-23",2026-08-03 08:38:00.000,
9574,Empresa FictÃ­cia 9574,"88.424.208/0001-24",2026-08-03 08:38:00.000,
9575,Empresa FictÃ­cia 9575,"88.425.225/0001-25",2026-08-03 08:38:00.000,
9576,Empresa FictÃ­cia 9576,"88.426.242/0001-26",2026-08-03 08:38:00.000,
9577,Empresa FictÃ­cia 9577,"88.427.259/0001-27",2026-08-03 08:38:00.000,
9578,Empresa FictÃ­cia 9578,"88.428.276/0001-28",2026-08-03 08:38:00.000,
9579,Empresa FictÃ­cia 9579,"88.429.293/0001-29",2026-08-03 08:38:00.000,
9580,Empresa FictÃ­cia 9580,"88.430.310/0001-30",2026-08-03 08:38:00.000,
9581,Empresa FictÃ­cia 9581,"88.431.327/0001-31",2026-08-03 08:38:00.000,
9582,Empresa FictÃ­cia 9582,"88.432.344/0001-32",2026-08-03 08:38:00.000,
9583,Empresa FictÃ­cia 9583,"88.433.361/0001-33",2026-08-03 08:38:00.000,
9584,Empresa FictÃ­cia 9584,"88.434.378/0001-34",2026-08-03 08:38:00.000,
9585,Empresa FictÃ­cia 9585,"88.435.395/0001-35",2026-08-03 08:38:00.000,
9586,Empresa FictÃ­cia 9586,"88.436.412/0001-36",2026-08-03 08:38:00.000,
9587,Empresa FictÃ­cia 9587,"88.437.429/0001-37",2026-08-03 08:38:00.000,
9588,Empresa FictÃ­cia 9588,"88.438.446/0001-38",2026-08-03 08:38:00.000,
9589,Empresa FictÃ­cia 9589,"88.439.463/0001-39",2026-08-03 08:38:00.000,
9590,Empresa FictÃ­cia 9590,"88.440.480/0001-40",2026-08-03 08:38:00.000,
9591,Empresa FictÃ­cia 9591,"88.441.497/0001-41",2026-08-03 08:38:00.000,
9592,Empresa FictÃ­cia 9592,"88.442.514/0001-42",2026-08-03 08:38:00.000,
9593,Empresa FictÃ­cia 9593,"88.443.531/0001-43",2026-08-03 08:38:00.000,
9594,Empresa FictÃ­cia 9594,"88.444.548/0001-44",2026-08-03 08:38:00.000,
9595,Empresa FictÃ­cia 9595,"88.445.565/0001-45",2026-08-03 08:38:00.000,
9596,Empresa FictÃ­cia 9596,"88.446.582/0001-46",2026-08-03 08:38:00.000,
9597,Empresa FictÃ­cia 9597,"88.447.599/0001-47",2026-08-03 08:38:00.000,
9598,Empresa FictÃ­cia 9598,"88.448.616/0001-48",2026-08-03 08:38:00.000,
9599,Empresa FictÃ­cia 9599,"88.449.633/0001-49",2026-08-03 08:38:00.000,
9600,Empresa FictÃ­cia 9600,"88.450.650/0001-50",2026-08-03 08:38:00.000,
9601,Empresa FictÃ­cia 9601,"88.451.667/0001-51",2026-08-03 08:38:00.000,
9602,Empresa FictÃ­cia 9602,"88.452.684/0001-52",2026-08-03 08:38:00.000,
9603,Empresa FictÃ­cia 9603,"88.453.701/0001-53",2026-08-03 08:38:00.000,
9604,Empresa FictÃ­cia 9604,"88.454.718/0001-54",2026-08-03 08:38:00.000,
9605,Empresa FictÃ­cia 9605,"88.455.735/0001-55",2026-08-03 08:38:00.000,
9606,Empresa FictÃ­cia 9606,"88.456.752/0001-56",2026-08-03 08:38:00.000,
9607,Empresa FictÃ­cia 9607,"88.457.769/0001-57",2026-08-03 08:38:00.000,
9608,Empresa FictÃ­cia 9608,"88.458.786/0001-58",2026-08-03 08:38:00.000,
9609,Empresa FictÃ­cia 9609,"88.459.803/0001-59",2026-08-03 08:38:00.000,
9610,Empresa FictÃ­cia 9610,"88.460.820/0001-60",2026-08-03 08:38:00.000,
9611,Empresa FictÃ­cia 9611,"88.461.837/0001-61",2026-08-03 08:38:00.000,
9612,Empresa FictÃ­cia 9612,"88.462.854/0001-62",2026-08-03 08:38:00.000,
9613,Empresa FictÃ­cia 9613,"88.463.871/0001-63",2026-08-03 08:38:00.000,
9614,Empresa FictÃ­cia 9614,"88.464.888/0001-64",2026-08-03 08:38:00.000,
9615,Empresa FictÃ­cia 9615,"88.465.905/0001-65",2026-08-03 08:38:00.000,
9616,Empresa FictÃ­cia 9616,"88.466.922/0001-66",2026-08-03 08:38:00.000,
9617,Empresa FictÃ­cia 9617,"88.467.939/0001-67",2026-08-03 08:38:00.000,
9618,Empresa FictÃ­cia 9618,"88.468.956/0001-68",2026-08-03 08:38:00.000,
9619,Empresa FictÃ­cia 9619,"88.469.973/0001-69",2026-08-03 08:38:00.000,
9620,Empresa FictÃ­cia 9620,"88.470.990/0001-70",2026-08-03 08:38:00.000,
9621,Empresa FictÃ­cia 9621,"88.471.007/0001-71",2026-08-03 08:38:00.000,
9622,Empresa FictÃ­cia 9622,"88.472.024/0001-72",2026-08-03 08:38:00.000,
9623,Empresa FictÃ­cia 9623,"88.473.041/0001-73",2026-08-03 08:38:00.000,
9624,Empresa FictÃ­cia 9624,"88.474.058/0001-74",2026-08-03 08:38:00.000,
9625,Empresa FictÃ­cia 9625,"88.475.075/0001-75",2026-08-03 08:38:00.000,
9626,Empresa FictÃ­cia 9626,"88.476.092/0001-76",2026-08-03 08:38:00.000,
9627,Empresa FictÃ­cia 9627,"88.477.109/0001-77",2026-08-03 08:38:00.000,
9628,Empresa FictÃ­cia 9628,"88.478.126/0001-78",2026-08-03 08:38:00.000,
9629,Empresa FictÃ­cia 9629,"88.479.143/0001-79",2026-08-03 08:38:00.000,
9630,Empresa FictÃ­cia 9630,"88.480.160/0001-80",2026-08-03 08:38:00.000,
9631,Empresa FictÃ­cia 9631,"88.481.177/0001-81",2026-08-03 08:38:00.000,
9632,Empresa FictÃ­cia 9632,"88.482.194/0001-82",2026-08-03 08:38:00.000,
9633,Empresa FictÃ­cia 9633,"88.483.211/0001-83",2026-08-03 08:38:00.000,
9634,Empresa FictÃ­cia 9634,"88.484.228/0001-84",2026-08-03 08:38:00.000,
9635,Empresa FictÃ­cia 9635,"88.485.245/0001-85",2026-08-03 08:38:00.000,
9636,Empresa FictÃ­cia 9636,"88.486.262/0001-86",2026-08-03 08:38:00.000,
9637,Empresa FictÃ­cia 9637,"88.487.279/0001-87",2026-08-03 08:38:00.000,
9638,Empresa FictÃ­cia 9638,"88.488.296/0001-88",2026-08-03 08:38:00.000,
9639,Empresa FictÃ­cia 9639,"88.489.313/0001-89",2026-08-03 08:38:00.000,
9640,Empresa FictÃ­cia 9640,"88.490.330/0001-90",2026-08-03 08:38:00.000,
9641,Empresa FictÃ­cia 9641,"88.491.347/0001-91",2026-08-03 08:38:00.000,
9642,Empresa FictÃ­cia 9642,"88.492.364/0001-92",2026-08-03 08:38:00.000,
9643,Empresa FictÃ­cia 9643,"88.493.381/0001-93",2026-08-03 08:38:00.000,
9644,Empresa FictÃ­cia 9644,"88.494.398/0001-94",2026-08-03 08:38:00.000,
9645,Empresa FictÃ­cia 9645,"88.495.415/0001-95",2026-08-03 08:38:00.000,
9646,Empresa FictÃ­cia 9646,"88.496.432/0001-96",2026-08-03 08:38:00.000,
9647,Empresa FictÃ­cia 9647,"88.497.449/0001-97",2026-08-03 08:38:00.000,
9648,Empresa FictÃ­cia 9648,"88.498.466/0001-98",2026-08-03 08:38:00.000,
9649,Empresa FictÃ­cia 9649,"88.499.483/0001-99",2026-08-03 08:38:00.000,
9650,Empresa FictÃ­cia 9650,"88.500.500/0001-00",2026-08-03 08:38:00.000,
9651,Empresa FictÃ­cia 9651,"88.501.517/0001-01",2026-08-03 08:38:00.000,
9652,Empresa FictÃ­cia 9652,"88.502.534/0001-02",2026-08-03 08:38:00.000,
9653,Empresa FictÃ­cia 9653,"88.503.551/0001-03",2026-08-03 08:38:00.000,
9654,Empresa FictÃ­cia 9654,"88.504.568/0001-04",2026-08-03 08:38:00.000,
9655,Empresa FictÃ­cia 9655,"88.505.585/0001-05",2026-08-03 08:38:00.000,
9656,Empresa FictÃ­cia 9656,"88.506.602/0001-06",2026-08-03 08:38:00.000,
9657,Empresa FictÃ­cia 9657,"88.507.619/0001-07",2026-08-03 08:38:00.000,
9658,Empresa FictÃ­cia 9658,"88.508.636/0001-08",2026-08-03 08:38:00.000,
9659,Empresa FictÃ­cia 9659,"88.509.653/0001-09",2026-08-03 08:38:00.000,
9660,Empresa FictÃ­cia 9660,"88.510.670/0001-10",2026-08-03 08:38:00.000,
9661,Empresa FictÃ­cia 9661,"88.511.687/0001-11",2026-08-03 08:38:00.000,
9662,Empresa FictÃ­cia 9662,"88.512.704/0001-12",2026-08-03 08:38:00.000,
9663,Empresa FictÃ­cia 9663,"88.513.721/0001-13",2026-08-03 08:38:00.000,
9664,Empresa FictÃ­cia 9664,"88.514.738/0001-14",2026-08-03 08:38:00.000,
9665,Empresa FictÃ­cia 9665,"88.515.755/0001-15",2026-08-03 08:38:00.000,
9666,Empresa FictÃ­cia 9666,"88.516.772/0001-16",2026-08-03 08:38:00.000,
9667,Empresa FictÃ­cia 9667,"88.517.789/0001-17",2026-08-03 08:38:00.000,
9668,Empresa FictÃ­cia 9668,"88.518.806/0001-18",2026-08-03 08:38:00.000,
9669,Empresa FictÃ­cia 9669,"88.519.823/0001-19",2026-08-03 08:38:00.000,
9670,Empresa FictÃ­cia 9670,"88.520.840/0001-20",2026-08-03 08:38:00.000,
9671,Empresa FictÃ­cia 9671,"88.521.857/0001-21",2026-08-03 08:38:00.000,
9672,Empresa FictÃ­cia 9672,"88.522.874/0001-22",2026-08-03 08:38:00.000,
9673,Empresa FictÃ­cia 9673,"88.523.891/0001-23",2026-08-03 08:38:00.000,
9674,Empresa FictÃ­cia 9674,"88.524.908/0001-24",2026-08-03 08:38:00.000,
9675,Empresa FictÃ­cia 9675,"88.525.925/0001-25",2026-08-03 08:38:00.000,
9676,Empresa FictÃ­cia 9676,"88.526.942/0001-26",2026-08-03 08:38:00.000,
9677,Empresa FictÃ­cia 9677,"88.527.959/0001-27",2026-08-03 08:38:00.000,
9678,Empresa FictÃ­cia 9678,"88.528.976/0001-28",2026-08-03 08:38:00.000,
9679,Empresa FictÃ­cia 9679,"88.529.993/0001-29",2026-08-03 08:38:00.000,
9680,Empresa FictÃ­cia 9680,"88.530.010/0001-30",2026-08-03 08:38:00.000,
9681,Empresa FictÃ­cia 9681,"88.531.027/0001-31",2026-08-03 08:38:00.000,
9682,Empresa FictÃ­cia 9682,"88.532.044/0001-32",2026-08-03 08:38:00.000,
9683,Empresa FictÃ­cia 9683,"88.533.061/0001-33",2026-08-03 08:38:00.000,
9684,Empresa FictÃ­cia 9684,"88.534.078/0001-34",2026-08-03 08:38:00.000,
9685,Empresa FictÃ­cia 9685,"88.535.095/0001-35",2026-08-03 08:38:00.000,
9686,Empresa FictÃ­cia 9686,"88.536.112/0001-36",2026-08-03 08:38:00.000,
9687,Empresa FictÃ­cia 9687,"88.537.129/0001-37",2026-08-03 08:38:00.000,
9688,Empresa FictÃ­cia 9688,"88.538.146/0001-38",2026-08-03 08:38:00.000,
9689,Empresa FictÃ­cia 9689,"88.539.163/0001-39",2026-08-03 08:38:00.000,
9690,Empresa FictÃ­cia 9690,"88.540.180/0001-40",2026-08-03 08:38:00.000,
9691,Empresa FictÃ­cia 9691,"88.541.197/0001-41",2026-08-03 08:38:00.000,
9692,Empresa FictÃ­cia 9692,"88.542.214/0001-42",2026-08-03 08:38:00.000,
9693,Empresa FictÃ­cia 9693,"88.543.231/0001-43",2026-08-03 08:38:00.000,
9694,Empresa FictÃ­cia 9694,"88.544.248/0001-44",2026-08-03 08:38:00.000,
9695,Empresa FictÃ­cia 9695,"88.545.265/0001-45",2026-08-03 08:38:00.000,
9696,Empresa FictÃ­cia 9696,"88.546.282/0001-46",2026-08-03 08:38:00.000,
9697,Empresa FictÃ­cia 9697,"88.547.299/0001-47",2026-08-03 08:38:00.000,
9698,Empresa FictÃ­cia 9698,"88.548.316/0001-48",2026-08-03 08:38:00.000,
9699,Empresa FictÃ­cia 9699,"88.549.333/0001-49",2026-08-03 08:38:00.000,
9700,Empresa FictÃ­cia 9700,"88.550.350/0001-50",2026-08-03 08:38:00.000,
9701,Empresa FictÃ­cia 9701,"88.551.367/0001-51",2026-08-03 08:38:00.000,
9702,Empresa FictÃ­cia 9702,"88.552.384/0001-52",2026-08-03 08:38:00.000,
9703,Empresa FictÃ­cia 9703,"88.553.401/0001-53",2026-08-03 08:38:00.000,
9704,Empresa FictÃ­cia 9704,"88.554.418/0001-54",2026-08-03 08:38:00.000,
9705,Empresa FictÃ­cia 9705,"88.555.435/0001-55",2026-08-03 08:38:00.000,
9706,Empresa FictÃ­cia 9706,"88.556.452/0001-56",2026-08-03 08:38:00.000,
9707,Empresa FictÃ­cia 9707,"88.557.469/0001-57",2026-08-03 08:38:00.000,
9708,Empresa FictÃ­cia 9708,"88.558.486/0001-58",2026-08-03 08:38:00.000,
9709,Empresa FictÃ­cia 9709,"88.559.503/0001-59",2026-08-03 08:38:00.000,
9710,Empresa FictÃ­cia 9710,"88.560.520/0001-60",2026-08-03 08:38:00.000,
9711,Empresa FictÃ­cia 9711,"88.561.537/0001-61",2026-08-03 08:38:00.000,
9712,Empresa FictÃ­cia 9712,"88.562.554/0001-62",2026-08-03 08:38:00.000,
9713,Empresa FictÃ­cia 9713,"88.563.571/0001-63",2026-08-03 08:38:00.000,
9714,Empresa FictÃ­cia 9714,"88.564.588/0001-64",2026-08-03 08:38:00.000,
9715,Empresa FictÃ­cia 9715,"88.565.605/0001-65",2026-08-03 08:38:00.000,
9716,Empresa FictÃ­cia 9716,"88.566.622/0001-66",2026-08-03 08:38:00.000,
9717,Empresa FictÃ­cia 9717,"88.567.639/0001-67",2026-08-03 08:38:00.000,
9718,Empresa FictÃ­cia 9718,"88.568.656/0001-68",2026-08-03 08:38:00.000,
9719,Empresa FictÃ­cia 9719,"88.569.673/0001-69",2026-08-03 08:38:00.000,
9720,Empresa FictÃ­cia 9720,"88.570.690/0001-70",2026-08-03 08:38:00.000,
9721,Empresa FictÃ­cia 9721,"88.571.707/0001-71",2026-08-03 08:38:00.000,
9722,Empresa FictÃ­cia 9722,"88.572.724/0001-72",2026-08-03 08:38:00.000,
9723,Empresa FictÃ­cia 9723,"88.573.741/0001-73",2026-08-03 08:38:00.000,
9724,Empresa FictÃ­cia 9724,"88.574.758/0001-74",2026-08-03 08:38:00.000,
9725,Empresa FictÃ­cia 9725,"88.575.775/0001-75",2026-08-03 08:38:00.000,
9726,Empresa FictÃ­cia 9726,"88.576.792/0001-76",2026-08-03 08:38:00.000,
9727,Empresa FictÃ­cia 9727,"88.577.809/0001-77",2026-08-03 08:38:00.000,
9728,Empresa FictÃ­cia 9728,"88.578.826/0001-78",2026-08-03 08:38:00.000,
9729,Empresa FictÃ­cia 9729,"88.579.843/0001-79",2026-08-03 08:38:00.000,
9730,Empresa FictÃ­cia 9730,"88.580.860/0001-80",2026-08-03 08:38:00.000,
9731,Empresa FictÃ­cia 9731,"88.581.877/0001-81",2026-08-03 08:38:00.000,
9732,Empresa FictÃ­cia 9732,"88.582.894/0001-82",2026-08-03 08:38:00.000,
9733,Empresa FictÃ­cia 9733,"88.583.911/0001-83",2026-08-03 08:38:00.000,
9734,Empresa FictÃ­cia 9734,"88.584.928/0001-84",2026-08-03 08:38:00.000,
9735,Empresa FictÃ­cia 9735,"88.585.945/0001-85",2026-08-03 08:38:00.000,
9736,Empresa FictÃ­cia 9736,"88.586.962/0001-86",2026-08-03 08:38:00.000,
9737,Empresa FictÃ­cia 9737,"88.587.979/0001-87",2026-08-03 08:38:00.000,
9738,Empresa FictÃ­cia 9738,"88.588.996/0001-88",2026-08-03 08:38:00.000,
9739,Empresa FictÃ­cia 9739,"88.589.013/0001-89",2026-08-03 08:38:00.000,
9740,Empresa FictÃ­cia 9740,"88.590.030/0001-90",2026-08-03 08:38:00.000,
9741,Empresa FictÃ­cia 9741,"88.591.047/0001-91",2026-08-03 08:38:00.000,
9742,Empresa FictÃ­cia 9742,"88.592.064/0001-92",2026-08-03 08:38:00.000,
9743,Empresa FictÃ­cia 9743,"88.593.081/0001-93",2026-08-03 08:38:00.000,
9744,Empresa FictÃ­cia 9744,"88.594.098/0001-94",2026-08-03 08:38:00.000,
9745,Empresa FictÃ­cia 9745,"88.595.115/0001-95",2026-08-03 08:38:00.000,
9746,Empresa FictÃ­cia 9746,"88.596.132/0001-96",2026-08-03 08:38:00.000,
9747,Empresa FictÃ­cia 9747,"88.597.149/0001-97",2026-08-03 08:38:00.000,
9748,Empresa FictÃ­cia 9748,"88.598.166/0001-98",2026-08-03 08:38:00.000,
9749,Empresa FictÃ­cia 9749,"88.599.183/0001-99",2026-08-03 08:38:00.000,
9750,Empresa FictÃ­cia 9750,"88.600.200/0001-00",2026-08-03 08:38:00.000,
9751,Empresa FictÃ­cia 9751,"88.601.217/0001-01",2026-08-03 08:38:00.000,
9752,Empresa FictÃ­cia 9752,"88.602.234/0001-02",2026-08-03 08:38:00.000,
9753,Empresa FictÃ­cia 9753,"88.603.251/0001-03",2026-08-03 08:38:00.000,
9754,Empresa FictÃ­cia 9754,"88.604.268/0001-04",2026-08-03 08:38:00.000,
9755,Empresa FictÃ­cia 9755,"88.605.285/0001-05",2026-08-03 08:38:00.000,
9756,Empresa FictÃ­cia 9756,"88.606.302/0001-06",2026-08-03 08:38:00.000,
9757,Empresa FictÃ­cia 9757,"88.607.319/0001-07",2026-08-03 08:38:00.000,
9758,Empresa FictÃ­cia 9758,"88.608.336/0001-08",2026-08-03 08:38:00.000,
9759,Empresa FictÃ­cia 9759,"88.609.353/0001-09",2026-08-03 08:38:00.000,
9760,Empresa FictÃ­cia 9760,"88.610.370/0001-10",2026-08-03 08:38:00.000,
9761,Empresa FictÃ­cia 9761,"88.611.387/0001-11",2026-08-03 08:38:00.000,
9762,Empresa FictÃ­cia 9762,"88.612.404/0001-12",2026-08-03 08:38:00.000,
9763,Empresa FictÃ­cia 9763,"88.613.421/0001-13",2026-08-03 08:38:00.000,
9764,Empresa FictÃ­cia 9764,"88.614.438/0001-14",2026-08-03 08:38:00.000,
9765,Empresa FictÃ­cia 9765,"88.615.455/0001-15",2026-08-03 08:38:00.000,
9766,Empresa FictÃ­cia 9766,"88.616.472/0001-16",2026-08-03 08:38:00.000,
9767,Empresa FictÃ­cia 9767,"88.617.489/0001-17",2026-08-03 08:38:00.000,
9768,Empresa FictÃ­cia 9768,"88.618.506/0001-18",2026-08-03 08:38:00.000,
9769,Empresa FictÃ­cia 9769,"88.619.523/0001-19",2026-08-03 08:38:00.000,
9770,Empresa FictÃ­cia 9770,"88.620.540/0001-20",2026-08-03 08:38:00.000,
9771,Empresa FictÃ­cia 9771,"88.621.557/0001-21",2026-08-03 08:38:00.000,
9772,Empresa FictÃ­cia 9772,"88.622.574/0001-22",2026-08-03 08:38:00.000,
9773,Empresa FictÃ­cia 9773,"88.623.591/0001-23",2026-08-03 08:38:00.000,
9774,Empresa FictÃ­cia 9774,"88.624.608/0001-24",2026-08-03 08:38:00.000,
9775,Empresa FictÃ­cia 9775,"88.625.625/0001-25",2026-08-03 08:38:00.000,
9776,Empresa FictÃ­cia 9776,"88.626.642/0001-26",2026-08-03 08:38:00.000,
9777,Empresa FictÃ­cia 9777,"88.627.659/0001-27",2026-08-03 08:38:00.000,
9778,Empresa FictÃ­cia 9778,"88.628.676/0001-28",2026-08-03 08:38:00.000,
9779,Empresa FictÃ­cia 9779,"88.629.693/0001-29",2026-08-03 08:38:00.000,
9780,Empresa FictÃ­cia 9780,"88.630.710/0001-30",2026-08-03 08:38:00.000,
9781,Empresa FictÃ­cia 9781,"88.631.727/0001-31",2026-08-03 08:38:00.000,
9782,Empresa FictÃ­cia 9782,"88.632.744/0001-32",2026-08-03 08:38:00.000,
9783,Empresa FictÃ­cia 9783,"88.633.761/0001-33",2026-08-03 08:38:00.000,
9784,Empresa FictÃ­cia 9784,"88.634.778/0001-34",2026-08-03 08:38:00.000,
9785,Empresa FictÃ­cia 9785,"88.635.795/0001-35",2026-08-03 08:38:00.000,
9786,Empresa FictÃ­cia 9786,"88.636.812/0001-36",2026-08-03 08:38:00.000,
9787,Empresa FictÃ­cia 9787,"88.637.829/0001-37",2026-08-03 08:38:00.000,
9788,Empresa FictÃ­cia 9788,"88.638.846/0001-38",2026-08-03 08:38:00.000,
9789,Empresa FictÃ­cia 9789,"88.639.863/0001-39",2026-08-03 08:38:00.000,
9790,Empresa FictÃ­cia 9790,"88.640.880/0001-40",2026-08-03 08:38:00.000,
9791,Empresa FictÃ­cia 9791,"88.641.897/0001-41",2026-08-03 08:38:00.000,
9792,Empresa FictÃ­cia 9792,"88.642.914/0001-42",2026-08-03 08:38:00.000,
9793,Empresa FictÃ­cia 9793,"88.643.931/0001-43",2026-08-03 08:38:00.000,
9794,Empresa FictÃ­cia 9794,"88.644.948/0001-44",2026-08-03 08:38:00.000,
9795,Empresa FictÃ­cia 9795,"88.645.965/0001-45",2026-08-03 08:38:00.000,
9796,Empresa FictÃ­cia 9796,"88.646.982/0001-46",2026-08-03 08:38:00.000,
9797,Empresa FictÃ­cia 9797,"88.647.999/0001-47",2026-08-03 08:38:00.000,
9798,Empresa FictÃ­cia 9798,"88.648.016/0001-48",2026-08-03 08:38:00.000,
9799,Empresa FictÃ­cia 9799,"88.649.033/0001-49",2026-08-03 08:38:00.000,
9800,Empresa FictÃ­cia 9800,"88.650.050/0001-50",2026-08-03 08:38:00.000,
9801,Empresa FictÃ­cia 9801,"88.651.067/0001-51",2026-08-03 08:38:00.000,
9802,Empresa FictÃ­cia 9802,"88.652.084/0001-52",2026-08-03 08:38:00.000,
9803,Empresa FictÃ­cia 9803,"88.653.101/0001-53",2026-08-03 08:38:00.000,
9804,Empresa FictÃ­cia 9804,"88.654.118/0001-54",2026-08-03 08:38:00.000,
9805,Empresa FictÃ­cia 9805,"88.655.135/0001-55",2026-08-03 08:38:00.000,
9806,Empresa FictÃ­cia 9806,"88.656.152/0001-56",2026-08-03 08:38:00.000,
9807,Empresa FictÃ­cia 9807,"88.657.169/0001-57",2026-08-03 08:38:00.000,
9808,Empresa FictÃ­cia 9808,"88.658.186/0001-58",2026-08-03 08:38:00.000,
9809,Empresa FictÃ­cia 9809,"88.659.203/0001-59",2026-08-03 08:38:00.000,
9810,Empresa FictÃ­cia 9810,"88.660.220/0001-60",2026-08-03 08:38:00.000,
9811,Empresa FictÃ­cia 9811,"88.661.237/0001-61",2026-08-03 08:38:00.000,
9812,Empresa FictÃ­cia 9812,"88.662.254/0001-62",2026-08-03 08:38:00.000,
9813,Empresa FictÃ­cia 9813,"88.663.271/0001-63",2026-08-03 08:38:00.000,
9814,Empresa FictÃ­cia 9814,"88.664.288/0001-64",2026-08-03 08:38:00.000,
9815,Empresa FictÃ­cia 9815,"88.665.305/0001-65",2026-08-03 08:38:00.000,
9816,Empresa FictÃ­cia 9816,"88.666.322/0001-66",2026-08-03 08:38:00.000,
9817,Empresa FictÃ­cia 9817,"88.667.339/0001-67",2026-08-03 08:38:00.000,
9818,Empresa FictÃ­cia 9818,"88.668.356/0001-68",2026-08-03 08:38:00.000,
9819,Empresa FictÃ­cia 9819,"88.669.373/0001-69",2026-08-03 08:38:00.000,
9820,Empresa FictÃ­cia 9820,"88.670.390/0001-70",2026-08-03 08:38:00.000,
9821,Empresa FictÃ­cia 9821,"88.671.407/0001-71",2026-08-03 08:38:00.000,
9822,Empresa FictÃ­cia 9822,"88.672.424/0001-72",2026-08-03 08:38:00.000,
9823,Empresa FictÃ­cia 9823,"88.673.441/0001-73",2026-08-03 08:38:00.000,
9824,Empresa FictÃ­cia 9824,"88.674.458/0001-74",2026-08-03 08:38:00.000,
9825,Empresa FictÃ­cia 9825,"88.675.475/0001-75",2026-08-03 08:38:00.000,
9826,Empresa FictÃ­cia 9826,"88.676.492/0001-76",2026-08-03 08:38:00.000,
9827,Empresa FictÃ­cia 9827,"88.677.509/0001-77",2026-08-03 08:38:00.000,
9828,Empresa FictÃ­cia 9828,"88.678.526/0001-78",2026-08-03 08:38:00.000,
9829,Empresa FictÃ­cia 9829,"88.679.543/0001-79",2026-08-03 08:38:00.000,
9830,Empresa FictÃ­cia 9830,"88.680.560/0001-80",2026-08-03 08:38:00.000,
9831,Empresa FictÃ­cia 9831,"88.681.577/0001-81",2026-08-03 08:38:00.000,
9832,Empresa FictÃ­cia 9832,"88.682.594/0001-82",2026-08-03 08:38:00.000,
9833,Empresa FictÃ­cia 9833,"88.683.611/0001-83",2026-08-03 08:38:00.000,
9834,Empresa FictÃ­cia 9834,"88.684.628/0001-84",2026-08-03 08:38:00.000,
9835,Empresa FictÃ­cia 9835,"88.685.645/0001-85",2026-08-03 08:38:00.000,
9836,Empresa FictÃ­cia 9836,"88.686.662/0001-86",2026-08-03 08:38:00.000,
9837,Empresa FictÃ­cia 9837,"88.687.679/0001-87",2026-08-03 08:38:00.000,
9838,Empresa FictÃ­cia 9838,"88.688.696/0001-88",2026-08-03 08:38:00.000,
9839,Empresa FictÃ­cia 9839,"88.689.713/0001-89",2026-08-03 08:38:00.000,
9840,Empresa FictÃ­cia 9840,"88.690.730/0001-90",2026-08-03 08:38:00.000,
9841,Empresa FictÃ­cia 9841,"88.691.747/0001-91",2026-08-03 08:38:00.000,
9842,Empresa FictÃ­cia 9842,"88.692.764/0001-92",2026-08-03 08:38:00.000,
9843,Empresa FictÃ­cia 9843,"88.693.781/0001-93",2026-08-03 08:38:00.000,
9844,Empresa FictÃ­cia 9844,"88.694.798/0001-94",2026-08-03 08:38:00.000,
9845,Empresa FictÃ­cia 9845,"88.695.815/0001-95",2026-08-03 08:38:00.000,
9846,Empresa FictÃ­cia 9846,"88.696.832/0001-96",2026-08-03 08:38:00.000,
9847,Empresa FictÃ­cia 9847,"88.697.849/0001-97",2026-08-03 08:38:00.000,
9848,Empresa FictÃ­cia 9848,"88.698.866/0001-98",2026-08-03 08:38:00.000,
9849,Empresa FictÃ­cia 9849,"88.699.883/0001-99",2026-08-03 08:38:00.000,
9850,Empresa FictÃ­cia 9850,"88.700.900/0001-00",2026-08-03 08:38:00.000,
9851,Empresa FictÃ­cia 9851,"88.701.917/0001-01",2026-08-03 08:38:00.000,
9852,Empresa FictÃ­cia 9852,"88.702.934/0001-02",2026-08-03 08:38:00.000,
9853,Empresa FictÃ­cia 9853,"88.703.951/0001-03",2026-08-03 08:38:00.000,
9854,Empresa FictÃ­cia 9854,"88.704.968/0001-04",2026-08-03 08:38:00.000,
9855,Empresa FictÃ­cia 9855,"88.705.985/0001-05",2026-08-03 08:38:00.000,
9856,Empresa FictÃ­cia 9856,"88.706.002/0001-06",2026-08-03 08:38:00.000,
9857,Empresa FictÃ­cia 9857,"88.707.019/0001-07",2026-08-03 08:38:00.000,
9858,Empresa FictÃ­cia 9858,"88.708.036/0001-08",2026-08-03 08:38:00.000,
9859,Empresa FictÃ­cia 9859,"88.709.053/0001-09",2026-08-03 08:38:00.000,
9860,Empresa FictÃ­cia 9860,"88.710.070/0001-10",2026-08-03 08:38:00.000,
9861,Empresa FictÃ­cia 9861,"88.711.087/0001-11",2026-08-03 08:38:00.000,
9862,Empresa FictÃ­cia 9862,"88.712.104/0001-12",2026-08-03 08:38:00.000,
9863,Empresa FictÃ­cia 9863,"88.713.121/0001-13",2026-08-03 08:38:00.000,
9864,Empresa FictÃ­cia 9864,"88.714.138/0001-14",2026-08-03 08:38:00.000,
9865,Empresa FictÃ­cia 9865,"88.715.155/0001-15",2026-08-03 08:38:00.000,
9866,Empresa FictÃ­cia 9866,"88.716.172/0001-16",2026-08-03 08:38:00.000,
9867,Empresa FictÃ­cia 9867,"88.717.189/0001-17",2026-08-03 08:38:00.000,
9868,Empresa FictÃ­cia 9868,"88.718.206/0001-18",2026-08-03 08:38:00.000,
9869,Empresa FictÃ­cia 9869,"88.719.223/0001-19",2026-08-03 08:38:00.000,
9870,Empresa FictÃ­cia 9870,"88.720.240/0001-20",2026-08-03 08:38:00.000,
9871,Empresa FictÃ­cia 9871,"88.721.257/0001-21",2026-08-03 08:38:00.000,
9872,Empresa FictÃ­cia 9872,"88.722.274/0001-22",2026-08-03 08:38:00.000,
9873,Empresa FictÃ­cia 9873,"88.723.291/0001-23",2026-08-03 08:38:00.000,
9874,Empresa FictÃ­cia 9874,"88.724.308/0001-24",2026-08-03 08:38:00.000,
9875,Empresa FictÃ­cia 9875,"88.725.325/0001-25",2026-08-03 08:38:00.000,
9876,Empresa FictÃ­cia 9876,"88.726.342/0001-26",2026-08-03 08:38:00.000,
9877,Empresa FictÃ­cia 9877,"88.727.359/0001-27",2026-08-03 08:38:00.000,
9878,Empresa FictÃ­cia 9878,"88.728.376/0001-28",2026-08-03 08:38:00.000,
9879,Empresa FictÃ­cia 9879,"88.729.393/0001-29",2026-08-03 08:38:00.000,
9880,Empresa FictÃ­cia 9880,"88.730.410/0001-30",2026-08-03 08:38:00.000,
9881,Empresa FictÃ­cia 9881,"88.731.427/0001-31",2026-08-03 08:38:00.000,
9882,Empresa FictÃ­cia 9882,"88.732.444/0001-32",2026-08-03 08:38:00.000,
9883,Empresa FictÃ­cia 9883,"88.733.461/0001-33",2026-08-03 08:38:00.000,
9884,Empresa FictÃ­cia 9884,"88.734.478/0001-34",2026-08-03 08:38:00.000,
9885,Empresa FictÃ­cia 9885,"88.735.495/0001-35",2026-08-03 08:38:00.000,
9886,Empresa FictÃ­cia 9886,"88.736.512/0001-36",2026-08-03 08:38:00.000,
9887,Empresa FictÃ­cia 9887,"88.737.529/0001-37",2026-08-03 08:38:00.000,
9888,Empresa FictÃ­cia 9888,"88.738.546/0001-38",2026-08-03 08:38:00.000,
9889,Empresa FictÃ­cia 9889,"88.739.563/0001-39",2026-08-03 08:38:00.000,
9890,Empresa FictÃ­cia 9890,"88.740.580/0001-40",2026-08-03 08:38:00.000,
9891,Empresa FictÃ­cia 9891,"88.741.597/0001-41",2026-08-03 08:38:00.000,
9892,Empresa FictÃ­cia 9892,"88.742.614/0001-42",2026-08-03 08:38:00.000,
9893,Empresa FictÃ­cia 9893,"88.743.631/0001-43",2026-08-03 08:38:00.000,
9894,Empresa FictÃ­cia 9894,"88.744.648/0001-44",2026-08-03 08:38:00.000,
9895,Empresa FictÃ­cia 9895,"88.745.665/0001-45",2026-08-03 08:38:00.000,
9896,Empresa FictÃ­cia 9896,"88.746.682/0001-46",2026-08-03 08:38:00.000,
9897,Empresa FictÃ­cia 9897,"88.747.699/0001-47",2026-08-03 08:38:00.000,
9898,Empresa FictÃ­cia 9898,"88.748.716/0001-48",2026-08-03 08:38:00.000,
9899,Empresa FictÃ­cia 9899,"88.749.733/0001-49",2026-08-03 08:38:00.000,
9900,Empresa FictÃ­cia 9900,"88.750.750/0001-50",2026-08-03 08:38:00.000,
9901,Empresa FictÃ­cia 9901,"88.751.767/0001-51",2026-08-03 08:38:00.000,
9902,Empresa FictÃ­cia 9902,"88.752.784/0001-52",2026-08-03 08:38:00.000,
9903,Empresa FictÃ­cia 9903,"88.753.801/0001-53",2026-08-03 08:38:00.000,
9904,Empresa FictÃ­cia 9904,"88.754.818/0001-54",2026-08-03 08:38:00.000,
9905,Empresa FictÃ­cia 9905,"88.755.835/0001-55",2026-08-03 08:38:00.000,
9906,Empresa FictÃ­cia 9906,"88.756.852/0001-56",2026-08-03 08:38:00.000,
9907,Empresa FictÃ­cia 9907,"88.757.869/0001-57",2026-08-03 08:38:00.000,
9908,Empresa FictÃ­cia 9908,"88.758.886/0001-58",2026-08-03 08:38:00.000,
9909,Empresa FictÃ­cia 9909,"88.759.903/0001-59",2026-08-03 08:38:00.000,
9910,Empresa FictÃ­cia 9910,"88.760.920/0001-60",2026-08-03 08:38:00.000,
9911,Empresa FictÃ­cia 9911,"88.761.937/0001-61",2026-08-03 08:38:00.000,
9912,Empresa FictÃ­cia 9912,"88.762.954/0001-62",2026-08-03 08:38:00.000,
9913,Empresa FictÃ­cia 9913,"88.763.971/0001-63",2026-08-03 08:38:00.000,
9914,Empresa FictÃ­cia 9914,"88.764.988/0001-64",2026-08-03 08:38:00.000,
9915,Empresa FictÃ­cia 9915,"88.765.005/0001-65",2026-08-03 08:38:00.000,
9916,Empresa FictÃ­cia 9916,"88.766.022/0001-66",2026-08-03 08:38:00.000,
9917,Empresa FictÃ­cia 9917,"88.767.039/0001-67",2026-08-03 08:38:00.000,
9918,Empresa FictÃ­cia 9918,"88.768.056/0001-68",2026-08-03 08:38:00.000,
9919,Empresa FictÃ­cia 9919,"88.769.073/0001-69",2026-08-03 08:38:00.000,
9920,Empresa FictÃ­cia 9920,"88.770.090/0001-70",2026-08-03 08:38:00.000,
9921,Empresa FictÃ­cia 9921,"88.771.107/0001-71",2026-08-03 08:38:00.000,
9922,Empresa FictÃ­cia 9922,"88.772.124/0001-72",2026-08-03 08:38:00.000,
9923,Empresa FictÃ­cia 9923,"88.773.141/0001-73",2026-08-03 08:38:00.000,
9924,Empresa FictÃ­cia 9924,"88.774.158/0001-74",2026-08-03 08:38:00.000,
9925,Empresa FictÃ­cia 9925,"88.775.175/0001-75",2026-08-03 08:38:00.000,
9926,Empresa FictÃ­cia 9926,"88.776.192/0001-76",2026-08-03 08:38:00.000,
9927,Empresa FictÃ­cia 9927,"88.777.209/0001-77",2026-08-03 08:38:00.000,
9928,Empresa FictÃ­cia 9928,"88.778.226/0001-78",2026-08-03 08:38:00.000,
9929,Empresa FictÃ­cia 9929,"88.779.243/0001-79",2026-08-03 08:38:00.000,
9930,Empresa FictÃ­cia 9930,"88.780.260/0001-80",2026-08-03 08:38:00.000,
9931,Empresa FictÃ­cia 9931,"88.781.277/0001-81",2026-08-03 08:38:00.000,
9932,Empresa FictÃ­cia 9932,"88.782.294/0001-82",2026-08-03 08:38:00.000,
9933,Empresa FictÃ­cia 9933,"88.783.311/0001-83",2026-08-03 08:38:00.000,
9934,Empresa FictÃ­cia 9934,"88.784.328/0001-84",2026-08-03 08:38:00.000,
9935,Empresa FictÃ­cia 9935,"88.785.345/0001-85",2026-08-03 08:38:00.000,
9936,Empresa FictÃ­cia 9936,"88.786.362/0001-86",2026-08-03 08:38:00.000,
9937,Empresa FictÃ­cia 9937,"88.787.379/0001-87",2026-08-03 08:38:00.000,
9938,Empresa FictÃ­cia 9938,"88.788.396/0001-88",2026-08-03 08:38:00.000,
9939,Empresa FictÃ­cia 9939,"88.789.413/0001-89",2026-08-03 08:38:00.000,
9940,Empresa FictÃ­cia 9940,"88.790.430/0001-90",2026-08-03 08:38:00.000,
9941,Empresa FictÃ­cia 9941,"88.791.447/0001-91",2026-08-03 08:38:00.000,
9942,Empresa FictÃ­cia 9942,"88.792.464/0001-92",2026-08-03 08:38:00.000,
9943,Empresa FictÃ­cia 9943,"88.793.481/0001-93",2026-08-03 08:38:00.000,
9944,Empresa FictÃ­cia 9944,"88.794.498/0001-94",2026-08-03 08:38:00.000,
9945,Empresa FictÃ­cia 9945,"88.795.515/0001-95",2026-08-03 08:38:00.000,
9946,Empresa FictÃ­cia 9946,"88.796.532/0001-96",2026-08-03 08:38:00.000,
9947,Empresa FictÃ­cia 9947,"88.797.549/0001-97",2026-08-03 08:38:00.000,
9948,Empresa FictÃ­cia 9948,"88.798.566/0001-98",2026-08-03 08:38:00.000,
9949,Empresa FictÃ­cia 9949,"88.799.583/0001-99",2026-08-03 08:38:00.000,
9950,Empresa FictÃ­cia 9950,"88.800.600/0001-00",2026-08-03 08:38:00.000,
9951,Empresa FictÃ­cia 9951,"88.801.617/0001-01",2026-08-03 08:38:00.000,
9952,Empresa FictÃ­cia 9952,"88.802.634/0001-02",2026-08-03 08:38:00.000,
9953,Empresa FictÃ­cia 9953,"88.803.651/0001-03",2026-08-03 08:38:00.000,
9954,Empresa FictÃ­cia 9954,"88.804.668/0001-04",2026-08-03 08:38:00.000,
9955,Empresa FictÃ­cia 9955,"88.805.685/0001-05",2026-08-03 08:38:00.000,
9956,Empresa FictÃ­cia 9956,"88.806.702/0001-06",2026-08-03 08:38:00.000,
9957,Empresa FictÃ­cia 9957,"88.807.719/0001-07",2026-08-03 08:38:00.000,
9958,Empresa FictÃ­cia 9958,"88.808.736/0001-08",2026-08-03 08:38:00.000,
9959,Empresa FictÃ­cia 9959,"88.809.753/0001-09",2026-08-03 08:38:00.000,
9960,Empresa FictÃ­cia 9960,"88.810.770/0001-10",2026-08-03 08:38:00.000,
9961,Empresa FictÃ­cia 9961,"88.811.787/0001-11",2026-08-03 08:38:00.000,
9962,Empresa FictÃ­cia 9962,"88.812.804/0001-12",2026-08-03 08:38:00.000,
9963,Empresa FictÃ­cia 9963,"88.813.821/0001-13",2026-08-03 08:38:00.000,
9964,Empresa FictÃ­cia 9964,"88.814.838/0001-14",2026-08-03 08:38:00.000,
9965,Empresa FictÃ­cia 9965,"88.815.855/0001-15",2026-08-03 08:38:00.000,
9966,Empresa FictÃ­cia 9966,"88.816.872/0001-16",2026-08-03 08:38:00.000,
9967,Empresa FictÃ­cia 9967,"88.817.889/0001-17",2026-08-03 08:38:00.000,
9968,Empresa FictÃ­cia 9968,"88.818.906/0001-18",2026-08-03 08:38:00.000,
9969,Empresa FictÃ­cia 9969,"88.819.923/0001-19",2026-08-03 08:38:00.000,
9970,Empresa FictÃ­cia 9970,"88.820.940/0001-20",2026-08-03 08:38:00.000,
9971,Empresa FictÃ­cia 9971,"88.821.957/0001-21",2026-08-03 08:38:00.000,
9972,Empresa FictÃ­cia 9972,"88.822.974/0001-22",2026-08-03 08:38:00.000,
9973,Empresa FictÃ­cia 9973,"88.823.991/0001-23",2026-08-03 08:38:00.000,
9974,Empresa FictÃ­cia 9974,"88.824.008/0001-24",2026-08-03 08:38:00.000,
9975,Empresa FictÃ­cia 9975,"88.825.025/0001-25",2026-08-03 08:38:00.000,
9976,Empresa FictÃ­cia 9976,"88.826.042/0001-26",2026-08-03 08:38:00.000,
9977,Empresa FictÃ­cia 9977,"88.827.059/0001-27",2026-08-03 08:38:00.000,
9978,Empresa FictÃ­cia 9978,"88.828.076/0001-28",2026-08-03 08:38:00.000,
9979,Empresa FictÃ­cia 9979,"88.829.093/0001-29",2026-08-03 08:38:00.000,
9980,Empresa FictÃ­cia 9980,"88.830.110/0001-30",2026-08-03 08:38:00.000,
9981,Empresa FictÃ­cia 9981,"88.831.127/0001-31",2026-08-03 08:38:00.000,
9982,Empresa FictÃ­cia 9982,"88.832.144/0001-32",2026-08-03 08:38:00.000,
9983,Empresa FictÃ­cia 9983,"88.833.161/0001-33",2026-08-03 08:38:00.000,
9984,Empresa FictÃ­cia 9984,"88.834.178/0001-34",2026-08-03 08:38:00.000,
9985,Empresa FictÃ­cia 9985,"88.835.195/0001-35",2026-08-03 08:38:00.000,
9986,Empresa FictÃ­cia 9986,"88.836.212/0001-36",2026-08-03 08:38:00.000,
9987,Empresa FictÃ­cia 9987,"88.837.229/0001-37",2026-08-03 08:38:00.000,
9988,Empresa FictÃ­cia 9988,"88.838.246/0001-38",2026-08-03 08:38:00.000,
9989,Empresa FictÃ­cia 9989,"88.839.263/0001-39",2026-08-03 08:38:00.000,
9990,Empresa FictÃ­cia 9990,"88.840.280/0001-40",2026-08-03 08:38:00.000,
9991,Empresa FictÃ­cia 9991,"88.841.297/0001-41",2026-08-03 08:38:00.000,
9992,Empresa FictÃ­cia 9992,"88.842.314/0001-42",2026-08-03 08:38:00.000,
9993,Empresa FictÃ­cia 9993,"88.843.331/0001-43",2026-08-03 08:38:00.000,
9994,Empresa FictÃ­cia 9994,"88.844.348/0001-44",2026-08-03 08:38:00.000,
9995,Empresa FictÃ­cia 9995,"88.845.365/0001-45",2026-08-03 08:38:00.000,
9996,Empresa FictÃ­cia 9996,"88.846.382/0001-46",2026-08-03 08:38:00.000,
9997,Empresa FictÃ­cia 9997,"88.847.399/0001-47",2026-08-03 08:38:00.000,
9998,Empresa FictÃ­cia 9998,"88.848.416/0001-48",2026-08-03 08:38:00.000,
9999,Empresa FictÃ­cia 9999,"88.849.433/0001-49",2026-08-03 08:38:00.000,
10000,Empresa FictÃ­cia 10000,"88.850.450/0001-50",2026-08-03 08:38:00.000,
10001,Empresa FictÃ­cia 10001,"88.851.467/0001-51",2026-08-03 08:38:00.000,
10002,Empresa FictÃ­cia 10002,"88.852.484/0001-52",2026-08-03 08:38:00.000,
10003,Empresa FictÃ­cia 10003,"88.853.501/0001-53",2026-08-03 08:38:00.000,
10004,Empresa FictÃ­cia 10004,"88.854.518/0001-54",2026-08-03 08:38:00.000,
10005,Empresa FictÃ­cia 10005,"88.855.535/0001-55",2026-08-03 08:38:00.000,
10006,Empresa FictÃ­cia 10006,"88.856.552/0001-56",2026-08-03 08:38:00.000,
10007,Empresa FictÃ­cia 10007,"88.857.569/0001-57",2026-08-03 08:38:00.000,
10008,Empresa FictÃ­cia 10008,"88.858.586/0001-58",2026-08-03 08:38:00.000,
10009,Empresa FictÃ­cia 10009,"88.859.603/0001-59",2026-08-03 08:38:00.000,
10010,Empresa FictÃ­cia 10010,"88.860.620/0001-60",2026-08-03 08:38:00.000,
10011,Empresa FictÃ­cia 10011,"88.861.637/0001-61",2026-08-03 08:38:00.000,
10012,Empresa FictÃ­cia 10012,"88.862.654/0001-62",2026-08-03 08:38:00.000,
10013,Empresa FictÃ­cia 10013,"88.863.671/0001-63",2026-08-03 08:38:00.000,
10014,Empresa FictÃ­cia 10014,"88.864.688/0001-64",2026-08-03 08:38:00.000,
10015,Empresa FictÃ­cia 10015,"88.865.705/0001-65",2026-08-03 08:38:00.000,
10016,Empresa FictÃ­cia 10016,"88.866.722/0001-66",2026-08-03 08:38:00.000,
10017,Empresa FictÃ­cia 10017,"88.867.739/0001-67",2026-08-03 08:38:00.000,
10018,Empresa FictÃ­cia 10018,"88.868.756/0001-68",2026-08-03 08:38:00.000,
10019,Empresa FictÃ­cia 10019,"88.869.773/0001-69",2026-08-03 08:38:00.000,
10020,Empresa FictÃ­cia 10020,"88.870.790/0001-70",2026-08-03 08:38:00.000,
10021,Empresa FictÃ­cia 10021,"88.871.807/0001-71",2026-08-03 08:38:00.000,
10022,Empresa FictÃ­cia 10022,"88.872.824/0001-72",2026-08-03 08:38:00.000,
10023,Empresa FictÃ­cia 10023,"88.873.841/0001-73",2026-08-03 08:38:00.000,
10024,Empresa FictÃ­cia 10024,"88.874.858/0001-74",2026-08-03 08:38:00.000,
10025,Empresa FictÃ­cia 10025,"88.875.875/0001-75",2026-08-03 08:38:00.000,
10026,Empresa FictÃ­cia 10026,"88.876.892/0001-76",2026-08-03 08:38:00.000,
10027,Empresa FictÃ­cia 10027,"88.877.909/0001-77",2026-08-03 08:38:00.000,
10028,Empresa FictÃ­cia 10028,"88.878.926/0001-78",2026-08-03 08:38:00.000,
10029,Empresa FictÃ­cia 10029,"88.879.943/0001-79",2026-08-03 08:38:00.000,
10030,Empresa FictÃ­cia 10030,"88.880.960/0001-80",2026-08-03 08:38:00.000,
10031,Empresa FictÃ­cia 10031,"88.881.977/0001-81",2026-08-03 08:38:00.000,
10032,Empresa FictÃ­cia 10032,"88.882.994/0001-82",2026-08-03 08:38:00.000,
10033,Empresa FictÃ­cia 10033,"88.883.011/0001-83",2026-08-03 08:38:00.000,
10034,Empresa FictÃ­cia 10034,"88.884.028/0001-84",2026-08-03 08:38:00.000,
10035,Empresa FictÃ­cia 10035,"88.885.045/0001-85",2026-08-03 08:38:00.000,
10036,Empresa FictÃ­cia 10036,"88.886.062/0001-86",2026-08-03 08:38:00.000,
10037,Empresa FictÃ­cia 10037,"88.887.079/0001-87",2026-08-03 08:38:00.000,
10038,Empresa FictÃ­cia 10038,"88.888.096/0001-88",2026-08-03 08:38:00.000,
10039,Empresa FictÃ­cia 10039,"88.889.113/0001-89",2026-08-03 08:38:00.000,
10040,Empresa FictÃ­cia 10040,"88.890.130/0001-90",2026-08-03 08:38:00.000,
10041,Empresa FictÃ­cia 10041,"88.891.147/0001-91",2026-08-03 08:38:00.000,
10042,Empresa FictÃ­cia 10042,"88.892.164/0001-92",2026-08-03 08:38:00.000,
10043,Empresa FictÃ­cia 10043,"88.893.181/0001-93",2026-08-03 08:38:00.000,
10044,Empresa FictÃ­cia 10044,"88.894.198/0001-94",2026-08-03 08:38:00.000,
10045,Empresa FictÃ­cia 10045,"88.895.215/0001-95",2026-08-03 08:38:00.000,
10046,Empresa FictÃ­cia 10046,"88.896.232/0001-96",2026-08-03 08:38:00.000,
10047,Empresa FictÃ­cia 10047,"88.897.249/0001-97",2026-08-03 08:38:00.000,
10048,Empresa FictÃ­cia 10048,"88.898.266/0001-98",2026-08-03 08:38:00.000,
10049,Empresa FictÃ­cia 10049,"88.899.283/0001-99",2026-08-03 08:38:00.000,
10050,Empresa FictÃ­cia 10050,"88.900.300/0001-00",2026-08-03 08:38:00.000,
10051,Empresa FictÃ­cia 10051,"88.901.317/0001-01",2026-08-03 08:38:00.000,
10052,Empresa FictÃ­cia 10052,"88.902.334/0001-02",2026-08-03 08:38:00.000,
10053,Empresa FictÃ­cia 10053,"88.903.351/0001-03",2026-08-03 08:38:00.000,
10054,Empresa FictÃ­cia 10054,"88.904.368/0001-04",2026-08-03 08:38:00.000,
10055,Empresa FictÃ­cia 10055,"88.905.385/0001-05",2026-08-03 08:38:00.000,
10056,Empresa FictÃ­cia 10056,"88.906.402/0001-06",2026-08-03 08:38:00.000,
10057,Empresa FictÃ­cia 10057,"88.907.419/0001-07",2026-08-03 08:38:00.000,
10058,Empresa FictÃ­cia 10058,"88.908.436/0001-08",2026-08-03 08:38:00.000,
10059,Empresa FictÃ­cia 10059,"88.909.453/0001-09",2026-08-03 08:38:00.000,
10060,Empresa FictÃ­cia 10060,"88.910.470/0001-10",2026-08-03 08:38:00.000,
10061,Empresa FictÃ­cia 10061,"88.911.487/0001-11",2026-08-03 08:38:00.000,
10062,Empresa FictÃ­cia 10062,"88.912.504/0001-12",2026-08-03 08:38:00.000,
10063,Empresa FictÃ­cia 10063,"88.913.521/0001-13",2026-08-03 08:38:00.000,
10064,Empresa FictÃ­cia 10064,"88.914.538/0001-14",2026-08-03 08:38:00.000,
10065,Empresa FictÃ­cia 10065,"88.915.555/0001-15",2026-08-03 08:38:00.000,
10066,Empresa FictÃ­cia 10066,"88.916.572/0001-16",2026-08-03 08:38:00.000,
10067,Empresa FictÃ­cia 10067,"88.917.589/0001-17",2026-08-03 08:38:00.000,
10068,Empresa FictÃ­cia 10068,"88.918.606/0001-18",2026-08-03 08:38:00.000,
10069,Empresa FictÃ­cia 10069,"88.919.623/0001-19",2026-08-03 08:38:00.000,
10070,Empresa FictÃ­cia 10070,"88.920.640/0001-20",2026-08-03 08:38:00.000,
10071,Empresa FictÃ­cia 10071,"88.921.657/0001-21",2026-08-03 08:38:00.000,
10072,Empresa FictÃ­cia 10072,"88.922.674/0001-22",2026-08-03 08:38:00.000,
10073,Empresa FictÃ­cia 10073,"88.923.691/0001-23",2026-08-03 08:38:00.000,
10074,Empresa FictÃ­cia 10074,"88.924.708/0001-24",2026-08-03 08:38:00.000,
10075,Empresa FictÃ­cia 10075,"88.925.725/0001-25",2026-08-03 08:38:00.000,
10076,Empresa FictÃ­cia 10076,"88.926.742/0001-26",2026-08-03 08:38:00.000,
10077,Empresa FictÃ­cia 10077,"88.927.759/0001-27",2026-08-03 08:38:00.000,
10078,Empresa FictÃ­cia 10078,"88.928.776/0001-28",2026-08-03 08:38:00.000,
10079,Empresa FictÃ­cia 10079,"88.929.793/0001-29",2026-08-03 08:38:00.000,
10080,Empresa FictÃ­cia 10080,"88.930.810/0001-30",2026-08-03 08:38:00.000,
10081,Empresa FictÃ­cia 10081,"88.931.827/0001-31",2026-08-03 08:38:00.000,
10082,Empresa FictÃ­cia 10082,"88.932.844/0001-32",2026-08-03 08:38:00.000,
10083,Empresa FictÃ­cia 10083,"88.933.861/0001-33",2026-08-03 08:38:00.000,
10084,Empresa FictÃ­cia 10084,"88.934.878/0001-34",2026-08-03 08:38:00.000,
10085,Empresa FictÃ­cia 10085,"88.935.895/0001-35",2026-08-03 08:38:00.000,
10086,Empresa FictÃ­cia 10086,"88.936.912/0001-36",2026-08-03 08:38:00.000,
10087,Empresa FictÃ­cia 10087,"88.937.929/0001-37",2026-08-03 08:38:00.000,
10088,Empresa FictÃ­cia 10088,"88.938.946/0001-38",2026-08-03 08:38:00.000,
10089,Empresa FictÃ­cia 10089,"88.939.963/0001-39",2026-08-03 08:38:00.000,
10090,Empresa FictÃ­cia 10090,"88.940.980/0001-40",2026-08-03 08:38:00.000,
10091,Empresa FictÃ­cia 10091,"88.941.997/0001-41",2026-08-03 08:38:00.000,
10092,Empresa FictÃ­cia 10092,"88.942.014/0001-42",2026-08-03 08:38:00.000,
10093,Empresa FictÃ­cia 10093,"88.943.031/0001-43",2026-08-03 08:38:00.000,
10094,Empresa FictÃ­cia 10094,"88.944.048/0001-44",2026-08-03 08:38:00.000,
10095,Empresa FictÃ­cia 10095,"88.945.065/0001-45",2026-08-03 08:38:00.000,
10096,Empresa FictÃ­cia 10096,"88.946.082/0001-46",2026-08-03 08:38:00.000,
10097,Empresa FictÃ­cia 10097,"88.947.099/0001-47",2026-08-03 08:38:00.000,
10098,Empresa FictÃ­cia 10098,"88.948.116/0001-48",2026-08-03 08:38:00.000,
10099,Empresa FictÃ­cia 10099,"88.949.133/0001-49",2026-08-03 08:38:00.000,
10100,Empresa FictÃ­cia 10100,"88.950.150/0001-50",2026-08-03 08:38:00.000,
10101,Empresa FictÃ­cia 10101,"88.951.167/0001-51",2026-08-03 08:38:00.000,
10102,Empresa FictÃ­cia 10102,"88.952.184/0001-52",2026-08-03 08:38:00.000,
10103,Empresa FictÃ­cia 10103,"88.953.201/0001-53",2026-08-03 08:38:00.000,
10104,Empresa FictÃ­cia 10104,"88.954.218/0001-54",2026-08-03 08:38:00.000,
10105,Empresa FictÃ­cia 10105,"88.955.235/0001-55",2026-08-03 08:38:00.000,
10106,Empresa FictÃ­cia 10106,"88.956.252/0001-56",2026-08-03 08:38:00.000,
10107,Empresa FictÃ­cia 10107,"88.957.269/0001-57",2026-08-03 08:38:00.000,
10108,Empresa FictÃ­cia 10108,"88.958.286/0001-58",2026-08-03 08:38:00.000,
10109,Empresa FictÃ­cia 10109,"88.959.303/0001-59",2026-08-03 08:38:00.000,
10110,Empresa FictÃ­cia 10110,"88.960.320/0001-60",2026-08-03 08:38:00.000,
10111,Empresa FictÃ­cia 10111,"88.961.337/0001-61",2026-08-03 08:38:00.000,
10112,Empresa FictÃ­cia 10112,"88.962.354/0001-62",2026-08-03 08:38:00.000,
10113,Empresa FictÃ­cia 10113,"88.963.371/0001-63",2026-08-03 08:38:00.000,
10114,Empresa FictÃ­cia 10114,"88.964.388/0001-64",2026-08-03 08:38:00.000,
10115,Empresa FictÃ­cia 10115,"88.965.405/0001-65",2026-08-03 08:38:00.000,
10116,Empresa FictÃ­cia 10116,"88.966.422/0001-66",2026-08-03 08:38:00.000,
10117,Empresa FictÃ­cia 10117,"88.967.439/0001-67",2026-08-03 08:38:00.000,
10118,Empresa FictÃ­cia 10118,"88.968.456/0001-68",2026-08-03 08:38:00.000,
10119,Empresa FictÃ­cia 10119,"88.969.473/0001-69",2026-08-03 08:38:00.000,
10120,Empresa FictÃ­cia 10120,"88.970.490/0001-70",2026-08-03 08:38:00.000,
10121,Empresa FictÃ­cia 10121,"88.971.507/0001-71",2026-08-03 08:38:00.000,
10122,Empresa FictÃ­cia 10122,"88.972.524/0001-72",2026-08-03 08:38:00.000,
10123,Empresa FictÃ­cia 10123,"88.973.541/0001-73",2026-08-03 08:38:00.000,
10124,Empresa FictÃ­cia 10124,"88.974.558/0001-74",2026-08-03 08:38:00.000,
10125,Empresa FictÃ­cia 10125,"88.975.575/0001-75",2026-08-03 08:38:00.000,
10126,Empresa FictÃ­cia 10126,"88.976.592/0001-76",2026-08-03 08:38:00.000,
10127,Empresa FictÃ­cia 10127,"88.977.609/0001-77",2026-08-03 08:38:00.000,
10128,Empresa FictÃ­cia 10128,"88.978.626/0001-78",2026-08-03 08:38:00.000,
10129,Empresa FictÃ­cia 10129,"88.979.643/0001-79",2026-08-03 08:38:00.000,
10130,Empresa FictÃ­cia 10130,"88.980.660/0001-80",2026-08-03 08:38:00.000,
10131,Empresa FictÃ­cia 10131,"88.981.677/0001-81",2026-08-03 08:38:00.000,
10132,Empresa FictÃ­cia 10132,"88.982.694/0001-82",2026-08-03 08:38:00.000,
10133,Empresa FictÃ­cia 10133,"88.983.711/0001-83",2026-08-03 08:38:00.000,
10134,Empresa FictÃ­cia 10134,"88.984.728/0001-84",2026-08-03 08:38:00.000,
10135,Empresa FictÃ­cia 10135,"88.985.745/0001-85",2026-08-03 08:38:00.000,
10136,Empresa FictÃ­cia 10136,"88.986.762/0001-86",2026-08-03 08:38:00.000,
10137,Empresa FictÃ­cia 10137,"88.987.779/0001-87",2026-08-03 08:38:00.000,
10138,Empresa FictÃ­cia 10138,"88.988.796/0001-88",2026-08-03 08:38:00.000,
10139,Empresa FictÃ­cia 10139,"88.989.813/0001-89",2026-08-03 08:38:00.000,
10140,Empresa FictÃ­cia 10140,"88.990.830/0001-90",2026-08-03 08:38:00.000,
10141,Empresa FictÃ­cia 10141,"88.991.847/0001-91",2026-08-03 08:38:00.000,
10142,Empresa FictÃ­cia 10142,"88.992.864/0001-92",2026-08-03 08:38:00.000,
10143,Empresa FictÃ­cia 10143,"88.993.881/0001-93",2026-08-03 08:38:00.000,
10144,Empresa FictÃ­cia 10144,"88.994.898/0001-94",2026-08-03 08:38:00.000,
10145,Empresa FictÃ­cia 10145,"88.995.915/0001-95",2026-08-03 08:38:00.000,
10146,Empresa FictÃ­cia 10146,"88.996.932/0001-96",2026-08-03 08:38:00.000,
10147,Empresa FictÃ­cia 10147,"88.997.949/0001-97",2026-08-03 08:38:00.000,
10148,Empresa FictÃ­cia 10148,"88.998.966/0001-98",2026-08-03 08:38:00.000,
10149,Empresa FictÃ­cia 10149,"88.999.983/0001-99",2026-08-03 08:38:00.000,
10150,Empresa FictÃ­cia 10150,"89.000.000/0001-00",2026-08-03 08:38:00.000,
10151,Empresa FictÃ­cia 10151,"89.001.017/0001-01",2026-08-03 08:38:00.000,
10152,Empresa FictÃ­cia 10152,"89.002.034/0001-02",2026-08-03 08:38:00.000,
10153,Empresa FictÃ­cia 10153,"89.003.051/0001-03",2026-08-03 08:38:00.000,
10154,Empresa FictÃ­cia 10154,"89.004.068/0001-04",2026-08-03 08:38:00.000,
10155,Empresa FictÃ­cia 10155,"89.005.085/0001-05",2026-08-03 08:38:00.000,
10156,Empresa FictÃ­cia 10156,"89.006.102/0001-06",2026-08-03 08:38:00.000,
10157,Empresa FictÃ­cia 10157,"89.007.119/0001-07",2026-08-03 08:38:00.000,
10158,Empresa FictÃ­cia 10158,"89.008.136/0001-08",2026-08-03 08:38:00.000,
10159,Empresa FictÃ­cia 10159,"89.009.153/0001-09",2026-08-03 08:38:00.000,
10160,Empresa FictÃ­cia 10160,"89.010.170/0001-10",2026-08-03 08:38:00.000,
10161,Empresa FictÃ­cia 10161,"89.011.187/0001-11",2026-08-03 08:38:00.000,
10162,Empresa FictÃ­cia 10162,"89.012.204/0001-12",2026-08-03 08:38:00.000,
10163,Empresa FictÃ­cia 10163,"89.013.221/0001-13",2026-08-03 08:38:00.000,
10164,Empresa FictÃ­cia 10164,"89.014.238/0001-14",2026-08-03 08:38:00.000,
10165,Empresa FictÃ­cia 10165,"89.015.255/0001-15",2026-08-03 08:38:00.000,
10166,Empresa FictÃ­cia 10166,"89.016.272/0001-16",2026-08-03 08:38:00.000,
10167,Empresa FictÃ­cia 10167,"89.017.289/0001-17",2026-08-03 08:38:00.000,
10168,Empresa FictÃ­cia 10168,"89.018.306/0001-18",2026-08-03 08:38:00.000,
10169,Empresa FictÃ­cia 10169,"89.019.323/0001-19",2026-08-03 08:38:00.000,
10170,Empresa FictÃ­cia 10170,"89.020.340/0001-20",2026-08-03 08:38:00.000,
10171,Empresa FictÃ­cia 10171,"89.021.357/0001-21",2026-08-03 08:38:00.000,
10172,Empresa FictÃ­cia 10172,"89.022.374/0001-22",2026-08-03 08:38:00.000,
10173,Empresa FictÃ­cia 10173,"89.023.391/0001-23",2026-08-03 08:38:00.000,
10174,Empresa FictÃ­cia 10174,"89.024.408/0001-24",2026-08-03 08:38:00.000,
10175,Empresa FictÃ­cia 10175,"89.025.425/0001-25",2026-08-03 08:38:00.000,
10176,Empresa FictÃ­cia 10176,"89.026.442/0001-26",2026-08-03 08:38:00.000,
10177,Empresa FictÃ­cia 10177,"89.027.459/0001-27",2026-08-03 08:38:00.000,
10178,Empresa FictÃ­cia 10178,"89.028.476/0001-28",2026-08-03 08:38:00.000,
10179,Empresa FictÃ­cia 10179,"89.029.493/0001-29",2026-08-03 08:38:00.000,
10180,Empresa FictÃ­cia 10180,"89.030.510/0001-30",2026-08-03 08:38:00.000,
10181,Empresa FictÃ­cia 10181,"89.031.527/0001-31",2026-08-03 08:38:00.000,
10182,Empresa FictÃ­cia 10182,"89.032.544/0001-32",2026-08-03 08:38:00.000,
10183,Empresa FictÃ­cia 10183,"89.033.561/0001-33",2026-08-03 08:38:00.000,
10184,Empresa FictÃ­cia 10184,"89.034.578/0001-34",2026-08-03 08:38:00.000,
10185,Empresa FictÃ­cia 10185,"89.035.595/0001-35",2026-08-03 08:38:00.000,
10186,Empresa FictÃ­cia 10186,"89.036.612/0001-36",2026-08-03 08:38:00.000,
10187,Empresa FictÃ­cia 10187,"89.037.629/0001-37",2026-08-03 08:38:00.000,
10188,Empresa FictÃ­cia 10188,"89.038.646/0001-38",2026-08-03 08:38:00.000,
10189,Empresa FictÃ­cia 10189,"89.039.663/0001-39",2026-08-03 08:38:00.000,
10190,Empresa FictÃ­cia 10190,"89.040.680/0001-40",2026-08-03 08:38:00.000,
10191,Empresa FictÃ­cia 10191,"89.041.697/0001-41",2026-08-03 08:38:00.000,
10192,Empresa FictÃ­cia 10192,"89.042.714/0001-42",2026-08-03 08:38:00.000,
10193,Empresa FictÃ­cia 10193,"89.043.731/0001-43",2026-08-03 08:38:00.000,
10194,Empresa FictÃ­cia 10194,"89.044.748/0001-44",2026-08-03 08:38:00.000,
10195,Empresa FictÃ­cia 10195,"89.045.765/0001-45",2026-08-03 08:38:00.000,
10196,Empresa FictÃ­cia 10196,"89.046.782/0001-46",2026-08-03 08:38:00.000,
10197,Empresa FictÃ­cia 10197,"89.047.799/0001-47",2026-08-03 08:38:00.000,
10198,Empresa FictÃ­cia 10198,"89.048.816/0001-48",2026-08-03 08:38:00.000,
10199,Empresa FictÃ­cia 10199,"89.049.833/0001-49",2026-08-03 08:38:00.000,
10200,Empresa FictÃ­cia 10200,"89.050.850/0001-50",2026-08-03 08:38:00.000,
10201,Empresa FictÃ­cia 10201,"89.051.867/0001-51",2026-08-03 08:38:00.000,
10202,Empresa FictÃ­cia 10202,"89.052.884/0001-52",2026-08-03 08:38:00.000,
10203,Empresa FictÃ­cia 10203,"89.053.901/0001-53",2026-08-03 08:38:00.000,
10204,Empresa FictÃ­cia 10204,"89.054.918/0001-54",2026-08-03 08:38:00.000,
10205,Empresa FictÃ­cia 10205,"89.055.935/0001-55",2026-08-03 08:38:00.000,
10206,Empresa FictÃ­cia 10206,"89.056.952/0001-56",2026-08-03 08:38:00.000,
10207,Empresa FictÃ­cia 10207,"89.057.969/0001-57",2026-08-03 08:38:00.000,
10208,Empresa FictÃ­cia 10208,"89.058.986/0001-58",2026-08-03 08:38:00.000,
10209,Empresa FictÃ­cia 10209,"89.059.003/0001-59",2026-08-03 08:38:00.000,
10210,Empresa FictÃ­cia 10210,"89.060.020/0001-60",2026-08-03 08:38:00.000,
10211,Empresa FictÃ­cia 10211,"89.061.037/0001-61",2026-08-03 08:38:00.000,
10212,Empresa FictÃ­cia 10212,"89.062.054/0001-62",2026-08-03 08:38:00.000,
10213,Empresa FictÃ­cia 10213,"89.063.071/0001-63",2026-08-03 08:38:00.000,
10214,Empresa FictÃ­cia 10214,"89.064.088/0001-64",2026-08-03 08:38:00.000,
10215,Empresa FictÃ­cia 10215,"89.065.105/0001-65",2026-08-03 08:38:00.000,
10216,Empresa FictÃ­cia 10216,"89.066.122/0001-66",2026-08-03 08:38:00.000,
10217,Empresa FictÃ­cia 10217,"89.067.139/0001-67",2026-08-03 08:38:00.000,
10218,Empresa FictÃ­cia 10218,"89.068.156/0001-68",2026-08-03 08:38:00.000,
10219,Empresa FictÃ­cia 10219,"89.069.173/0001-69",2026-08-03 08:38:00.000,
10220,Empresa FictÃ­cia 10220,"89.070.190/0001-70",2026-08-03 08:38:00.000,
10221,Empresa FictÃ­cia 10221,"89.071.207/0001-71",2026-08-03 08:38:00.000,
10222,Empresa FictÃ­cia 10222,"89.072.224/0001-72",2026-08-03 08:38:00.000,
10223,Empresa FictÃ­cia 10223,"89.073.241/0001-73",2026-08-03 08:38:00.000,
10224,Empresa FictÃ­cia 10224,"89.074.258/0001-74",2026-08-03 08:38:00.000,
10225,Empresa FictÃ­cia 10225,"89.075.275/0001-75",2026-08-03 08:38:00.000,
10226,Empresa FictÃ­cia 10226,"89.076.292/0001-76",2026-08-03 08:38:00.000,
10227,Empresa FictÃ­cia 10227,"89.077.309/0001-77",2026-08-03 08:38:00.000,
10228,Empresa FictÃ­cia 10228,"89.078.326/0001-78",2026-08-03 08:38:00.000,
10229,Empresa FictÃ­cia 10229,"89.079.343/0001-79",2026-08-03 08:38:00.000,
10230,Empresa FictÃ­cia 10230,"89.080.360/0001-80",2026-08-03 08:38:00.000,
10231,Empresa FictÃ­cia 10231,"89.081.377/0001-81",2026-08-03 08:38:00.000,
10232,Empresa FictÃ­cia 10232,"89.082.394/0001-82",2026-08-03 08:38:00.000,
10233,Empresa FictÃ­cia 10233,"89.083.411/0001-83",2026-08-03 08:38:00.000,
10234,Empresa FictÃ­cia 10234,"89.084.428/0001-84",2026-08-03 08:38:00.000,
10235,Empresa FictÃ­cia 10235,"89.085.445/0001-85",2026-08-03 08:38:00.000,
10236,Empresa FictÃ­cia 10236,"89.086.462/0001-86",2026-08-03 08:38:00.000,
10237,Empresa FictÃ­cia 10237,"89.087.479/0001-87",2026-08-03 08:38:00.000,
10238,Empresa FictÃ­cia 10238,"89.088.496/0001-88",2026-08-03 08:38:00.000,
10239,Empresa FictÃ­cia 10239,"89.089.513/0001-89",2026-08-03 08:38:00.000,
10240,Empresa FictÃ­cia 10240,"89.090.530/0001-90",2026-08-03 08:38:00.000,
10241,Empresa FictÃ­cia 10241,"89.091.547/0001-91",2026-08-03 08:38:00.000,
10242,Empresa FictÃ­cia 10242,"89.092.564/0001-92",2026-08-03 08:38:00.000,
10243,Empresa FictÃ­cia 10243,"89.093.581/0001-93",2026-08-03 08:38:00.000,
10244,Empresa FictÃ­cia 10244,"89.094.598/0001-94",2026-08-03 08:38:00.000,
10245,Empresa FictÃ­cia 10245,"89.095.615/0001-95",2026-08-03 08:38:00.000,
10246,Empresa FictÃ­cia 10246,"89.096.632/0001-96",2026-08-03 08:38:00.000,
10247,Empresa FictÃ­cia 10247,"89.097.649/0001-97",2026-08-03 08:38:00.000,
10248,Empresa FictÃ­cia 10248,"89.098.666/0001-98",2026-08-03 08:38:00.000,
10249,Empresa FictÃ­cia 10249,"89.099.683/0001-99",2026-08-03 08:38:00.000,
10250,Empresa FictÃ­cia 10250,"89.100.700/0001-00",2026-08-03 08:38:00.000,
10251,Empresa FictÃ­cia 10251,"89.101.717/0001-01",2026-08-03 08:38:00.000,
10252,Empresa FictÃ­cia 10252,"89.102.734/0001-02",2026-08-03 08:38:00.000,
10253,Empresa FictÃ­cia 10253,"89.103.751/0001-03",2026-08-03 08:38:00.000,
10254,Empresa FictÃ­cia 10254,"89.104.768/0001-04",2026-08-03 08:38:00.000,
10255,Empresa FictÃ­cia 10255,"89.105.785/0001-05",2026-08-03 08:38:00.000,
10256,Empresa FictÃ­cia 10256,"89.106.802/0001-06",2026-08-03 08:38:00.000,
10257,Empresa FictÃ­cia 10257,"89.107.819/0001-07",2026-08-03 08:38:00.000,
10258,Empresa FictÃ­cia 10258,"89.108.836/0001-08",2026-08-03 08:38:00.000,
10259,Empresa FictÃ­cia 10259,"89.109.853/0001-09",2026-08-03 08:38:00.000,
10260,Empresa FictÃ­cia 10260,"89.110.870/0001-10",2026-08-03 08:38:00.000,
10261,Empresa FictÃ­cia 10261,"89.111.887/0001-11",2026-08-03 08:38:00.000,
10262,Empresa FictÃ­cia 10262,"89.112.904/0001-12",2026-08-03 08:38:00.000,
10263,Empresa FictÃ­cia 10263,"89.113.921/0001-13",2026-08-03 08:38:00.000,
10264,Empresa FictÃ­cia 10264,"89.114.938/0001-14",2026-08-03 08:38:00.000,
10265,Empresa FictÃ­cia 10265,"89.115.955/0001-15",2026-08-03 08:38:00.000,
10266,Empresa FictÃ­cia 10266,"89.116.972/0001-16",2026-08-03 08:38:00.000,
10267,Empresa FictÃ­cia 10267,"89.117.989/0001-17",2026-08-03 08:38:00.000,
10268,Empresa FictÃ­cia 10268,"89.118.006/0001-18",2026-08-03 08:38:00.000,
10269,Empresa FictÃ­cia 10269,"89.119.023/0001-19",2026-08-03 08:38:00.000,
10270,Empresa FictÃ­cia 10270,"89.120.040/0001-20",2026-08-03 08:38:00.000,
10271,Empresa FictÃ­cia 10271,"89.121.057/0001-21",2026-08-03 08:38:00.000,
10272,Empresa FictÃ­cia 10272,"89.122.074/0001-22",2026-08-03 08:38:00.000,
10273,Empresa FictÃ­cia 10273,"89.123.091/0001-23",2026-08-03 08:38:00.000,
10274,Empresa FictÃ­cia 10274,"89.124.108/0001-24",2026-08-03 08:38:00.000,
10275,Empresa FictÃ­cia 10275,"89.125.125/0001-25",2026-08-03 08:38:00.000,
10276,Empresa FictÃ­cia 10276,"89.126.142/0001-26",2026-08-03 08:38:00.000,
10277,Empresa FictÃ­cia 10277,"89.127.159/0001-27",2026-08-03 08:38:00.000,
10278,Empresa FictÃ­cia 10278,"89.128.176/0001-28",2026-08-03 08:38:00.000,
10279,Empresa FictÃ­cia 10279,"89.129.193/0001-29",2026-08-03 08:38:00.000,
10280,Empresa FictÃ­cia 10280,"89.130.210/0001-30",2026-08-03 08:38:00.000,
10281,Empresa FictÃ­cia 10281,"89.131.227/0001-31",2026-08-03 08:38:00.000,
10282,Empresa FictÃ­cia 10282,"89.132.244/0001-32",2026-08-03 08:38:00.000,
10283,Empresa FictÃ­cia 10283,"89.133.261/0001-33",2026-08-03 08:38:00.000,
10284,Empresa FictÃ­cia 10284,"89.134.278/0001-34",2026-08-03 08:38:00.000,
10285,Empresa FictÃ­cia 10285,"89.135.295/0001-35",2026-08-03 08:38:00.000,
10286,Empresa FictÃ­cia 10286,"89.136.312/0001-36",2026-08-03 08:38:00.000,
10287,Empresa FictÃ­cia 10287,"89.137.329/0001-37",2026-08-03 08:38:00.000,
10288,Empresa FictÃ­cia 10288,"89.138.346/0001-38",2026-08-03 08:38:00.000,
10289,Empresa FictÃ­cia 10289,"89.139.363/0001-39",2026-08-03 08:38:00.000,
10290,Empresa FictÃ­cia 10290,"89.140.380/0001-40",2026-08-03 08:38:00.000,
10291,Empresa FictÃ­cia 10291,"89.141.397/0001-41",2026-08-03 08:38:00.000,
10292,Empresa FictÃ­cia 10292,"89.142.414/0001-42",2026-08-03 08:38:00.000,
10293,Empresa FictÃ­cia 10293,"89.143.431/0001-43",2026-08-03 08:38:00.000,
10294,Empresa FictÃ­cia 10294,"89.144.448/0001-44",2026-08-03 08:38:00.000,
10295,Empresa FictÃ­cia 10295,"89.145.465/0001-45",2026-08-03 08:38:00.000,
10296,Empresa FictÃ­cia 10296,"89.146.482/0001-46",2026-08-03 08:38:00.000,
10297,Empresa FictÃ­cia 10297,"89.147.499/0001-47",2026-08-03 08:38:00.000,
10298,Empresa FictÃ­cia 10298,"89.148.516/0001-48",2026-08-03 08:38:00.000,
10299,Empresa FictÃ­cia 10299,"89.149.533/0001-49",2026-08-03 08:38:00.000,
10300,Empresa FictÃ­cia 10300,"89.150.550/0001-50",2026-08-03 08:38:00.000,
10301,Empresa FictÃ­cia 10301,"89.151.567/0001-51",2026-08-03 08:38:00.000,
10302,Empresa FictÃ­cia 10302,"89.152.584/0001-52",2026-08-03 08:38:00.000,
10303,Empresa FictÃ­cia 10303,"89.153.601/0001-53",2026-08-03 08:38:00.000,
10304,Empresa FictÃ­cia 10304,"89.154.618/0001-54",2026-08-03 08:38:00.000,
10305,Empresa FictÃ­cia 10305,"89.155.635/0001-55",2026-08-03 08:38:00.000,
10306,Empresa FictÃ­cia 10306,"89.156.652/0001-56",2026-08-03 08:38:00.000,
10307,Empresa FictÃ­cia 10307,"89.157.669/0001-57",2026-08-03 08:38:00.000,
10308,Empresa FictÃ­cia 10308,"89.158.686/0001-58",2026-08-03 08:38:00.000,
10309,Empresa FictÃ­cia 10309,"89.159.703/0001-59",2026-08-03 08:38:00.000,
10310,Empresa FictÃ­cia 10310,"89.160.720/0001-60",2026-08-03 08:38:00.000,
10311,Empresa FictÃ­cia 10311,"89.161.737/0001-61",2026-08-03 08:38:00.000,
10312,Empresa FictÃ­cia 10312,"89.162.754/0001-62",2026-08-03 08:38:00.000,
10313,Empresa FictÃ­cia 10313,"89.163.771/0001-63",2026-08-03 08:38:00.000,
10314,Empresa FictÃ­cia 10314,"89.164.788/0001-64",2026-08-03 08:38:00.000,
10315,Empresa FictÃ­cia 10315,"89.165.805/0001-65",2026-08-03 08:38:00.000,
10316,Empresa FictÃ­cia 10316,"89.166.822/0001-66",2026-08-03 08:38:00.000,
10317,Empresa FictÃ­cia 10317,"89.167.839/0001-67",2026-08-03 08:38:00.000,
10318,Empresa FictÃ­cia 10318,"89.168.856/0001-68",2026-08-03 08:38:00.000,
10319,Empresa FictÃ­cia 10319,"89.169.873/0001-69",2026-08-03 08:38:00.000,
10320,Empresa FictÃ­cia 10320,"89.170.890/0001-70",2026-08-03 08:38:00.000,
10321,Empresa FictÃ­cia 10321,"89.171.907/0001-71",2026-08-03 08:38:00.000,
10322,Empresa FictÃ­cia 10322,"89.172.924/0001-72",2026-08-03 08:38:00.000,
10323,Empresa FictÃ­cia 10323,"89.173.941/0001-73",2026-08-03 08:38:00.000,
10324,Empresa FictÃ­cia 10324,"89.174.958/0001-74",2026-08-03 08:38:00.000,
10325,Empresa FictÃ­cia 10325,"89.175.975/0001-75",2026-08-03 08:38:00.000,
10326,Empresa FictÃ­cia 10326,"89.176.992/0001-76",2026-08-03 08:38:00.000,
10327,Empresa FictÃ­cia 10327,"89.177.009/0001-77",2026-08-03 08:38:00.000,
10328,Empresa FictÃ­cia 10328,"89.178.026/0001-78",2026-08-03 08:38:00.000,
10329,Empresa FictÃ­cia 10329,"89.179.043/0001-79",2026-08-03 08:38:00.000,
10330,Empresa FictÃ­cia 10330,"89.180.060/0001-80",2026-08-03 08:38:00.000,
10331,Empresa FictÃ­cia 10331,"89.181.077/0001-81",2026-08-03 08:38:00.000,
10332,Empresa FictÃ­cia 10332,"89.182.094/0001-82",2026-08-03 08:38:00.000,
10333,Empresa FictÃ­cia 10333,"89.183.111/0001-83",2026-08-03 08:38:00.000,
10334,Empresa FictÃ­cia 10334,"89.184.128/0001-84",2026-08-03 08:38:00.000,
10335,Empresa FictÃ­cia 10335,"89.185.145/0001-85",2026-08-03 08:38:00.000,
10336,Empresa FictÃ­cia 10336,"89.186.162/0001-86",2026-08-03 08:38:00.000,
10337,Empresa FictÃ­cia 10337,"89.187.179/0001-87",2026-08-03 08:38:00.000,
10338,Empresa FictÃ­cia 10338,"89.188.196/0001-88",2026-08-03 08:38:00.000,
10339,Empresa FictÃ­cia 10339,"89.189.213/0001-89",2026-08-03 08:38:00.000,
10340,Empresa FictÃ­cia 10340,"89.190.230/0001-90",2026-08-03 08:38:00.000,
10341,Empresa FictÃ­cia 10341,"89.191.247/0001-91",2026-08-03 08:38:00.000,
10342,Empresa FictÃ­cia 10342,"89.192.264/0001-92",2026-08-03 08:38:00.000,
10343,Empresa FictÃ­cia 10343,"89.193.281/0001-93",2026-08-03 08:38:00.000,
10344,Empresa FictÃ­cia 10344,"89.194.298/0001-94",2026-08-03 08:38:00.000,
10345,Empresa FictÃ­cia 10345,"89.195.315/0001-95",2026-08-03 08:38:00.000,
10346,Empresa FictÃ­cia 10346,"89.196.332/0001-96",2026-08-03 08:38:00.000,
10347,Empresa FictÃ­cia 10347,"89.197.349/0001-97",2026-08-03 08:38:00.000,
10348,Empresa FictÃ­cia 10348,"89.198.366/0001-98",2026-08-03 08:38:00.000,
10349,Empresa FictÃ­cia 10349,"89.199.383/0001-99",2026-08-03 08:38:00.000,
10350,Empresa FictÃ­cia 10350,"89.200.400/0001-00",2026-08-03 08:38:00.000,
10351,Empresa FictÃ­cia 10351,"89.201.417/0001-01",2026-08-03 08:38:00.000,
10352,Empresa FictÃ­cia 10352,"89.202.434/0001-02",2026-08-03 08:38:00.000,
10353,Empresa FictÃ­cia 10353,"89.203.451/0001-03",2026-08-03 08:38:00.000,
10354,Empresa FictÃ­cia 10354,"89.204.468/0001-04",2026-08-03 08:38:00.000,
10355,Empresa FictÃ­cia 10355,"89.205.485/0001-05",2026-08-03 08:38:00.000,
10356,Empresa FictÃ­cia 10356,"89.206.502/0001-06",2026-08-03 08:38:00.000,
10357,Empresa FictÃ­cia 10357,"89.207.519/0001-07",2026-08-03 08:38:00.000,
10358,Empresa FictÃ­cia 10358,"89.208.536/0001-08",2026-08-03 08:38:00.000,
10359,Empresa FictÃ­cia 10359,"89.209.553/0001-09",2026-08-03 08:38:00.000,
10360,Empresa FictÃ­cia 10360,"89.210.570/0001-10",2026-08-03 08:38:00.000,
10361,Empresa FictÃ­cia 10361,"89.211.587/0001-11",2026-08-03 08:38:00.000,
10362,Empresa FictÃ­cia 10362,"89.212.604/0001-12",2026-08-03 08:38:00.000,
10363,Empresa FictÃ­cia 10363,"89.213.621/0001-13",2026-08-03 08:38:00.000,
10364,Empresa FictÃ­cia 10364,"89.214.638/0001-14",2026-08-03 08:38:00.000,
10365,Empresa FictÃ­cia 10365,"89.215.655/0001-15",2026-08-03 08:38:00.000,
10366,Empresa FictÃ­cia 10366,"89.216.672/0001-16",2026-08-03 08:38:00.000,
10367,Empresa FictÃ­cia 10367,"89.217.689/0001-17",2026-08-03 08:38:00.000,
10368,Empresa FictÃ­cia 10368,"89.218.706/0001-18",2026-08-03 08:38:00.000,
10369,Empresa FictÃ­cia 10369,"89.219.723/0001-19",2026-08-03 08:38:00.000,
10370,Empresa FictÃ­cia 10370,"89.220.740/0001-20",2026-08-03 08:38:00.000,
10371,Empresa FictÃ­cia 10371,"89.221.757/0001-21",2026-08-03 08:38:00.000,
10372,Empresa FictÃ­cia 10372,"89.222.774/0001-22",2026-08-03 08:38:00.000,
10373,Empresa FictÃ­cia 10373,"89.223.791/0001-23",2026-08-03 08:38:00.000,
10374,Empresa FictÃ­cia 10374,"89.224.808/0001-24",2026-08-03 08:38:00.000,
10375,Empresa FictÃ­cia 10375,"89.225.825/0001-25",2026-08-03 08:38:00.000,
10376,Empresa FictÃ­cia 10376,"89.226.842/0001-26",2026-08-03 08:38:00.000,
10377,Empresa FictÃ­cia 10377,"89.227.859/0001-27",2026-08-03 08:38:00.000,
10378,Empresa FictÃ­cia 10378,"89.228.876/0001-28",2026-08-03 08:38:00.000,
10379,Empresa FictÃ­cia 10379,"89.229.893/0001-29",2026-08-03 08:38:00.000,
10380,Empresa FictÃ­cia 10380,"89.230.910/0001-30",2026-08-03 08:38:00.000,
10381,Empresa FictÃ­cia 10381,"89.231.927/0001-31",2026-08-03 08:38:00.000,
10382,Empresa FictÃ­cia 10382,"89.232.944/0001-32",2026-08-03 08:38:00.000,
10383,Empresa FictÃ­cia 10383,"89.233.961/0001-33",2026-08-03 08:38:00.000,
10384,Empresa FictÃ­cia 10384,"89.234.978/0001-34",2026-08-03 08:38:00.000,
10385,Empresa FictÃ­cia 10385,"89.235.995/0001-35",2026-08-03 08:38:00.000,
10386,Empresa FictÃ­cia 10386,"89.236.012/0001-36",2026-08-03 08:38:00.000,
10387,Empresa FictÃ­cia 10387,"89.237.029/0001-37",2026-08-03 08:38:00.000,
10388,Empresa FictÃ­cia 10388,"89.238.046/0001-38",2026-08-03 08:38:00.000,
10389,Empresa FictÃ­cia 10389,"89.239.063/0001-39",2026-08-03 08:38:00.000,
10390,Empresa FictÃ­cia 10390,"89.240.080/0001-40",2026-08-03 08:38:00.000,
10391,Empresa FictÃ­cia 10391,"89.241.097/0001-41",2026-08-03 08:38:00.000,
10392,Empresa FictÃ­cia 10392,"89.242.114/0001-42",2026-08-03 08:38:00.000,
10393,Empresa FictÃ­cia 10393,"89.243.131/0001-43",2026-08-03 08:38:00.000,
10394,Empresa FictÃ­cia 10394,"89.244.148/0001-44",2026-08-03 08:38:00.000,
10395,Empresa FictÃ­cia 10395,"89.245.165/0001-45",2026-08-03 08:38:00.000,
10396,Empresa FictÃ­cia 10396,"89.246.182/0001-46",2026-08-03 08:38:00.000,
10397,Empresa FictÃ­cia 10397,"89.247.199/0001-47",2026-08-03 08:38:00.000,
10398,Empresa FictÃ­cia 10398,"89.248.216/0001-48",2026-08-03 08:38:00.000,
10399,Empresa FictÃ­cia 10399,"89.249.233/0001-49",2026-08-03 08:38:00.000,
10400,Empresa FictÃ­cia 10400,"89.250.250/0001-50",2026-08-03 08:38:00.000,
10401,Empresa FictÃ­cia 10401,"89.251.267/0001-51",2026-08-03 08:38:00.000,
10402,Empresa FictÃ­cia 10402,"89.252.284/0001-52",2026-08-03 08:38:00.000,
10403,Empresa FictÃ­cia 10403,"89.253.301/0001-53",2026-08-03 08:38:00.000,
10404,Empresa FictÃ­cia 10404,"89.254.318/0001-54",2026-08-03 08:38:00.000,
10405,Empresa FictÃ­cia 10405,"89.255.335/0001-55",2026-08-03 08:38:00.000,
10406,Empresa FictÃ­cia 10406,"89.256.352/0001-56",2026-08-03 08:38:00.000,
10407,Empresa FictÃ­cia 10407,"89.257.369/0001-57",2026-08-03 08:38:00.000,
10408,Empresa FictÃ­cia 10408,"89.258.386/0001-58",2026-08-03 08:38:00.000,
10409,Empresa FictÃ­cia 10409,"89.259.403/0001-59",2026-08-03 08:38:00.000,
10410,Empresa FictÃ­cia 10410,"89.260.420/0001-60",2026-08-03 08:38:00.000,
10411,Empresa FictÃ­cia 10411,"89.261.437/0001-61",2026-08-03 08:38:00.000,
10412,Empresa FictÃ­cia 10412,"89.262.454/0001-62",2026-08-03 08:38:00.000,
10413,Empresa FictÃ­cia 10413,"89.263.471/0001-63",2026-08-03 08:38:00.000,
10414,Empresa FictÃ­cia 10414,"89.264.488/0001-64",2026-08-03 08:38:00.000,
10415,Empresa FictÃ­cia 10415,"89.265.505/0001-65",2026-08-03 08:38:00.000,
10416,Empresa FictÃ­cia 10416,"89.266.522/0001-66",2026-08-03 08:38:00.000,
10417,Empresa FictÃ­cia 10417,"89.267.539/0001-67",2026-08-03 08:38:00.000,
10418,Empresa FictÃ­cia 10418,"89.268.556/0001-68",2026-08-03 08:38:00.000,
10419,Empresa FictÃ­cia 10419,"89.269.573/0001-69",2026-08-03 08:38:00.000,
10420,Empresa FictÃ­cia 10420,"89.270.590/0001-70",2026-08-03 08:38:00.000,
10421,Empresa FictÃ­cia 10421,"89.271.607/0001-71",2026-08-03 08:38:00.000,
10422,Empresa FictÃ­cia 10422,"89.272.624/0001-72",2026-08-03 08:38:00.000,
10423,Empresa FictÃ­cia 10423,"89.273.641/0001-73",2026-08-03 08:38:00.000,
10424,Empresa FictÃ­cia 10424,"89.274.658/0001-74",2026-08-03 08:38:00.000,
10425,Empresa FictÃ­cia 10425,"89.275.675/0001-75",2026-08-03 08:38:00.000,
10426,Empresa FictÃ­cia 10426,"89.276.692/0001-76",2026-08-03 08:38:00.000,
10427,Empresa FictÃ­cia 10427,"89.277.709/0001-77",2026-08-03 08:38:00.000,
10428,Empresa FictÃ­cia 10428,"89.278.726/0001-78",2026-08-03 08:38:00.000,
10429,Empresa FictÃ­cia 10429,"89.279.743/0001-79",2026-08-03 08:38:00.000,
10430,Empresa FictÃ­cia 10430,"89.280.760/0001-80",2026-08-03 08:38:00.000,
10431,Empresa FictÃ­cia 10431,"89.281.777/0001-81",2026-08-03 08:38:00.000,
10432,Empresa FictÃ­cia 10432,"89.282.794/0001-82",2026-08-03 08:38:00.000,
10433,Empresa FictÃ­cia 10433,"89.283.811/0001-83",2026-08-03 08:38:00.000,
10434,Empresa FictÃ­cia 10434,"89.284.828/0001-84",2026-08-03 08:38:00.000,
10435,Empresa FictÃ­cia 10435,"89.285.845/0001-85",2026-08-03 08:38:00.000,
10436,Empresa FictÃ­cia 10436,"89.286.862/0001-86",2026-08-03 08:38:00.000,
10437,Empresa FictÃ­cia 10437,"89.287.879/0001-87",2026-08-03 08:38:00.000,
10438,Empresa FictÃ­cia 10438,"89.288.896/0001-88",2026-08-03 08:38:00.000,
10439,Empresa FictÃ­cia 10439,"89.289.913/0001-89",2026-08-03 08:38:00.000,
10440,Empresa FictÃ­cia 10440,"89.290.930/0001-90",2026-08-03 08:38:00.000,
10441,Empresa FictÃ­cia 10441,"89.291.947/0001-91",2026-08-03 08:38:00.000,
10442,Empresa FictÃ­cia 10442,"89.292.964/0001-92",2026-08-03 08:38:00.000,
10443,Empresa FictÃ­cia 10443,"89.293.981/0001-93",2026-08-03 08:38:00.000,
10444,Empresa FictÃ­cia 10444,"89.294.998/0001-94",2026-08-03 08:38:00.000,
10445,Empresa FictÃ­cia 10445,"89.295.015/0001-95",2026-08-03 08:38:00.000,
10446,Empresa FictÃ­cia 10446,"89.296.032/0001-96",2026-08-03 08:38:00.000,
10447,Empresa FictÃ­cia 10447,"89.297.049/0001-97",2026-08-03 08:38:00.000,
10448,Empresa FictÃ­cia 10448,"89.298.066/0001-98",2026-08-03 08:38:00.000,
10449,Empresa FictÃ­cia 10449,"89.299.083/0001-99",2026-08-03 08:38:00.000,
10450,Empresa FictÃ­cia 10450,"89.300.100/0001-00",2026-08-03 08:38:00.000,
10451,Empresa FictÃ­cia 10451,"89.301.117/0001-01",2026-08-03 08:38:00.000,
10452,Empresa FictÃ­cia 10452,"89.302.134/0001-02",2026-08-03 08:38:00.000,
10453,Empresa FictÃ­cia 10453,"89.303.151/0001-03",2026-08-03 08:38:00.000,
10454,Empresa FictÃ­cia 10454,"89.304.168/0001-04",2026-08-03 08:38:00.000,
10455,Empresa FictÃ­cia 10455,"89.305.185/0001-05",2026-08-03 08:38:00.000,
10456,Empresa FictÃ­cia 10456,"89.306.202/0001-06",2026-08-03 08:38:00.000,
10457,Empresa FictÃ­cia 10457,"89.307.219/0001-07",2026-08-03 08:38:00.000,
10458,Empresa FictÃ­cia 10458,"89.308.236/0001-08",2026-08-03 08:38:00.000,
10459,Empresa FictÃ­cia 10459,"89.309.253/0001-09",2026-08-03 08:38:00.000,
10460,Empresa FictÃ­cia 10460,"89.310.270/0001-10",2026-08-03 08:38:00.000,
10461,Empresa FictÃ­cia 10461,"89.311.287/0001-11",2026-08-03 08:38:00.000,
10462,Empresa FictÃ­cia 10462,"89.312.304/0001-12",2026-08-03 08:38:00.000,
10463,Empresa FictÃ­cia 10463,"89.313.321/0001-13",2026-08-03 08:38:00.000,
10464,Empresa FictÃ­cia 10464,"89.314.338/0001-14",2026-08-03 08:38:00.000,
10465,Empresa FictÃ­cia 10465,"89.315.355/0001-15",2026-08-03 08:38:00.000,
10466,Empresa FictÃ­cia 10466,"89.316.372/0001-16",2026-08-03 08:38:00.000,
10467,Empresa FictÃ­cia 10467,"89.317.389/0001-17",2026-08-03 08:38:00.000,
10468,Empresa FictÃ­cia 10468,"89.318.406/0001-18",2026-08-03 08:38:00.000,
10469,Empresa FictÃ­cia 10469,"89.319.423/0001-19",2026-08-03 08:38:00.000,
10470,Empresa FictÃ­cia 10470,"89.320.440/0001-20",2026-08-03 08:38:00.000,
10471,Empresa FictÃ­cia 10471,"89.321.457/0001-21",2026-08-03 08:38:00.000,
10472,Empresa FictÃ­cia 10472,"89.322.474/0001-22",2026-08-03 08:38:00.000,
10473,Empresa FictÃ­cia 10473,"89.323.491/0001-23",2026-08-03 08:38:00.000,
10474,Empresa FictÃ­cia 10474,"89.324.508/0001-24",2026-08-03 08:38:00.000,
10475,Empresa FictÃ­cia 10475,"89.325.525/0001-25",2026-08-03 08:38:00.000,
10476,Empresa FictÃ­cia 10476,"89.326.542/0001-26",2026-08-03 08:38:00.000,
10477,Empresa FictÃ­cia 10477,"89.327.559/0001-27",2026-08-03 08:38:00.000,
10478,Empresa FictÃ­cia 10478,"89.328.576/0001-28",2026-08-03 08:38:00.000,
10479,Empresa FictÃ­cia 10479,"89.329.593/0001-29",2026-08-03 08:38:00.000,
10480,Empresa FictÃ­cia 10480,"89.330.610/0001-30",2026-08-03 08:38:00.000,
10481,Empresa FictÃ­cia 10481,"89.331.627/0001-31",2026-08-03 08:38:00.000,
10482,Empresa FictÃ­cia 10482,"89.332.644/0001-32",2026-08-03 08:38:00.000,
10483,Empresa FictÃ­cia 10483,"89.333.661/0001-33",2026-08-03 08:38:00.000,
10484,Empresa FictÃ­cia 10484,"89.334.678/0001-34",2026-08-03 08:38:00.000,
10485,Empresa FictÃ­cia 10485,"89.335.695/0001-35",2026-08-03 08:38:00.000,
10486,Empresa FictÃ­cia 10486,"89.336.712/0001-36",2026-08-03 08:38:00.000,
10487,Empresa FictÃ­cia 10487,"89.337.729/0001-37",2026-08-03 08:38:00.000,
10488,Empresa FictÃ­cia 10488,"89.338.746/0001-38",2026-08-03 08:38:00.000,
10489,Empresa FictÃ­cia 10489,"89.339.763/0001-39",2026-08-03 08:38:00.000,
10490,Empresa FictÃ­cia 10490,"89.340.780/0001-40",2026-08-03 08:38:00.000,
10491,Empresa FictÃ­cia 10491,"89.341.797/0001-41",2026-08-03 08:38:00.000,
10492,Empresa FictÃ­cia 10492,"89.342.814/0001-42",2026-08-03 08:38:00.000,
10493,Empresa FictÃ­cia 10493,"89.343.831/0001-43",2026-08-03 08:38:00.000,
10494,Empresa FictÃ­cia 10494,"89.344.848/0001-44",2026-08-03 08:38:00.000,
10495,Empresa FictÃ­cia 10495,"89.345.865/0001-45",2026-08-03 08:38:00.000,
10496,Empresa FictÃ­cia 10496,"89.346.882/0001-46",2026-08-03 08:38:00.000,
10497,Empresa FictÃ­cia 10497,"89.347.899/0001-47",2026-08-03 08:38:00.000,
10498,Empresa FictÃ­cia 10498,"89.348.916/0001-48",2026-08-03 08:38:00.000,
10499,Empresa FictÃ­cia 10499,"89.349.933/0001-49",2026-08-03 08:38:00.000,
10500,Empresa FictÃ­cia 10500,"89.350.950/0001-50",2026-08-03 08:38:00.000,
10501,Empresa FictÃ­cia 10501,"89.351.967/0001-51",2026-08-03 08:38:00.000,
10502,Empresa FictÃ­cia 10502,"89.352.984/0001-52",2026-08-03 08:38:00.000,
10503,Empresa FictÃ­cia 10503,"89.353.001/0001-53",2026-08-03 08:38:00.000,
10504,Empresa FictÃ­cia 10504,"89.354.018/0001-54",2026-08-03 08:38:00.000,
10505,Empresa FictÃ­cia 10505,"89.355.035/0001-55",2026-08-03 08:38:00.000,
10506,Empresa FictÃ­cia 10506,"89.356.052/0001-56",2026-08-03 08:38:00.000,
10507,Empresa FictÃ­cia 10507,"89.357.069/0001-57",2026-08-03 08:38:00.000,
10508,Empresa FictÃ­cia 10508,"89.358.086/0001-58",2026-08-03 08:38:00.000,
10509,Empresa FictÃ­cia 10509,"89.359.103/0001-59",2026-08-03 08:38:00.000,
10510,Empresa FictÃ­cia 10510,"89.360.120/0001-60",2026-08-03 08:38:00.000,
10511,Empresa FictÃ­cia 10511,"89.361.137/0001-61",2026-08-03 08:38:00.000,
10512,Empresa FictÃ­cia 10512,"89.362.154/0001-62",2026-08-03 08:38:00.000,
10513,Empresa FictÃ­cia 10513,"89.363.171/0001-63",2026-08-03 08:38:00.000,
10514,Empresa FictÃ­cia 10514,"89.364.188/0001-64",2026-08-03 08:38:00.000,
10515,Empresa FictÃ­cia 10515,"89.365.205/0001-65",2026-08-03 08:38:00.000,
10516,Empresa FictÃ­cia 10516,"89.366.222/0001-66",2026-08-03 08:38:00.000,
10517,Empresa FictÃ­cia 10517,"89.367.239/0001-67",2026-08-03 08:38:00.000,
10518,Empresa FictÃ­cia 10518,"89.368.256/0001-68",2026-08-03 08:38:00.000,
10519,Empresa FictÃ­cia 10519,"89.369.273/0001-69",2026-08-03 08:38:00.000,
10520,Empresa FictÃ­cia 10520,"89.370.290/0001-70",2026-08-03 08:38:00.000,
10521,Empresa FictÃ­cia 10521,"89.371.307/0001-71",2026-08-03 08:38:00.000,
10522,Empresa FictÃ­cia 10522,"89.372.324/0001-72",2026-08-03 08:38:00.000,
10523,Empresa FictÃ­cia 10523,"89.373.341/0001-73",2026-08-03 08:38:00.000,
10524,Empresa FictÃ­cia 10524,"89.374.358/0001-74",2026-08-03 08:38:00.000,
10525,Empresa FictÃ­cia 10525,"89.375.375/0001-75",2026-08-03 08:38:00.000,
10526,Empresa FictÃ­cia 10526,"89.376.392/0001-76",2026-08-03 08:38:00.000,
10527,Empresa FictÃ­cia 10527,"89.377.409/0001-77",2026-08-03 08:38:00.000,
10528,Empresa FictÃ­cia 10528,"89.378.426/0001-78",2026-08-03 08:38:00.000,
10529,Empresa FictÃ­cia 10529,"89.379.443/0001-79",2026-08-03 08:38:00.000,
10530,Empresa FictÃ­cia 10530,"89.380.460/0001-80",2026-08-03 08:38:00.000,
10531,Empresa FictÃ­cia 10531,"89.381.477/0001-81",2026-08-03 08:38:00.000,
10532,Empresa FictÃ­cia 10532,"89.382.494/0001-82",2026-08-03 08:38:00.000,
10533,Empresa FictÃ­cia 10533,"89.383.511/0001-83",2026-08-03 08:38:00.000,
10534,Empresa FictÃ­cia 10534,"89.384.528/0001-84",2026-08-03 08:38:00.000,
10535,Empresa FictÃ­cia 10535,"89.385.545/0001-85",2026-08-03 08:38:00.000,
10536,Empresa FictÃ­cia 10536,"89.386.562/0001-86",2026-08-03 08:38:00.000,
10537,Empresa FictÃ­cia 10537,"89.387.579/0001-87",2026-08-03 08:38:00.000,
10538,Empresa FictÃ­cia 10538,"89.388.596/0001-88",2026-08-03 08:38:00.000,
10539,Empresa FictÃ­cia 10539,"89.389.613/0001-89",2026-08-03 08:38:00.000,
10540,Empresa FictÃ­cia 10540,"89.390.630/0001-90",2026-08-03 08:38:00.000,
10541,Empresa FictÃ­cia 10541,"89.391.647/0001-91",2026-08-03 08:38:00.000,
10542,Empresa FictÃ­cia 10542,"89.392.664/0001-92",2026-08-03 08:38:00.000,
10543,Empresa FictÃ­cia 10543,"89.393.681/0001-93",2026-08-03 08:38:00.000,
10544,Empresa FictÃ­cia 10544,"89.394.698/0001-94",2026-08-03 08:38:00.000,
10545,Empresa FictÃ­cia 10545,"89.395.715/0001-95",2026-08-03 08:38:00.000,
10546,Empresa FictÃ­cia 10546,"89.396.732/0001-96",2026-08-03 08:38:00.000,
10547,Empresa FictÃ­cia 10547,"89.397.749/0001-97",2026-08-03 08:38:00.000,
10548,Empresa FictÃ­cia 10548,"89.398.766/0001-98",2026-08-03 08:38:00.000,
10549,Empresa FictÃ­cia 10549,"89.399.783/0001-99",2026-08-03 08:38:00.000,
10550,Empresa FictÃ­cia 10550,"89.400.800/0001-00",2026-08-03 08:38:00.000,
10551,Empresa FictÃ­cia 10551,"89.401.817/0001-01",2026-08-03 08:38:00.000,
10552,Empresa FictÃ­cia 10552,"89.402.834/0001-02",2026-08-03 08:38:00.000,
10553,Empresa FictÃ­cia 10553,"89.403.851/0001-03",2026-08-03 08:38:00.000,
10554,Empresa FictÃ­cia 10554,"89.404.868/0001-04",2026-08-03 08:38:00.000,
10555,Empresa FictÃ­cia 10555,"89.405.885/0001-05",2026-08-03 08:38:00.000,
10556,Empresa FictÃ­cia 10556,"89.406.902/0001-06",2026-08-03 08:38:00.000,
10557,Empresa FictÃ­cia 10557,"89.407.919/0001-07",2026-08-03 08:38:00.000,
10558,Empresa FictÃ­cia 10558,"89.408.936/0001-08",2026-08-03 08:38:00.000,
10559,Empresa FictÃ­cia 10559,"89.409.953/0001-09",2026-08-03 08:38:00.000,
10560,Empresa FictÃ­cia 10560,"89.410.970/0001-10",2026-08-03 08:38:00.000,
10561,Empresa FictÃ­cia 10561,"89.411.987/0001-11",2026-08-03 08:38:00.000,
10562,Empresa FictÃ­cia 10562,"89.412.004/0001-12",2026-08-03 08:38:00.000,
10563,Empresa FictÃ­cia 10563,"89.413.021/0001-13",2026-08-03 08:38:00.000,
10564,Empresa FictÃ­cia 10564,"89.414.038/0001-14",2026-08-03 08:38:00.000,
10565,Empresa FictÃ­cia 10565,"89.415.055/0001-15",2026-08-03 08:38:00.000,
10566,Empresa FictÃ­cia 10566,"89.416.072/0001-16",2026-08-03 08:38:00.000,
10567,Empresa FictÃ­cia 10567,"89.417.089/0001-17",2026-08-03 08:38:00.000,
10568,Empresa FictÃ­cia 10568,"89.418.106/0001-18",2026-08-03 08:38:00.000,
10569,Empresa FictÃ­cia 10569,"89.419.123/0001-19",2026-08-03 08:38:00.000,
10570,Empresa FictÃ­cia 10570,"89.420.140/0001-20",2026-08-03 08:38:00.000,
10571,Empresa FictÃ­cia 10571,"89.421.157/0001-21",2026-08-03 08:38:00.000,
10572,Empresa FictÃ­cia 10572,"89.422.174/0001-22",2026-08-03 08:38:00.000,
10573,Empresa FictÃ­cia 10573,"89.423.191/0001-23",2026-08-03 08:38:00.000,
10574,Empresa FictÃ­cia 10574,"89.424.208/0001-24",2026-08-03 08:38:00.000,
10575,Empresa FictÃ­cia 10575,"89.425.225/0001-25",2026-08-03 08:38:00.000,
10576,Empresa FictÃ­cia 10576,"89.426.242/0001-26",2026-08-03 08:38:00.000,
10577,Empresa FictÃ­cia 10577,"89.427.259/0001-27",2026-08-03 08:38:00.000,
10578,Empresa FictÃ­cia 10578,"89.428.276/0001-28",2026-08-03 08:38:00.000,
10579,Empresa FictÃ­cia 10579,"89.429.293/0001-29",2026-08-03 08:38:00.000,
10580,Empresa FictÃ­cia 10580,"89.430.310/0001-30",2026-08-03 08:38:00.000,
10581,Empresa FictÃ­cia 10581,"89.431.327/0001-31",2026-08-03 08:38:00.000,
10582,Empresa FictÃ­cia 10582,"89.432.344/0001-32",2026-08-03 08:38:00.000,
10583,Empresa FictÃ­cia 10583,"89.433.361/0001-33",2026-08-03 08:38:00.000,
10584,Empresa FictÃ­cia 10584,"89.434.378/0001-34",2026-08-03 08:38:00.000,
10585,Empresa FictÃ­cia 10585,"89.435.395/0001-35",2026-08-03 08:38:00.000,
10586,Empresa FictÃ­cia 10586,"89.436.412/0001-36",2026-08-03 08:38:00.000,
10587,Empresa FictÃ­cia 10587,"89.437.429/0001-37",2026-08-03 08:38:00.000,
10588,Empresa FictÃ­cia 10588,"89.438.446/0001-38",2026-08-03 08:38:00.000,
10589,Empresa FictÃ­cia 10589,"89.439.463/0001-39",2026-08-03 08:38:00.000,
10590,Empresa FictÃ­cia 10590,"89.440.480/0001-40",2026-08-03 08:38:00.000,
10591,Empresa FictÃ­cia 10591,"89.441.497/0001-41",2026-08-03 08:38:00.000,
10592,Empresa FictÃ­cia 10592,"89.442.514/0001-42",2026-08-03 08:38:00.000,
10593,Empresa FictÃ­cia 10593,"89.443.531/0001-43",2026-08-03 08:38:00.000,
10594,Empresa FictÃ­cia 10594,"89.444.548/0001-44",2026-08-03 08:38:00.000,
10595,Empresa FictÃ­cia 10595,"89.445.565/0001-45",2026-08-03 08:38:00.000,
10596,Empresa FictÃ­cia 10596,"89.446.582/0001-46",2026-08-03 08:38:00.000,
10597,Empresa FictÃ­cia 10597,"89.447.599/0001-47",2026-08-03 08:38:00.000,
10598,Empresa FictÃ­cia 10598,"89.448.616/0001-48",2026-08-03 08:38:00.000,
10599,Empresa FictÃ­cia 10599,"89.449.633/0001-49",2026-08-03 08:38:00.000,
10600,Empresa FictÃ­cia 10600,"89.450.650/0001-50",2026-08-03 08:38:00.000,
10601,Empresa FictÃ­cia 10601,"89.451.667/0001-51",2026-08-03 08:38:00.000,
10602,Empresa FictÃ­cia 10602,"89.452.684/0001-52",2026-08-03 08:38:00.000,
10603,Empresa FictÃ­cia 10603,"89.453.701/0001-53",2026-08-03 08:38:00.000,
10604,Empresa FictÃ­cia 10604,"89.454.718/0001-54",2026-08-03 08:38:00.000,
10605,Empresa FictÃ­cia 10605,"89.455.735/0001-55",2026-08-03 08:38:00.000,
10606,Empresa FictÃ­cia 10606,"89.456.752/0001-56",2026-08-03 08:38:00.000,
10607,Empresa FictÃ­cia 10607,"89.457.769/0001-57",2026-08-03 08:38:00.000,
10608,Empresa FictÃ­cia 10608,"89.458.786/0001-58",2026-08-03 08:38:00.000,
10609,Empresa FictÃ­cia 10609,"89.459.803/0001-59",2026-08-03 08:38:00.000,
10610,Empresa FictÃ­cia 10610,"89.460.820/0001-60",2026-08-03 08:38:00.000,
10611,Empresa FictÃ­cia 10611,"89.461.837/0001-61",2026-08-03 08:38:00.000,
10612,Empresa FictÃ­cia 10612,"89.462.854/0001-62",2026-08-03 08:38:00.000,
10613,Empresa FictÃ­cia 10613,"89.463.871/0001-63",2026-08-03 08:38:00.000,
10614,Empresa FictÃ­cia 10614,"89.464.888/0001-64",2026-08-03 08:38:00.000,
10615,Empresa FictÃ­cia 10615,"89.465.905/0001-65",2026-08-03 08:38:00.000,
10616,Empresa FictÃ­cia 10616,"89.466.922/0001-66",2026-08-03 08:38:00.000,
10617,Empresa FictÃ­cia 10617,"89.467.939/0001-67",2026-08-03 08:38:00.000,
10618,Empresa FictÃ­cia 10618,"89.468.956/0001-68",2026-08-03 08:38:00.000,
10619,Empresa FictÃ­cia 10619,"89.469.973/0001-69",2026-08-03 08:38:00.000,
10620,Empresa FictÃ­cia 10620,"89.470.990/0001-70",2026-08-03 08:38:00.000,
10621,Empresa FictÃ­cia 10621,"89.471.007/0001-71",2026-08-03 08:38:00.000,
10622,Empresa FictÃ­cia 10622,"89.472.024/0001-72",2026-08-03 08:38:00.000,
10623,Empresa FictÃ­cia 10623,"89.473.041/0001-73",2026-08-03 08:38:00.000,
10624,Empresa FictÃ­cia 10624,"89.474.058/0001-74",2026-08-03 08:38:00.000,
10625,Empresa FictÃ­cia 10625,"89.475.075/0001-75",2026-08-03 08:38:00.000,
10626,Empresa FictÃ­cia 10626,"89.476.092/0001-76",2026-08-03 08:38:00.000,
10627,Empresa FictÃ­cia 10627,"89.477.109/0001-77",2026-08-03 08:38:00.000,
10628,Empresa FictÃ­cia 10628,"89.478.126/0001-78",2026-08-03 08:38:00.000,
10629,Empresa FictÃ­cia 10629,"89.479.143/0001-79",2026-08-03 08:38:00.000,
10630,Empresa FictÃ­cia 10630,"89.480.160/0001-80",2026-08-03 08:38:00.000,
10631,Empresa FictÃ­cia 10631,"89.481.177/0001-81",2026-08-03 08:38:00.000,
10632,Empresa FictÃ­cia 10632,"89.482.194/0001-82",2026-08-03 08:38:00.000,
10633,Empresa FictÃ­cia 10633,"89.483.211/0001-83",2026-08-03 08:38:00.000,
10634,Empresa FictÃ­cia 10634,"89.484.228/0001-84",2026-08-03 08:38:00.000,
10635,Empresa FictÃ­cia 10635,"89.485.245/0001-85",2026-08-03 08:38:00.000,
10636,Empresa FictÃ­cia 10636,"89.486.262/0001-86",2026-08-03 08:38:00.000,
10637,Empresa FictÃ­cia 10637,"89.487.279/0001-87",2026-08-03 08:38:00.000,
10638,Empresa FictÃ­cia 10638,"89.488.296/0001-88",2026-08-03 08:38:00.000,
10639,Empresa FictÃ­cia 10639,"89.489.313/0001-89",2026-08-03 08:38:00.000,
10640,Empresa FictÃ­cia 10640,"89.490.330/0001-90",2026-08-03 08:38:00.000,
10641,Empresa FictÃ­cia 10641,"89.491.347/0001-91",2026-08-03 08:38:00.000,
10642,Empresa FictÃ­cia 10642,"89.492.364/0001-92",2026-08-03 08:38:00.000,
10643,Empresa FictÃ­cia 10643,"89.493.381/0001-93",2026-08-03 08:38:00.000,
10644,Empresa FictÃ­cia 10644,"89.494.398/0001-94",2026-08-03 08:38:00.000,
10645,Empresa FictÃ­cia 10645,"89.495.415/0001-95",2026-08-03 08:38:00.000,
10646,Empresa FictÃ­cia 10646,"89.496.432/0001-96",2026-08-03 08:38:00.000,
10647,Empresa FictÃ­cia 10647,"89.497.449/0001-97",2026-08-03 08:38:00.000,
10648,Empresa FictÃ­cia 10648,"89.498.466/0001-98",2026-08-03 08:38:00.000,
10649,Empresa FictÃ­cia 10649,"89.499.483/0001-99",2026-08-03 08:38:00.000,
10650,Empresa FictÃ­cia 10650,"89.500.500/0001-00",2026-08-03 08:38:00.000,
10651,Empresa FictÃ­cia 10651,"89.501.517/0001-01",2026-08-03 08:38:00.000,
10652,Empresa FictÃ­cia 10652,"89.502.534/0001-02",2026-08-03 08:38:00.000,
10653,Empresa FictÃ­cia 10653,"89.503.551/0001-03",2026-08-03 08:38:00.000,
10654,Empresa FictÃ­cia 10654,"89.504.568/0001-04",2026-08-03 08:38:00.000,
10655,Empresa FictÃ­cia 10655,"89.505.585/0001-05",2026-08-03 08:38:00.000,
10656,Empresa FictÃ­cia 10656,"89.506.602/0001-06",2026-08-03 08:38:00.000,
10657,Empresa FictÃ­cia 10657,"89.507.619/0001-07",2026-08-03 08:38:00.000,
10658,Empresa FictÃ­cia 10658,"89.508.636/0001-08",2026-08-03 08:38:00.000,
10659,Empresa FictÃ­cia 10659,"89.509.653/0001-09",2026-08-03 08:38:00.000,
10660,Empresa FictÃ­cia 10660,"89.510.670/0001-10",2026-08-03 08:38:00.000,
10661,Empresa FictÃ­cia 10661,"89.511.687/0001-11",2026-08-03 08:38:00.000,
10662,Empresa FictÃ­cia 10662,"89.512.704/0001-12",2026-08-03 08:38:00.000,
10663,Empresa FictÃ­cia 10663,"89.513.721/0001-13",2026-08-03 08:38:00.000,
10664,Empresa FictÃ­cia 10664,"89.514.738/0001-14",2026-08-03 08:38:00.000,
10665,Empresa FictÃ­cia 10665,"89.515.755/0001-15",2026-08-03 08:38:00.000,
10666,Empresa FictÃ­cia 10666,"89.516.772/0001-16",2026-08-03 08:38:00.000,
10667,Empresa FictÃ­cia 10667,"89.517.789/0001-17",2026-08-03 08:38:00.000,
10668,Empresa FictÃ­cia 10668,"89.518.806/0001-18",2026-08-03 08:38:00.000,
10669,Empresa FictÃ­cia 10669,"89.519.823/0001-19",2026-08-03 08:38:00.000,
10670,Empresa FictÃ­cia 10670,"89.520.840/0001-20",2026-08-03 08:38:00.000,
10671,Empresa FictÃ­cia 10671,"89.521.857/0001-21",2026-08-03 08:38:00.000,
10672,Empresa FictÃ­cia 10672,"89.522.874/0001-22",2026-08-03 08:38:00.000,
10673,Empresa FictÃ­cia 10673,"89.523.891/0001-23",2026-08-03 08:38:00.000,
10674,Empresa FictÃ­cia 10674,"89.524.908/0001-24",2026-08-03 08:38:00.000,
10675,Empresa FictÃ­cia 10675,"89.525.925/0001-25",2026-08-03 08:38:00.000,
10676,Empresa FictÃ­cia 10676,"89.526.942/0001-26",2026-08-03 08:38:00.000,
10677,Empresa FictÃ­cia 10677,"89.527.959/0001-27",2026-08-03 08:38:00.000,
10678,Empresa FictÃ­cia 10678,"89.528.976/0001-28",2026-08-03 08:38:00.000,
10679,Empresa FictÃ­cia 10679,"89.529.993/0001-29",2026-08-03 08:38:00.000,
10680,Empresa FictÃ­cia 10680,"89.530.010/0001-30",2026-08-03 08:38:00.000,
10681,Empresa FictÃ­cia 10681,"89.531.027/0001-31",2026-08-03 08:38:00.000,
10682,Empresa FictÃ­cia 10682,"89.532.044/0001-32",2026-08-03 08:38:00.000,
10683,Empresa FictÃ­cia 10683,"89.533.061/0001-33",2026-08-03 08:38:00.000,
10684,Empresa FictÃ­cia 10684,"89.534.078/0001-34",2026-08-03 08:38:00.000,
10685,Empresa FictÃ­cia 10685,"89.535.095/0001-35",2026-08-03 08:38:00.000,
10686,Empresa FictÃ­cia 10686,"89.536.112/0001-36",2026-08-03 08:38:00.000,
10687,Empresa FictÃ­cia 10687,"89.537.129/0001-37",2026-08-03 08:38:00.000,
10688,Empresa FictÃ­cia 10688,"89.538.146/0001-38",2026-08-03 08:38:00.000,
10689,Empresa FictÃ­cia 10689,"89.539.163/0001-39",2026-08-03 08:38:00.000,
10690,Empresa FictÃ­cia 10690,"89.540.180/0001-40",2026-08-03 08:38:00.000,
10691,Empresa FictÃ­cia 10691,"89.541.197/0001-41",2026-08-03 08:38:00.000,
10692,Empresa FictÃ­cia 10692,"89.542.214/0001-42",2026-08-03 08:38:00.000,
10693,Empresa FictÃ­cia 10693,"89.543.231/0001-43",2026-08-03 08:38:00.000,
10694,Empresa FictÃ­cia 10694,"89.544.248/0001-44",2026-08-03 08:38:00.000,
10695,Empresa FictÃ­cia 10695,"89.545.265/0001-45",2026-08-03 08:38:00.000,
10696,Empresa FictÃ­cia 10696,"89.546.282/0001-46",2026-08-03 08:38:00.000,
10697,Empresa FictÃ­cia 10697,"89.547.299/0001-47",2026-08-03 08:38:00.000,
10698,Empresa FictÃ­cia 10698,"89.548.316/0001-48",2026-08-03 08:38:00.000,
10699,Empresa FictÃ­cia 10699,"89.549.333/0001-49",2026-08-03 08:38:00.000,
10700,Empresa FictÃ­cia 10700,"89.550.350/0001-50",2026-08-03 08:38:00.000,
10701,Empresa FictÃ­cia 10701,"89.551.367/0001-51",2026-08-03 08:38:00.000,
10702,Empresa FictÃ­cia 10702,"89.552.384/0001-52",2026-08-03 08:38:00.000,
10703,Empresa FictÃ­cia 10703,"89.553.401/0001-53",2026-08-03 08:38:00.000,
10704,Empresa FictÃ­cia 10704,"89.554.418/0001-54",2026-08-03 08:38:00.000,
10705,Empresa FictÃ­cia 10705,"89.555.435/0001-55",2026-08-03 08:38:00.000,
10706,Empresa FictÃ­cia 10706,"89.556.452/0001-56",2026-08-03 08:38:00.000,
10707,Empresa FictÃ­cia 10707,"89.557.469/0001-57",2026-08-03 08:38:00.000,
10708,Empresa FictÃ­cia 10708,"89.558.486/0001-58",2026-08-03 08:38:00.000,
10709,Empresa FictÃ­cia 10709,"89.559.503/0001-59",2026-08-03 08:38:00.000,
10710,Empresa FictÃ­cia 10710,"89.560.520/0001-60",2026-08-03 08:38:00.000,
10711,Empresa FictÃ­cia 10711,"89.561.537/0001-61",2026-08-03 08:38:00.000,
10712,Empresa FictÃ­cia 10712,"89.562.554/0001-62",2026-08-03 08:38:00.000,
10713,Empresa FictÃ­cia 10713,"89.563.571/0001-63",2026-08-03 08:38:00.000,
10714,Empresa FictÃ­cia 10714,"89.564.588/0001-64",2026-08-03 08:38:00.000,
10715,Empresa FictÃ­cia 10715,"89.565.605/0001-65",2026-08-03 08:38:00.000,
10716,Empresa FictÃ­cia 10716,"89.566.622/0001-66",2026-08-03 08:38:00.000,
10717,Empresa FictÃ­cia 10717,"89.567.639/0001-67",2026-08-03 08:38:00.000,
10718,Empresa FictÃ­cia 10718,"89.568.656/0001-68",2026-08-03 08:38:00.000,
10719,Empresa FictÃ­cia 10719,"89.569.673/0001-69",2026-08-03 08:38:00.000,
10720,Empresa FictÃ­cia 10720,"89.570.690/0001-70",2026-08-03 08:38:00.000,
10721,Empresa FictÃ­cia 10721,"89.571.707/0001-71",2026-08-03 08:38:00.000,
10722,Empresa FictÃ­cia 10722,"89.572.724/0001-72",2026-08-03 08:38:00.000,
10723,Empresa FictÃ­cia 10723,"89.573.741/0001-73",2026-08-03 08:38:00.000,
10724,Empresa FictÃ­cia 10724,"89.574.758/0001-74",2026-08-03 08:38:00.000,
10725,Empresa FictÃ­cia 10725,"89.575.775/0001-75",2026-08-03 08:38:00.000,
10726,Empresa FictÃ­cia 10726,"89.576.792/0001-76",2026-08-03 08:38:00.000,
10727,Empresa FictÃ­cia 10727,"89.577.809/0001-77",2026-08-03 08:38:00.000,
10728,Empresa FictÃ­cia 10728,"89.578.826/0001-78",2026-08-03 08:38:00.000,
10729,Empresa FictÃ­cia 10729,"89.579.843/0001-79",2026-08-03 08:38:00.000,
10730,Empresa FictÃ­cia 10730,"89.580.860/0001-80",2026-08-03 08:38:00.000,
10731,Empresa FictÃ­cia 10731,"89.581.877/0001-81",2026-08-03 08:38:00.000,
10732,Empresa FictÃ­cia 10732,"89.582.894/0001-82",2026-08-03 08:38:00.000,
10733,Empresa FictÃ­cia 10733,"89.583.911/0001-83",2026-08-03 08:38:00.000,
10734,Empresa FictÃ­cia 10734,"89.584.928/0001-84",2026-08-03 08:38:00.000,
10735,Empresa FictÃ­cia 10735,"89.585.945/0001-85",2026-08-03 08:38:00.000,
10736,Empresa FictÃ­cia 10736,"89.586.962/0001-86",2026-08-03 08:38:00.000,
10737,Empresa FictÃ­cia 10737,"89.587.979/0001-87",2026-08-03 08:38:00.000,
10738,Empresa FictÃ­cia 10738,"89.588.996/0001-88",2026-08-03 08:38:00.000,
10739,Empresa FictÃ­cia 10739,"89.589.013/0001-89",2026-08-03 08:38:00.000,
10740,Empresa FictÃ­cia 10740,"89.590.030/0001-90",2026-08-03 08:38:00.000,
10741,Empresa FictÃ­cia 10741,"89.591.047/0001-91",2026-08-03 08:38:00.000,
10742,Empresa FictÃ­cia 10742,"89.592.064/0001-92",2026-08-03 08:38:00.000,
10743,Empresa FictÃ­cia 10743,"89.593.081/0001-93",2026-08-03 08:38:00.000,
10744,Empresa FictÃ­cia 10744,"89.594.098/0001-94",2026-08-03 08:38:00.000,
10745,Empresa FictÃ­cia 10745,"89.595.115/0001-95",2026-08-03 08:38:00.000,
10746,Empresa FictÃ­cia 10746,"89.596.132/0001-96",2026-08-03 08:38:00.000,
10747,Empresa FictÃ­cia 10747,"89.597.149/0001-97",2026-08-03 08:38:00.000,
10748,Empresa FictÃ­cia 10748,"89.598.166/0001-98",2026-08-03 08:38:00.000,
10749,Empresa FictÃ­cia 10749,"89.599.183/0001-99",2026-08-03 08:38:00.000,
10750,Empresa FictÃ­cia 10750,"89.600.200/0001-00",2026-08-03 08:38:00.000,
10751,Empresa FictÃ­cia 10751,"89.601.217/0001-01",2026-08-03 08:38:00.000,
10752,Empresa FictÃ­cia 10752,"89.602.234/0001-02",2026-08-03 08:38:00.000,
10753,Empresa FictÃ­cia 10753,"89.603.251/0001-03",2026-08-03 08:38:00.000,
10754,Empresa FictÃ­cia 10754,"89.604.268/0001-04",2026-08-03 08:38:00.000,
10755,Empresa FictÃ­cia 10755,"89.605.285/0001-05",2026-08-03 08:38:00.000,
10756,Empresa FictÃ­cia 10756,"89.606.302/0001-06",2026-08-03 08:38:00.000,
10757,Empresa FictÃ­cia 10757,"89.607.319/0001-07",2026-08-03 08:38:00.000,
10758,Empresa FictÃ­cia 10758,"89.608.336/0001-08",2026-08-03 08:38:00.000,
10759,Empresa FictÃ­cia 10759,"89.609.353/0001-09",2026-08-03 08:38:00.000,
10760,Empresa FictÃ­cia 10760,"89.610.370/0001-10",2026-08-03 08:38:00.000,
10761,Empresa FictÃ­cia 10761,"89.611.387/0001-11",2026-08-03 08:38:00.000,
10762,Empresa FictÃ­cia 10762,"89.612.404/0001-12",2026-08-03 08:38:00.000,
10763,Empresa FictÃ­cia 10763,"89.613.421/0001-13",2026-08-03 08:38:00.000,
10764,Empresa FictÃ­cia 10764,"89.614.438/0001-14",2026-08-03 08:38:00.000,
10765,Empresa FictÃ­cia 10765,"89.615.455/0001-15",2026-08-03 08:38:00.000,
10766,Empresa FictÃ­cia 10766,"89.616.472/0001-16",2026-08-03 08:38:00.000,
10767,Empresa FictÃ­cia 10767,"89.617.489/0001-17",2026-08-03 08:38:00.000,
10768,Empresa FictÃ­cia 10768,"89.618.506/0001-18",2026-08-03 08:38:00.000,
10769,Empresa FictÃ­cia 10769,"89.619.523/0001-19",2026-08-03 08:38:00.000,
10770,Empresa FictÃ­cia 10770,"89.620.540/0001-20",2026-08-03 08:38:00.000,
10771,Empresa FictÃ­cia 10771,"89.621.557/0001-21",2026-08-03 08:38:00.000,
10772,Empresa FictÃ­cia 10772,"89.622.574/0001-22",2026-08-03 08:38:00.000,
10773,Empresa FictÃ­cia 10773,"89.623.591/0001-23",2026-08-03 08:38:00.000,
10774,Empresa FictÃ­cia 10774,"89.624.608/0001-24",2026-08-03 08:38:00.000,
10775,Empresa FictÃ­cia 10775,"89.625.625/0001-25",2026-08-03 08:38:00.000,
10776,Empresa FictÃ­cia 10776,"89.626.642/0001-26",2026-08-03 08:38:00.000,
10777,Empresa FictÃ­cia 10777,"89.627.659/0001-27",2026-08-03 08:38:00.000,
10778,Empresa FictÃ­cia 10778,"89.628.676/0001-28",2026-08-03 08:38:00.000,
10779,Empresa FictÃ­cia 10779,"89.629.693/0001-29",2026-08-03 08:38:00.000,
10780,Empresa FictÃ­cia 10780,"89.630.710/0001-30",2026-08-03 08:38:00.000,
10781,Empresa FictÃ­cia 10781,"89.631.727/0001-31",2026-08-03 08:38:00.000,
10782,Empresa FictÃ­cia 10782,"89.632.744/0001-32",2026-08-03 08:38:00.000,
10783,Empresa FictÃ­cia 10783,"89.633.761/0001-33",2026-08-03 08:38:00.000,
10784,Empresa FictÃ­cia 10784,"89.634.778/0001-34",2026-08-03 08:38:00.000,
10785,Empresa FictÃ­cia 10785,"89.635.795/0001-35",2026-08-03 08:38:00.000,
10786,Empresa FictÃ­cia 10786,"89.636.812/0001-36",2026-08-03 08:38:00.000,
10787,Empresa FictÃ­cia 10787,"89.637.829/0001-37",2026-08-03 08:38:00.000,
10788,Empresa FictÃ­cia 10788,"89.638.846/0001-38",2026-08-03 08:38:00.000,
10789,Empresa FictÃ­cia 10789,"89.639.863/0001-39",2026-08-03 08:38:00.000,
10790,Empresa FictÃ­cia 10790,"89.640.880/0001-40",2026-08-03 08:38:00.000,
10791,Empresa FictÃ­cia 10791,"89.641.897/0001-41",2026-08-03 08:38:00.000,
10792,Empresa FictÃ­cia 10792,"89.642.914/0001-42",2026-08-03 08:38:00.000,
10793,Empresa FictÃ­cia 10793,"89.643.931/0001-43",2026-08-03 08:38:00.000,
10794,Empresa FictÃ­cia 10794,"89.644.948/0001-44",2026-08-03 08:38:00.000,
10795,Empresa FictÃ­cia 10795,"89.645.965/0001-45",2026-08-03 08:38:00.000,
10796,Empresa FictÃ­cia 10796,"89.646.982/0001-46",2026-08-03 08:38:00.000,
10797,Empresa FictÃ­cia 10797,"89.647.999/0001-47",2026-08-03 08:38:00.000,
10798,Empresa FictÃ­cia 10798,"89.648.016/0001-48",2026-08-03 08:38:00.000,
10799,Empresa FictÃ­cia 10799,"89.649.033/0001-49",2026-08-03 08:38:00.000,
10800,Empresa FictÃ­cia 10800,"89.650.050/0001-50",2026-08-03 08:38:00.000,
10801,Empresa FictÃ­cia 10801,"89.651.067/0001-51",2026-08-03 08:38:00.000,
10802,Empresa FictÃ­cia 10802,"89.652.084/0001-52",2026-08-03 08:38:00.000,
10803,Empresa FictÃ­cia 10803,"89.653.101/0001-53",2026-08-03 08:38:00.000,
10804,Empresa FictÃ­cia 10804,"89.654.118/0001-54",2026-08-03 08:38:00.000,
10805,Empresa FictÃ­cia 10805,"89.655.135/0001-55",2026-08-03 08:38:00.000,
10806,Empresa FictÃ­cia 10806,"89.656.152/0001-56",2026-08-03 08:38:00.000,
10807,Empresa FictÃ­cia 10807,"89.657.169/0001-57",2026-08-03 08:38:00.000,
10808,Empresa FictÃ­cia 10808,"89.658.186/0001-58",2026-08-03 08:38:00.000,
10809,Empresa FictÃ­cia 10809,"89.659.203/0001-59",2026-08-03 08:38:00.000,
10810,Empresa FictÃ­cia 10810,"89.660.220/0001-60",2026-08-03 08:38:00.000,
10811,Empresa FictÃ­cia 10811,"89.661.237/0001-61",2026-08-03 08:38:00.000,
10812,Empresa FictÃ­cia 10812,"89.662.254/0001-62",2026-08-03 08:38:00.000,
10813,Empresa FictÃ­cia 10813,"89.663.271/0001-63",2026-08-03 08:38:00.000,
10814,Empresa FictÃ­cia 10814,"89.664.288/0001-64",2026-08-03 08:38:00.000,
10815,Empresa FictÃ­cia 10815,"89.665.305/0001-65",2026-08-03 08:38:00.000,
10816,Empresa FictÃ­cia 10816,"89.666.322/0001-66",2026-08-03 08:38:00.000,
10817,Empresa FictÃ­cia 10817,"89.667.339/0001-67",2026-08-03 08:38:00.000,
10818,Empresa FictÃ­cia 10818,"89.668.356/0001-68",2026-08-03 08:38:00.000,
10819,Empresa FictÃ­cia 10819,"89.669.373/0001-69",2026-08-03 08:38:00.000,
10820,Empresa FictÃ­cia 10820,"89.670.390/0001-70",2026-08-03 08:38:00.000,
10821,Empresa FictÃ­cia 10821,"89.671.407/0001-71",2026-08-03 08:38:00.000,
10822,Empresa FictÃ­cia 10822,"89.672.424/0001-72",2026-08-03 08:38:00.000,
10823,Empresa FictÃ­cia 10823,"89.673.441/0001-73",2026-08-03 08:38:00.000,
10824,Empresa FictÃ­cia 10824,"89.674.458/0001-74",2026-08-03 08:38:00.000,
10825,Empresa FictÃ­cia 10825,"89.675.475/0001-75",2026-08-03 08:38:00.000,
10826,Empresa FictÃ­cia 10826,"89.676.492/0001-76",2026-08-03 08:38:00.000,
10827,Empresa FictÃ­cia 10827,"89.677.509/0001-77",2026-08-03 08:38:00.000,
10828,Empresa FictÃ­cia 10828,"89.678.526/0001-78",2026-08-03 08:38:00.000,
10829,Empresa FictÃ­cia 10829,"89.679.543/0001-79",2026-08-03 08:38:00.000,
10830,Empresa FictÃ­cia 10830,"89.680.560/0001-80",2026-08-03 08:38:00.000,
10831,Empresa FictÃ­cia 10831,"89.681.577/0001-81",2026-08-03 08:38:00.000,
10832,Empresa FictÃ­cia 10832,"89.682.594/0001-82",2026-08-03 08:38:00.000,
10833,Empresa FictÃ­cia 10833,"89.683.611/0001-83",2026-08-03 08:38:00.000,
10834,Empresa FictÃ­cia 10834,"89.684.628/0001-84",2026-08-03 08:38:00.000,
10835,Empresa FictÃ­cia 10835,"89.685.645/0001-85",2026-08-03 08:38:00.000,
10836,Empresa FictÃ­cia 10836,"89.686.662/0001-86",2026-08-03 08:38:00.000,
10837,Empresa FictÃ­cia 10837,"89.687.679/0001-87",2026-08-03 08:38:00.000,
10838,Empresa FictÃ­cia 10838,"89.688.696/0001-88",2026-08-03 08:38:00.000,
10839,Empresa FictÃ­cia 10839,"89.689.713/0001-89",2026-08-03 08:38:00.000,
10840,Empresa FictÃ­cia 10840,"89.690.730/0001-90",2026-08-03 08:38:00.000,
10841,Empresa FictÃ­cia 10841,"89.691.747/0001-91",2026-08-03 08:38:00.000,
10842,Empresa FictÃ­cia 10842,"89.692.764/0001-92",2026-08-03 08:38:00.000,
10843,Empresa FictÃ­cia 10843,"89.693.781/0001-93",2026-08-03 08:38:00.000,
10844,Empresa FictÃ­cia 10844,"89.694.798/0001-94",2026-08-03 08:38:00.000,
10845,Empresa FictÃ­cia 10845,"89.695.815/0001-95",2026-08-03 08:38:00.000,
10846,Empresa FictÃ­cia 10846,"89.696.832/0001-96",2026-08-03 08:38:00.000,
10847,Empresa FictÃ­cia 10847,"89.697.849/0001-97",2026-08-03 08:38:00.000,
10848,Empresa FictÃ­cia 10848,"89.698.866/0001-98",2026-08-03 08:38:00.000,
10849,Empresa FictÃ­cia 10849,"89.699.883/0001-99",2026-08-03 08:38:00.000,
10850,Empresa FictÃ­cia 10850,"89.700.900/0001-00",2026-08-03 08:38:00.000,
10851,Empresa FictÃ­cia 10851,"89.701.917/0001-01",2026-08-03 08:38:00.000,
10852,Empresa FictÃ­cia 10852,"89.702.934/0001-02",2026-08-03 08:38:00.000,
10853,Empresa FictÃ­cia 10853,"89.703.951/0001-03",2026-08-03 08:38:00.000,
10854,Empresa FictÃ­cia 10854,"89.704.968/0001-04",2026-08-03 08:38:00.000,
10855,Empresa FictÃ­cia 10855,"89.705.985/0001-05",2026-08-03 08:38:00.000,
10856,Empresa FictÃ­cia 10856,"89.706.002/0001-06",2026-08-03 08:38:00.000,
10857,Empresa FictÃ­cia 10857,"89.707.019/0001-07",2026-08-03 08:38:00.000,
10858,Empresa FictÃ­cia 10858,"89.708.036/0001-08",2026-08-03 08:38:00.000,
10859,Empresa FictÃ­cia 10859,"89.709.053/0001-09",2026-08-03 08:38:00.000,
10860,Empresa FictÃ­cia 10860,"89.710.070/0001-10",2026-08-03 08:38:00.000,
10861,Empresa FictÃ­cia 10861,"89.711.087/0001-11",2026-08-03 08:38:00.000,
10862,Empresa FictÃ­cia 10862,"89.712.104/0001-12",2026-08-03 08:38:00.000,
10863,Empresa FictÃ­cia 10863,"89.713.121/0001-13",2026-08-03 08:38:00.000,
10864,Empresa FictÃ­cia 10864,"89.714.138/0001-14",2026-08-03 08:38:00.000,
10865,Empresa FictÃ­cia 10865,"89.715.155/0001-15",2026-08-03 08:38:00.000,
10866,Empresa FictÃ­cia 10866,"89.716.172/0001-16",2026-08-03 08:38:00.000,
10867,Empresa FictÃ­cia 10867,"89.717.189/0001-17",2026-08-03 08:38:00.000,
10868,Empresa FictÃ­cia 10868,"89.718.206/0001-18",2026-08-03 08:38:00.000,
10869,Empresa FictÃ­cia 10869,"89.719.223/0001-19",2026-08-03 08:38:00.000,
10870,Empresa FictÃ­cia 10870,"89.720.240/0001-20",2026-08-03 08:38:00.000,
10871,Empresa FictÃ­cia 10871,"89.721.257/0001-21",2026-08-03 08:38:00.000,
10872,Empresa FictÃ­cia 10872,"89.722.274/0001-22",2026-08-03 08:38:00.000,
10873,Empresa FictÃ­cia 10873,"89.723.291/0001-23",2026-08-03 08:38:00.000,
10874,Empresa FictÃ­cia 10874,"89.724.308/0001-24",2026-08-03 08:38:00.000,
10875,Empresa FictÃ­cia 10875,"89.725.325/0001-25",2026-08-03 08:38:00.000,
10876,Empresa FictÃ­cia 10876,"89.726.342/0001-26",2026-08-03 08:38:00.000,
10877,Empresa FictÃ­cia 10877,"89.727.359/0001-27",2026-08-03 08:38:00.000,
10878,Empresa FictÃ­cia 10878,"89.728.376/0001-28",2026-08-03 08:38:00.000,
10879,Empresa FictÃ­cia 10879,"89.729.393/0001-29",2026-08-03 08:38:00.000,
10880,Empresa FictÃ­cia 10880,"89.730.410/0001-30",2026-08-03 08:38:00.000,
10881,Empresa FictÃ­cia 10881,"89.731.427/0001-31",2026-08-03 08:38:00.000,
10882,Empresa FictÃ­cia 10882,"89.732.444/0001-32",2026-08-03 08:38:00.000,
10883,Empresa FictÃ­cia 10883,"89.733.461/0001-33",2026-08-03 08:38:00.000,
10884,Empresa FictÃ­cia 10884,"89.734.478/0001-34",2026-08-03 08:38:00.000,
10885,Empresa FictÃ­cia 10885,"89.735.495/0001-35",2026-08-03 08:38:00.000,
10886,Empresa FictÃ­cia 10886,"89.736.512/0001-36",2026-08-03 08:38:00.000,
10887,Empresa FictÃ­cia 10887,"89.737.529/0001-37",2026-08-03 08:38:00.000,
10888,Empresa FictÃ­cia 10888,"89.738.546/0001-38",2026-08-03 08:38:00.000,
10889,Empresa FictÃ­cia 10889,"89.739.563/0001-39",2026-08-03 08:38:00.000,
10890,Empresa FictÃ­cia 10890,"89.740.580/0001-40",2026-08-03 08:38:00.000,
10891,Empresa FictÃ­cia 10891,"89.741.597/0001-41",2026-08-03 08:38:00.000,
10892,Empresa FictÃ­cia 10892,"89.742.614/0001-42",2026-08-03 08:38:00.000,
10893,Empresa FictÃ­cia 10893,"89.743.631/0001-43",2026-08-03 08:38:00.000,
10894,Empresa FictÃ­cia 10894,"89.744.648/0001-44",2026-08-03 08:38:00.000,
10895,Empresa FictÃ­cia 10895,"89.745.665/0001-45",2026-08-03 08:38:00.000,
10896,Empresa FictÃ­cia 10896,"89.746.682/0001-46",2026-08-03 08:38:00.000,
10897,Empresa FictÃ­cia 10897,"89.747.699/0001-47",2026-08-03 08:38:00.000,
10898,Empresa FictÃ­cia 10898,"89.748.716/0001-48",2026-08-03 08:38:00.000,
10899,Empresa FictÃ­cia 10899,"89.749.733/0001-49",2026-08-03 08:38:00.000,
10900,Empresa FictÃ­cia 10900,"89.750.750/0001-50",2026-08-03 08:38:00.000,
10901,Empresa FictÃ­cia 10901,"89.751.767/0001-51",2026-08-03 08:38:00.000,
10902,Empresa FictÃ­cia 10902,"89.752.784/0001-52",2026-08-03 08:38:00.000,
10903,Empresa FictÃ­cia 10903,"89.753.801/0001-53",2026-08-03 08:38:00.000,
10904,Empresa FictÃ­cia 10904,"89.754.818/0001-54",2026-08-03 08:38:00.000,
10905,Empresa FictÃ­cia 10905,"89.755.835/0001-55",2026-08-03 08:38:00.000,
10906,Empresa FictÃ­cia 10906,"89.756.852/0001-56",2026-08-03 08:38:00.000,
10907,Empresa FictÃ­cia 10907,"89.757.869/0001-57",2026-08-03 08:38:00.000,
10908,Empresa FictÃ­cia 10908,"89.758.886/0001-58",2026-08-03 08:38:00.000,
10909,Empresa FictÃ­cia 10909,"89.759.903/0001-59",2026-08-03 08:38:00.000,
10910,Empresa FictÃ­cia 10910,"89.760.920/0001-60",2026-08-03 08:38:00.000,
10911,Empresa FictÃ­cia 10911,"89.761.937/0001-61",2026-08-03 08:38:00.000,
10912,Empresa FictÃ­cia 10912,"89.762.954/0001-62",2026-08-03 08:38:00.000,
10913,Empresa FictÃ­cia 10913,"89.763.971/0001-63",2026-08-03 08:38:00.000,
10914,Empresa FictÃ­cia 10914,"89.764.988/0001-64",2026-08-03 08:38:00.000,
10915,Empresa FictÃ­cia 10915,"89.765.005/0001-65",2026-08-03 08:38:00.000,
10916,Empresa FictÃ­cia 10916,"89.766.022/0001-66",2026-08-03 08:38:00.000,
10917,Empresa FictÃ­cia 10917,"89.767.039/0001-67",2026-08-03 08:38:00.000,
10918,Empresa FictÃ­cia 10918,"89.768.056/0001-68",2026-08-03 08:38:00.000,
10919,Empresa FictÃ­cia 10919,"89.769.073/0001-69",2026-08-03 08:38:00.000,
10920,Empresa FictÃ­cia 10920,"89.770.090/0001-70",2026-08-03 08:38:00.000,
10921,Empresa FictÃ­cia 10921,"89.771.107/0001-71",2026-08-03 08:38:00.000,
10922,Empresa FictÃ­cia 10922,"89.772.124/0001-72",2026-08-03 08:38:00.000,
10923,Empresa FictÃ­cia 10923,"89.773.141/0001-73",2026-08-03 08:38:00.000,
10924,Empresa FictÃ­cia 10924,"89.774.158/0001-74",2026-08-03 08:38:00.000,
10925,Empresa FictÃ­cia 10925,"89.775.175/0001-75",2026-08-03 08:38:00.000,
10926,Empresa FictÃ­cia 10926,"89.776.192/0001-76",2026-08-03 08:38:00.000,
10927,Empresa FictÃ­cia 10927,"89.777.209/0001-77",2026-08-03 08:38:00.000,
10928,Empresa FictÃ­cia 10928,"89.778.226/0001-78",2026-08-03 08:38:00.000,
10929,Empresa FictÃ­cia 10929,"89.779.243/0001-79",2026-08-03 08:38:00.000,
10930,Empresa FictÃ­cia 10930,"89.780.260/0001-80",2026-08-03 08:38:00.000,
10931,Empresa FictÃ­cia 10931,"89.781.277/0001-81",2026-08-03 08:38:00.000,
10932,Empresa FictÃ­cia 10932,"89.782.294/0001-82",2026-08-03 08:38:00.000,
10933,Empresa FictÃ­cia 10933,"89.783.311/0001-83",2026-08-03 08:38:00.000,
10934,Empresa FictÃ­cia 10934,"89.784.328/0001-84",2026-08-03 08:38:00.000,
10935,Empresa FictÃ­cia 10935,"89.785.345/0001-85",2026-08-03 08:38:00.000,
10936,Empresa FictÃ­cia 10936,"89.786.362/0001-86",2026-08-03 08:38:00.000,
10937,Empresa FictÃ­cia 10937,"89.787.379/0001-87",2026-08-03 08:38:00.000,
10938,Empresa FictÃ­cia 10938,"89.788.396/0001-88",2026-08-03 08:38:00.000,
10939,Empresa FictÃ­cia 10939,"89.789.413/0001-89",2026-08-03 08:38:00.000,
10940,Empresa FictÃ­cia 10940,"89.790.430/0001-90",2026-08-03 08:38:00.000,
10941,Empresa FictÃ­cia 10941,"89.791.447/0001-91",2026-08-03 08:38:00.000,
10942,Empresa FictÃ­cia 10942,"89.792.464/0001-92",2026-08-03 08:38:00.000,
10943,Empresa FictÃ­cia 10943,"89.793.481/0001-93",2026-08-03 08:38:00.000,
10944,Empresa FictÃ­cia 10944,"89.794.498/0001-94",2026-08-03 08:38:00.000,
10945,Empresa FictÃ­cia 10945,"89.795.515/0001-95",2026-08-03 08:38:00.000,
10946,Empresa FictÃ­cia 10946,"89.796.532/0001-96",2026-08-03 08:38:00.000,
10947,Empresa FictÃ­cia 10947,"89.797.549/0001-97",2026-08-03 08:38:00.000,
10948,Empresa FictÃ­cia 10948,"89.798.566/0001-98",2026-08-03 08:38:00.000,
10949,Empresa FictÃ­cia 10949,"89.799.583/0001-99",2026-08-03 08:38:00.000,
10950,Empresa FictÃ­cia 10950,"89.800.600/0001-00",2026-08-03 08:38:00.000,
10951,Empresa FictÃ­cia 10951,"89.801.617/0001-01",2026-08-03 08:38:00.000,
10952,Empresa FictÃ­cia 10952,"89.802.634/0001-02",2026-08-03 08:38:00.000,
10953,Empresa FictÃ­cia 10953,"89.803.651/0001-03",2026-08-03 08:38:00.000,
10954,Empresa FictÃ­cia 10954,"89.804.668/0001-04",2026-08-03 08:38:00.000,
10955,Empresa FictÃ­cia 10955,"89.805.685/0001-05",2026-08-03 08:38:00.000,
10956,Empresa FictÃ­cia 10956,"89.806.702/0001-06",2026-08-03 08:38:00.000,
10957,Empresa FictÃ­cia 10957,"89.807.719/0001-07",2026-08-03 08:38:00.000,
10958,Empresa FictÃ­cia 10958,"89.808.736/0001-08",2026-08-03 08:38:00.000,
10959,Empresa FictÃ­cia 10959,"89.809.753/0001-09",2026-08-03 08:38:00.000,
10960,Empresa FictÃ­cia 10960,"89.810.770/0001-10",2026-08-03 08:38:00.000,
10961,Empresa FictÃ­cia 10961,"89.811.787/0001-11",2026-08-03 08:38:00.000,
10962,Empresa FictÃ­cia 10962,"89.812.804/0001-12",2026-08-03 08:38:00.000,
10963,Empresa FictÃ­cia 10963,"89.813.821/0001-13",2026-08-03 08:38:00.000,
10964,Empresa FictÃ­cia 10964,"89.814.838/0001-14",2026-08-03 08:38:00.000,
10965,Empresa FictÃ­cia 10965,"89.815.855/0001-15",2026-08-03 08:38:00.000,
10966,Empresa FictÃ­cia 10966,"89.816.872/0001-16",2026-08-03 08:38:00.000,
10967,Empresa FictÃ­cia 10967,"89.817.889/0001-17",2026-08-03 08:38:00.000,
10968,Empresa FictÃ­cia 10968,"89.818.906/0001-18",2026-08-03 08:38:00.000,
10969,Empresa FictÃ­cia 10969,"89.819.923/0001-19",2026-08-03 08:38:00.000,
10970,Empresa FictÃ­cia 10970,"89.820.940/0001-20",2026-08-03 08:38:00.000,
10971,Empresa FictÃ­cia 10971,"89.821.957/0001-21",2026-08-03 08:38:00.000,
10972,Empresa FictÃ­cia 10972,"89.822.974/0001-22",2026-08-03 08:38:00.000,
10973,Empresa FictÃ­cia 10973,"89.823.991/0001-23",2026-08-03 08:38:00.000,
10974,Empresa FictÃ­cia 10974,"89.824.008/0001-24",2026-08-03 08:38:00.000,
10975,Empresa FictÃ­cia 10975,"89.825.025/0001-25",2026-08-03 08:38:00.000,
10976,Empresa FictÃ­cia 10976,"89.826.042/0001-26",2026-08-03 08:38:00.000,
10977,Empresa FictÃ­cia 10977,"89.827.059/0001-27",2026-08-03 08:38:00.000,
10978,Empresa FictÃ­cia 10978,"89.828.076/0001-28",2026-08-03 08:38:00.000,
10979,Empresa FictÃ­cia 10979,"89.829.093/0001-29",2026-08-03 08:38:00.000,
10980,Empresa FictÃ­cia 10980,"89.830.110/0001-30",2026-08-03 08:38:00.000,
10981,Empresa FictÃ­cia 10981,"89.831.127/0001-31",2026-08-03 08:38:00.000,
10982,Empresa FictÃ­cia 10982,"89.832.144/0001-32",2026-08-03 08:38:00.000,
10983,Empresa FictÃ­cia 10983,"89.833.161/0001-33",2026-08-03 08:38:00.000,
10984,Empresa FictÃ­cia 10984,"89.834.178/0001-34",2026-08-03 08:38:00.000,
10985,Empresa FictÃ­cia 10985,"89.835.195/0001-35",2026-08-03 08:38:00.000,
10986,Empresa FictÃ­cia 10986,"89.836.212/0001-36",2026-08-03 08:38:00.000,
10987,Empresa FictÃ­cia 10987,"89.837.229/0001-37",2026-08-03 08:38:00.000,
10988,Empresa FictÃ­cia 10988,"89.838.246/0001-38",2026-08-03 08:38:00.000,
10989,Empresa FictÃ­cia 10989,"89.839.263/0001-39",2026-08-03 08:38:00.000,
10990,Empresa FictÃ­cia 10990,"89.840.280/0001-40",2026-08-03 08:38:00.000,
10991,Empresa FictÃ­cia 10991,"89.841.297/0001-41",2026-08-03 08:38:00.000,
10992,Empresa FictÃ­cia 10992,"89.842.314/0001-42",2026-08-03 08:38:00.000,
10993,Empresa FictÃ­cia 10993,"89.843.331/0001-43",2026-08-03 08:38:00.000,
10994,Empresa FictÃ­cia 10994,"89.844.348/0001-44",2026-08-03 08:38:00.000,
10995,Empresa FictÃ­cia 10995,"89.845.365/0001-45",2026-08-03 08:38:00.000,
10996,Empresa FictÃ­cia 10996,"89.846.382/0001-46",2026-08-03 08:38:00.000,
10997,Empresa FictÃ­cia 10997,"89.847.399/0001-47",2026-08-03 08:38:00.000,
10998,Empresa FictÃ­cia 10998,"89.848.416/0001-48",2026-08-03 08:38:00.000,
10999,Empresa FictÃ­cia 10999,"89.849.433/0001-49",2026-08-03 08:38:00.000,
11000,Empresa FictÃ­cia 11000,"89.850.450/0001-50",2026-08-03 08:38:00.000,
11001,Empresa FictÃ­cia 11001,"89.851.467/0001-51",2026-08-03 08:38:00.000,
11002,Empresa FictÃ­cia 11002,"89.852.484/0001-52",2026-08-03 08:38:00.000,
11003,Empresa FictÃ­cia 11003,"89.853.501/0001-53",2026-08-03 08:38:00.000,
11004,Empresa FictÃ­cia 11004,"89.854.518/0001-54",2026-08-03 08:38:00.000,
11005,Empresa FictÃ­cia 11005,"89.855.535/0001-55",2026-08-03 08:38:00.000,
11006,Empresa FictÃ­cia 11006,"89.856.552/0001-56",2026-08-03 08:38:00.000,
11007,Empresa FictÃ­cia 11007,"89.857.569/0001-57",2026-08-03 08:38:00.000,
11008,Empresa FictÃ­cia 11008,"89.858.586/0001-58",2026-08-03 08:38:00.000,
11009,Empresa FictÃ­cia 11009,"89.859.603/0001-59",2026-08-03 08:38:00.000,
11010,Empresa FictÃ­cia 11010,"89.860.620/0001-60",2026-08-03 08:38:00.000,
11011,Empresa FictÃ­cia 11011,"89.861.637/0001-61",2026-08-03 08:38:00.000,
11012,Empresa FictÃ­cia 11012,"89.862.654/0001-62",2026-08-03 08:38:00.000,
11013,Empresa FictÃ­cia 11013,"89.863.671/0001-63",2026-08-03 08:38:00.000,
11014,Empresa FictÃ­cia 11014,"89.864.688/0001-64",2026-08-03 08:38:00.000,
11015,Empresa FictÃ­cia 11015,"89.865.705/0001-65",2026-08-03 08:38:00.000,
11016,Empresa FictÃ­cia 11016,"89.866.722/0001-66",2026-08-03 08:38:00.000,
11017,Empresa FictÃ­cia 11017,"89.867.739/0001-67",2026-08-03 08:38:00.000,
11018,Empresa FictÃ­cia 11018,"89.868.756/0001-68",2026-08-03 08:38:00.000,
11019,Empresa FictÃ­cia 11019,"89.869.773/0001-69",2026-08-03 08:38:00.000,
11020,Empresa FictÃ­cia 11020,"89.870.790/0001-70",2026-08-03 08:38:00.000,
11021,Empresa FictÃ­cia 11021,"89.871.807/0001-71",2026-08-03 08:38:00.000,
11022,Empresa FictÃ­cia 11022,"89.872.824/0001-72",2026-08-03 08:38:00.000,
11023,Empresa FictÃ­cia 11023,"89.873.841/0001-73",2026-08-03 08:38:00.000,
11024,Empresa FictÃ­cia 11024,"89.874.858/0001-74",2026-08-03 08:38:00.000,
11025,Empresa FictÃ­cia 11025,"89.875.875/0001-75",2026-08-03 08:38:00.000,
11026,Empresa FictÃ­cia 11026,"89.876.892/0001-76",2026-08-03 08:38:00.000,
11027,Empresa FictÃ­cia 11027,"89.877.909/0001-77",2026-08-03 08:38:00.000,
11028,Empresa FictÃ­cia 11028,"89.878.926/0001-78",2026-08-03 08:38:00.000,
11029,Empresa FictÃ­cia 11029,"89.879.943/0001-79",2026-08-03 08:38:00.000,
11030,Empresa FictÃ­cia 11030,"89.880.960/0001-80",2026-08-03 08:38:00.000,
11031,Empresa FictÃ­cia 11031,"89.881.977/0001-81",2026-08-03 08:38:00.000,
11032,Empresa FictÃ­cia 11032,"89.882.994/0001-82",2026-08-03 08:38:00.000,
11033,Empresa FictÃ­cia 11033,"89.883.011/0001-83",2026-08-03 08:38:00.000,
11034,Empresa FictÃ­cia 11034,"89.884.028/0001-84",2026-08-03 08:38:00.000,
11035,Empresa FictÃ­cia 11035,"89.885.045/0001-85",2026-08-03 08:38:00.000,
11036,Empresa FictÃ­cia 11036,"89.886.062/0001-86",2026-08-03 08:38:00.000,
11037,Empresa FictÃ­cia 11037,"89.887.079/0001-87",2026-08-03 08:38:00.000,
11038,Empresa FictÃ­cia 11038,"89.888.096/0001-88",2026-08-03 08:38:00.000,
11039,Empresa FictÃ­cia 11039,"89.889.113/0001-89",2026-08-03 08:38:00.000,
11040,Empresa FictÃ­cia 11040,"89.890.130/0001-90",2026-08-03 08:38:00.000,
11041,Empresa FictÃ­cia 11041,"89.891.147/0001-91",2026-08-03 08:38:00.000,
11042,Empresa FictÃ­cia 11042,"89.892.164/0001-92",2026-08-03 08:38:00.000,
11043,Empresa FictÃ­cia 11043,"89.893.181/0001-93",2026-08-03 08:38:00.000,
11044,Empresa FictÃ­cia 11044,"89.894.198/0001-94",2026-08-03 08:38:00.000,
11045,Empresa FictÃ­cia 11045,"89.895.215/0001-95",2026-08-03 08:38:00.000,
11046,Empresa FictÃ­cia 11046,"89.896.232/0001-96",2026-08-03 08:38:00.000,
11047,Empresa FictÃ­cia 11047,"89.897.249/0001-97",2026-08-03 08:38:00.000,
11048,Empresa FictÃ­cia 11048,"89.898.266/0001-98",2026-08-03 08:38:00.000,
11049,Empresa FictÃ­cia 11049,"89.899.283/0001-99",2026-08-03 08:38:00.000,
11050,Empresa FictÃ­cia 11050,"89.900.300/0001-00",2026-08-03 08:38:00.000,
11051,Empresa FictÃ­cia 11051,"89.901.317/0001-01",2026-08-03 08:38:00.000,
11052,Empresa FictÃ­cia 11052,"89.902.334/0001-02",2026-08-03 08:38:00.000,
11053,Empresa FictÃ­cia 11053,"89.903.351/0001-03",2026-08-03 08:38:00.000,
11054,Empresa FictÃ­cia 11054,"89.904.368/0001-04",2026-08-03 08:38:00.000,
11055,Empresa FictÃ­cia 11055,"89.905.385/0001-05",2026-08-03 08:38:00.000,
11056,Empresa FictÃ­cia 11056,"89.906.402/0001-06",2026-08-03 08:38:00.000,
11057,Empresa FictÃ­cia 11057,"89.907.419/0001-07",2026-08-03 08:38:00.000,
11058,Empresa FictÃ­cia 11058,"89.908.436/0001-08",2026-08-03 08:38:00.000,
11059,Empresa FictÃ­cia 11059,"89.909.453/0001-09",2026-08-03 08:38:00.000,
11060,Empresa FictÃ­cia 11060,"89.910.470/0001-10",2026-08-03 08:38:00.000,
11061,Empresa FictÃ­cia 11061,"89.911.487/0001-11",2026-08-03 08:38:00.000,
11062,Empresa FictÃ­cia 11062,"89.912.504/0001-12",2026-08-03 08:38:00.000,
11063,Empresa FictÃ­cia 11063,"89.913.521/0001-13",2026-08-03 08:38:00.000,
11064,Empresa FictÃ­cia 11064,"89.914.538/0001-14",2026-08-03 08:38:00.000,
11065,Empresa FictÃ­cia 11065,"89.915.555/0001-15",2026-08-03 08:38:00.000,
11066,Empresa FictÃ­cia 11066,"89.916.572/0001-16",2026-08-03 08:38:00.000,
11067,Empresa FictÃ­cia 11067,"89.917.589/0001-17",2026-08-03 08:38:00.000,
11068,Empresa FictÃ­cia 11068,"89.918.606/0001-18",2026-08-03 08:38:00.000,
11069,Empresa FictÃ­cia 11069,"89.919.623/0001-19",2026-08-03 08:38:00.000,
11070,Empresa FictÃ­cia 11070,"89.920.640/0001-20",2026-08-03 08:38:00.000,
11071,Empresa FictÃ­cia 11071,"89.921.657/0001-21",2026-08-03 08:38:00.000,
11072,Empresa FictÃ­cia 11072,"89.922.674/0001-22",2026-08-03 08:38:00.000,
11073,Empresa FictÃ­cia 11073,"89.923.691/0001-23",2026-08-03 08:38:00.000,
11074,Empresa FictÃ­cia 11074,"89.924.708/0001-24",2026-08-03 08:38:00.000,
11075,Empresa FictÃ­cia 11075,"89.925.725/0001-25",2026-08-03 08:38:00.000,
11076,Empresa FictÃ­cia 11076,"89.926.742/0001-26",2026-08-03 08:38:00.000,
11077,Empresa FictÃ­cia 11077,"89.927.759/0001-27",2026-08-03 08:38:00.000,
11078,Empresa FictÃ­cia 11078,"89.928.776/0001-28",2026-08-03 08:38:00.000,
11079,Empresa FictÃ­cia 11079,"89.929.793/0001-29",2026-08-03 08:38:00.000,
11080,Empresa FictÃ­cia 11080,"89.930.810/0001-30",2026-08-03 08:38:00.000,
11081,Empresa FictÃ­cia 11081,"89.931.827/0001-31",2026-08-03 08:38:00.000,
11082,Empresa FictÃ­cia 11082,"89.932.844/0001-32",2026-08-03 08:38:00.000,
11083,Empresa FictÃ­cia 11083,"89.933.861/0001-33",2026-08-03 08:38:00.000,
11084,Empresa FictÃ­cia 11084,"89.934.878/0001-34",2026-08-03 08:38:00.000,
11085,Empresa FictÃ­cia 11085,"89.935.895/0001-35",2026-08-03 08:38:00.000,
11086,Empresa FictÃ­cia 11086,"89.936.912/0001-36",2026-08-03 08:38:00.000,
11087,Empresa FictÃ­cia 11087,"89.937.929/0001-37",2026-08-03 08:38:00.000,
11088,Empresa FictÃ­cia 11088,"89.938.946/0001-38",2026-08-03 08:38:00.000,
11089,Empresa FictÃ­cia 11089,"89.939.963/0001-39",2026-08-03 08:38:00.000,
11090,Empresa FictÃ­cia 11090,"89.940.980/0001-40",2026-08-03 08:38:00.000,
11091,Empresa FictÃ­cia 11091,"89.941.997/0001-41",2026-08-03 08:38:00.000,
11092,Empresa FictÃ­cia 11092,"89.942.014/0001-42",2026-08-03 08:38:00.000,
11093,Empresa FictÃ­cia 11093,"89.943.031/0001-43",2026-08-03 08:38:00.000,
11094,Empresa FictÃ­cia 11094,"89.944.048/0001-44",2026-08-03 08:38:00.000,
11095,Empresa FictÃ­cia 11095,"89.945.065/0001-45",2026-08-03 08:38:00.000,
11096,Empresa FictÃ­cia 11096,"89.946.082/0001-46",2026-08-03 08:38:00.000,
11097,Empresa FictÃ­cia 11097,"89.947.099/0001-47",2026-08-03 08:38:00.000,
11098,Empresa FictÃ­cia 11098,"89.948.116/0001-48",2026-08-03 08:38:00.000,
11099,Empresa FictÃ­cia 11099,"89.949.133/0001-49",2026-08-03 08:38:00.000,
11100,Empresa FictÃ­cia 11100,"89.950.150/0001-50",2026-08-03 08:38:00.000,
11101,Empresa FictÃ­cia 11101,"89.951.167/0001-51",2026-08-03 08:38:00.000,
11102,Empresa FictÃ­cia 11102,"89.952.184/0001-52",2026-08-03 08:38:00.000,
11103,Empresa FictÃ­cia 11103,"89.953.201/0001-53",2026-08-03 08:38:00.000,
11104,Empresa FictÃ­cia 11104,"89.954.218/0001-54",2026-08-03 08:38:00.000,
11105,Empresa FictÃ­cia 11105,"89.955.235/0001-55",2026-08-03 08:38:00.000,
11106,Empresa FictÃ­cia 11106,"89.956.252/0001-56",2026-08-03 08:38:00.000,
11107,Empresa FictÃ­cia 11107,"89.957.269/0001-57",2026-08-03 08:38:00.000,
11108,Empresa FictÃ­cia 11108,"89.958.286/0001-58",2026-08-03 08:38:00.000,
11109,Empresa FictÃ­cia 11109,"89.959.303/0001-59",2026-08-03 08:38:00.000,
11110,Empresa FictÃ­cia 11110,"89.960.320/0001-60",2026-08-03 08:38:00.000,
11111,Empresa FictÃ­cia 11111,"89.961.337/0001-61",2026-08-03 08:38:00.000,
11112,Empresa FictÃ­cia 11112,"89.962.354/0001-62",2026-08-03 08:38:00.000,
11113,Empresa FictÃ­cia 11113,"89.963.371/0001-63",2026-08-03 08:38:00.000,
11114,Empresa FictÃ­cia 11114,"89.964.388/0001-64",2026-08-03 08:38:00.000,
11115,Empresa FictÃ­cia 11115,"89.965.405/0001-65",2026-08-03 08:38:00.000,
11116,Empresa FictÃ­cia 11116,"89.966.422/0001-66",2026-08-03 08:38:00.000,
11117,Empresa FictÃ­cia 11117,"89.967.439/0001-67",2026-08-03 08:38:00.000,
11118,Empresa FictÃ­cia 11118,"89.968.456/0001-68",2026-08-03 08:38:00.000,
11119,Empresa FictÃ­cia 11119,"89.969.473/0001-69",2026-08-03 08:38:00.000,
11120,Empresa FictÃ­cia 11120,"89.970.490/0001-70",2026-08-03 08:38:00.000,
11121,Empresa FictÃ­cia 11121,"89.971.507/0001-71",2026-08-03 08:38:00.000,
11122,Empresa FictÃ­cia 11122,"89.972.524/0001-72",2026-08-03 08:38:00.000,
11123,Empresa FictÃ­cia 11123,"89.973.541/0001-73",2026-08-03 08:38:00.000,
11124,Empresa FictÃ­cia 11124,"89.974.558/0001-74",2026-08-03 08:38:00.000,
11125,Empresa FictÃ­cia 11125,"89.975.575/0001-75",2026-08-03 08:38:00.000,
11126,Empresa FictÃ­cia 11126,"89.976.592/0001-76",2026-08-03 08:38:00.000,
11127,Empresa FictÃ­cia 11127,"89.977.609/0001-77",2026-08-03 08:38:00.000,
11128,Empresa FictÃ­cia 11128,"89.978.626/0001-78",2026-08-03 08:38:00.000,
11129,Empresa FictÃ­cia 11129,"89.979.643/0001-79",2026-08-03 08:38:00.000,
11130,Empresa FictÃ­cia 11130,"89.980.660/0001-80",2026-08-03 08:38:00.000,
11131,Empresa FictÃ­cia 11131,"89.981.677/0001-81",2026-08-03 08:38:00.000,
11132,Empresa FictÃ­cia 11132,"89.982.694/0001-82",2026-08-03 08:38:00.000,
11133,Empresa FictÃ­cia 11133,"89.983.711/0001-83",2026-08-03 08:38:00.000,
11134,Empresa FictÃ­cia 11134,"89.984.728/0001-84",2026-08-03 08:38:00.000,
11135,Empresa FictÃ­cia 11135,"89.985.745/0001-85",2026-08-03 08:38:00.000,
11136,Empresa FictÃ­cia 11136,"89.986.762/0001-86",2026-08-03 08:38:00.000,
11137,Empresa FictÃ­cia 11137,"89.987.779/0001-87",2026-08-03 08:38:00.000,
11138,Empresa FictÃ­cia 11138,"89.988.796/0001-88",2026-08-03 08:38:00.000,
11139,Empresa FictÃ­cia 11139,"89.989.813/0001-89",2026-08-03 08:38:00.000,
11140,Empresa FictÃ­cia 11140,"89.990.830/0001-90",2026-08-03 08:38:00.000,
11141,Empresa FictÃ­cia 11141,"89.991.847/0001-91",2026-08-03 08:38:00.000,
11142,Empresa FictÃ­cia 11142,"89.992.864/0001-92",2026-08-03 08:38:00.000,
11143,Empresa FictÃ­cia 11143,"89.993.881/0001-93",2026-08-03 08:38:00.000,
11144,Empresa FictÃ­cia 11144,"89.994.898/0001-94",2026-08-03 08:38:00.000,
11145,Empresa FictÃ­cia 11145,"89.995.915/0001-95",2026-08-03 08:38:00.000,
11146,Empresa FictÃ­cia 11146,"89.996.932/0001-96",2026-08-03 08:38:00.000,
11147,Empresa FictÃ­cia 11147,"89.997.949/0001-97",2026-08-03 08:38:00.000,
11148,Empresa FictÃ­cia 11148,"89.998.966/0001-98",2026-08-03 08:38:00.000,
11149,Empresa FictÃ­cia 11149,"89.999.983/0001-99",2026-08-03 08:38:00.000,
